shipment_id,pickup_date,delivery_date,origin_zip,dest_zip,weight_lbs,linehaul_revenue,cost,bill_received_date
NWF26060100001,2026-06-01,2026-06-08,77002,98108,1934,1782.59,1515.45,2026-06-09
NWF26060100002,2026-06-01,2026-06-03,46204,55401,3322,1192.27,979.66,2026-06-04
NWF26060100003,2026-06-01,2026-06-02,60607,46204,1436,408.82,315.33,2026-06-04
NWF26060100004,2026-06-01,2026-06-03,19104,37203,1689,709.18,629.59,2026-06-05
NWF26060100005,2026-06-01,2026-06-04,19104,37203,2313,856.81,815.69,2026-06-05
NWF26060100006,2026-06-01,2026-06-08,48226,85004,1015,871.3,839.32,2026-06-10
NWF26060100007,2026-06-01,2026-06-02,60607,46204,644,173.49,131.66,2026-06-09
NWF26060100008,2026-06-01,2026-06-09,19104,90021,1094,1134.93,1046.68,2026-06-11
NWF26060100009,2026-06-01,2026-06-04,48226,80202,1483,890.59,827.5,2026-06-04
NWF26060100010,2026-06-01,2026-06-09,98108,46204,2754,2836.74,2442.97,2026-06-10
NWF26060100011,2026-06-01,2026-06-04,30303,48226,297,125.0,117.62,2026-06-04
NWF26060100012,2026-06-01,2026-06-04,46204,55401,5156,1827.14,1406.49,2026-06-04
NWF26060100013,2026-06-01,2026-06-03,55401,84101,12000,7664.02,6679.52,2026-06-04
NWF26060100014,2026-06-01,2026-06-03,75201,60607,2652,1637.03,1363.5,2026-06-05
NWF26060100015,2026-06-01,2026-06-08,77002,98108,2932,2336.66,1923.46,2026-06-09
NWF26060100016,2026-06-01,2026-06-09,98108,07105,643,759.97,577.5,2026-06-11
NWF26060100017,2026-06-01,2026-06-03,55401,75201,724,410.54,289.62,2026-06-04
NWF26060100018,2026-06-01,2026-06-02,37203,64105,3329,1280.81,1216.34,2026-06-12
NWF26060100019,2026-06-01,2026-06-05,84101,55401,1369,786.83,636.45,2026-06-07
NWF26060100020,2026-06-01,2026-06-04,30303,84101,1329,1150.33,813.92,2026-06-06
NWF26060100021,2026-06-01,2026-06-03,80202,64105,1756,653.8,466.87,2026-06-04
NWF26060100022,2026-06-01,2026-06-09,19104,90021,2494,2711.65,2529.81,2026-06-10
NWF26060100023,2026-06-01,2026-06-03,80202,64105,777,307.93,271.74,2026-06-03
NWF26060100024,2026-06-01,2026-06-04,75201,60607,1742,1019.92,746.61,2026-06-06
NWF26060100025,2026-06-01,2026-06-05,30303,85004,886,702.6,633.14,2026-06-06
NWF26060100026,2026-06-01,2026-06-04,84101,64105,543,287.6,278.48,2026-06-04
NWF26060100027,2026-06-01,2026-06-02,60607,46204,2548,742.64,582.56,2026-06-04
NWF26060100028,2026-06-01,2026-06-05,55401,84101,970,559.66,471.05,2026-06-06
NWF26060100029,2026-06-01,2026-06-04,84101,64105,6538,3301.04,2988.97,2026-06-06
NWF26060100030,2026-06-01,2026-06-08,98108,46204,1549,1462.07,1322.72,2026-06-08
NWF26060100031,2026-06-01,2026-06-09,77002,98108,1068,910.52,807.71,2026-06-10
NWF26060100032,2026-06-01,2026-06-03,46204,55401,198,125.0,118.31,2026-06-05
NWF26060100033,2026-06-01,2026-06-04,80202,64105,2527,997.09,890.77,2026-06-05
NWF26060100034,2026-06-01,2026-06-05,55401,84101,683,420.06,330.06,2026-06-07
NWF26060100035,2026-06-01,2026-06-03,55401,46204,936,303.58,272.25,2026-06-03
NWF26060100036,2026-06-01,2026-06-03,75201,37203,866,435.32,397.63,2026-06-05
NWF26060100037,2026-06-01,2026-06-04,75201,84101,1467,855.36,645.25,2026-06-13
NWF26060100038,2026-06-01,2026-06-03,80202,64105,1493,613.31,524.34,2026-06-05
NWF26060100039,2026-06-01,2026-06-08,46204,97209,1268,1107.79,921.05,2026-06-08
NWF26060100040,2026-06-01,2026-06-04,30303,85004,432,318.33,284.02,2026-06-05
NWF26060100041,2026-06-01,2026-06-03,80202,60607,640,327.35,283.78,2026-06-04
NWF26060100042,2026-06-01,2026-06-03,55401,75201,797,455.58,357.86,2026-06-05
NWF26060100043,2026-06-01,2026-06-03,80202,60607,3666,1817.29,1313.41,2026-06-03
NWF26060100044,2026-06-01,2026-06-09,30303,98108,934,941.47,667.63,2026-06-11
NWF26060100045,2026-06-01,2026-06-08,46204,97209,649,532.41,490.65,2026-06-09
NWF26060100046,2026-06-01,2026-06-04,84101,64105,898,437.8,323.89,2026-06-06
NWF26060100047,2026-06-01,2026-06-04,84101,55401,1599,852.42,761.07,2026-06-06
NWF26060100048,2026-06-01,2026-06-05,64105,98108,1131,835.93,757.07,2026-06-05
NWF26060100049,2026-06-01,2026-06-03,64105,30303,7779,4158.3,2934.97,2026-06-05
NWF26060100050,2026-06-01,2026-06-02,30303,19104,2720,1169.45,1118.58,2026-06-03
NWF26060100051,2026-06-01,2026-06-02,60607,46204,1382,375.73,298.08,2026-06-03
NWF26060100052,2026-06-01,2026-06-03,55401,48226,1374,623.77,637.5,2026-06-04
NWF26060100053,2026-06-01,2026-06-04,75201,37203,3591,1632.47,1379.7,2026-06-06
NWF26060100054,2026-06-01,2026-06-03,46204,38103,604,211.74,165.3,2026-06-11
NWF26060100055,2026-06-01,2026-06-03,80202,64105,3406,1331.55,1467.36,2026-06-03
NWF26060100056,2026-06-01,2026-06-05,55401,75201,1389,724.4,562.54,2026-06-05
NWF26060100057,2026-06-01,2026-06-04,55401,75201,766,406.71,369.68,2026-06-05
NWF26060100058,2026-06-01,2026-06-02,90021,97209,2925,1521.91,1798.16,2026-06-04
NWF26060100059,2026-06-01,2026-06-02,75201,80202,1376,704.12,560.93,2026-06-03
NWF26060100060,2026-06-01,2026-06-05,55401,75201,1035,560.1,481.75,2026-06-05
NWF26060100061,2026-06-01,2026-06-09,19104,90021,912,921.59,900.17,2026-06-10
NWF26060100062,2026-06-01,2026-06-03,37203,75201,1083,458.23,333.56,2026-06-05
NWF26060100063,2026-06-01,2026-06-02,07105,19104,594,138.59,100.13,2026-06-03
NWF26060100064,2026-06-01,2026-06-03,37203,75201,6569,2593.74,2208.53,2026-06-05
NWF26060100065,2026-06-01,2026-06-04,84101,75201,959,572.37,557.45,2026-06-05
NWF26060100066,2026-06-01,2026-06-08,30303,84101,1084,889.95,730.28,2026-06-10
NWF26060100067,2026-06-01,2026-06-05,84101,75201,822,546.08,440.75,2026-06-07
NWF26060100068,2026-06-01,2026-06-02,07105,19104,1303,295.19,207.41,2026-06-04
NWF26060100069,2026-06-01,2026-06-08,64105,98108,1286,969.88,910.65,2026-06-10
NWF26060100070,2026-06-01,2026-06-08,90021,46204,551,436.08,406.6,2026-06-10
NWF26060100071,2026-06-01,2026-06-08,46204,97209,2288,2088.68,1590.16,2026-06-10
NWF26060100072,2026-06-01,2026-06-04,84101,55401,4422,2363.68,1718.88,2026-06-05
NWF26060100073,2026-06-01,2026-06-05,55401,84101,510,279.8,267.13,2026-06-05
NWF26060100074,2026-06-01,2026-06-04,46204,55401,967,359.42,268.15,2026-06-05
NWF26060100075,2026-06-01,2026-06-05,84101,55401,1090,686.44,507.56,2026-06-07
NWF26060100076,2026-06-01,2026-06-08,90021,46204,1535,1389.71,1234.42,2026-06-08
NWF26060100077,2026-06-01,2026-06-04,84101,75201,1263,893.85,707.79,2026-06-06
NWF26060100078,2026-06-01,2026-06-04,77002,85004,3131,1718.13,1269.93,2026-06-05
NWF26060100079,2026-06-01,2026-06-02,75201,37203,637,310.85,249.88,2026-06-03
NWF26060100080,2026-06-01,2026-06-02,60607,46204,5027,1442.17,1388.72,2026-06-02
NWF26060100081,2026-06-01,2026-06-04,55401,75201,12000,6070.62,4926.18,2026-06-05
NWF26060100082,2026-06-01,2026-06-04,80202,60607,467,265.82,189.84,2026-06-06
NWF26060100083,2026-06-01,2026-06-03,64105,30303,3864,2065.22,1915.81,2026-06-05
NWF26060100084,2026-06-01,2026-06-03,80202,64105,2488,864.42,665.76,2026-06-03
NWF26060100085,2026-06-01,2026-06-04,80202,64105,2360,854.26,639.66,2026-06-06
NWF26060100086,2026-06-01,2026-06-04,84101,64105,472,234.77,203.36,2026-06-06
NWF26060100087,2026-06-01,2026-06-04,30303,19104,1478,674.01,483.29,2026-06-05
NWF26060100088,2026-06-01,2026-06-04,84101,75201,1207,717.74,518.65,2026-06-04
NWF26060100089,2026-06-01,2026-06-04,84101,97209,2097,989.38,968.1,2026-06-06
NWF26060100090,2026-06-01,2026-06-03,60607,46204,5603,1655.59,1493.07,2026-06-03
NWF26060200091,2026-06-02,2026-06-04,55401,48226,2955,1431.61,1127.41,2026-06-05
NWF26060200092,2026-06-02,2026-06-04,37203,75201,2279,828.28,599.6,2026-06-04
NWF26060200093,2026-06-02,2026-06-09,64105,98108,1835,1215.39,892.37,2026-06-11
NWF26060200094,2026-06-02,2026-06-05,30303,19104,916,351.94,296.36,2026-06-05
NWF26060200095,2026-06-02,2026-06-05,75201,60607,880,478.07,371.94,2026-06-07
NWF26060200096,2026-06-02,2026-06-05,55401,07105,4337,2486.88,1759.1,2026-06-05
NWF26060200097,2026-06-02,2026-06-03,46204,55401,2093,788.91,553.58,2026-06-05
NWF26060200098,2026-06-02,2026-06-05,30303,48226,366,127.09,115.51,2026-06-06
NWF26060200099,2026-06-02,2026-06-10,98108,07105,737,987.89,848.53,2026-06-10
NWF26060200100,2026-06-02,2026-06-11,30303,98108,2299,2225.15,1970.02,2026-06-12
NWF26060200101,2026-06-02,2026-06-05,84101,97209,2077,1001.21,780.25,2026-06-07
NWF26060200102,2026-06-02,2026-06-05,84101,75201,498,330.18,231.84,2026-06-05
NWF26060200103,2026-06-02,2026-06-03,90021,97209,1008,495.68,406.74,2026-06-10
NWF26060200104,2026-06-02,2026-06-05,64105,30303,1784,909.98,738.15,2026-06-05
NWF26060200105,2026-06-02,2026-06-05,55401,75201,602,308.97,251.27,2026-06-05
NWF26060200106,2026-06-02,2026-06-09,48226,85004,4367,3953.79,3168.25,2026-06-09
NWF26060200107,2026-06-02,2026-06-03,46204,38103,1207,490.7,445.96,2026-06-11
NWF26060200108,2026-06-02,2026-06-04,55401,46204,474,172.04,137.26,2026-06-04
NWF26060200109,2026-06-02,2026-06-08,84101,64105,933,444.1,405.27,2026-06-09
NWF26060200110,2026-06-02,2026-06-04,84101,55401,2674,1672.04,1434.71,2026-06-05
NWF26060200111,2026-06-02,2026-06-09,46204,97209,1719,1352.11,1113.89,2026-06-11
NWF26060200112,2026-06-02,2026-06-09,90021,48226,1420,1618.0,1158.37,2026-06-11
NWF26060200113,2026-06-02,2026-06-09,46204,97209,4968,4283.0,3553.0,2026-06-10
NWF26060200114,2026-06-02,2026-06-08,80202,30303,1580,1025.98,862.22,2026-06-08
NWF26060200115,2026-06-02,2026-06-08,98108,46204,279,242.19,217.52,2026-06-10
NWF26060200116,2026-06-02,2026-06-03,60607,46204,143,125.0,114.61,2026-06-05
NWF26060200117,2026-06-02,2026-06-10,19104,97209,1970,2361.52,2087.2,2026-06-11
NWF26060200118,2026-06-02,2026-06-05,48226,80202,656,420.59,309.6,2026-06-06
NWF26060200119,2026-06-02,2026-06-05,64105,98108,1877,1191.25,1068.3,2026-06-05
NWF26060200120,2026-06-02,2026-06-11,19104,97209,1187,1324.54,994.03,2026-06-11
NWF26060200121,2026-06-02,2026-06-03,64105,30303,536,260.83,210.1,2026-06-03
NWF26060200122,2026-06-02,2026-06-08,84101,55401,522,314.09,305.14,2026-06-08
NWF26060200123,2026-06-02,2026-06-03,55401,46204,357,125.0,116.73,2026-06-04
NWF26060200124,2026-06-02,2026-06-04,55401,75201,862,451.22,437.94,2026-06-04
NWF26060200125,2026-06-02,2026-06-08,46204,97209,428,358.97,345.19,2026-06-08
NWF26060200126,2026-06-02,2026-06-05,07105,55401,2300,1712.91,1269.71,2026-06-06
NWF26060200127,2026-06-02,2026-06-10,90021,19104,3842,4151.09,3340.42,2026-06-11
NWF26060200128,2026-06-02,2026-06-04,64105,30303,1062,581.93,461.99,2026-06-05
NWF26060200129,2026-06-02,2026-06-04,19104,37203,1119,471.36,391.87,2026-06-04
NWF26060200130,2026-06-02,2026-06-08,30303,85004,3878,2942.16,2494.3,2026-06-08
NWF26060200131,2026-06-02,2026-06-11,19104,90021,480,526.05,435.57,2026-06-13
NWF26060200132,2026-06-02,2026-06-03,55401,46204,2143,750.85,817.08,2026-06-04
NWF26060200133,2026-06-02,2026-06-03,46204,55401,2272,860.05,831.63,2026-06-05
NWF26060200134,2026-06-02,2026-06-04,80202,64105,1092,429.98,343.98,2026-06-06
NWF26060200135,2026-06-02,2026-06-10,19104,97209,381,459.6,338.89,2026-06-12
NWF26060200136,2026-06-02,2026-06-04,46204,55401,2863,1158.42,1015.8,2026-06-06
NWF26060200137,2026-06-02,2026-06-03,90021,97209,1289,576.33,710.81,2026-06-04
NWF26060200138,2026-06-02,2026-06-09,90021,30303,1515,1573.28,1185.48,2026-06-11
NWF26060200139,2026-06-02,2026-06-11,98108,07105,619,847.43,769.58,2026-06-12
NWF26060200140,2026-06-02,2026-06-08,55401,07105,1385,837.66,708.16,2026-06-17
NWF26060200141,2026-06-02,2026-06-04,46204,38103,1021,373.15,292.09,2026-06-04
NWF26060200142,2026-06-02,2026-06-08,80202,19104,1131,920.74,735.41,2026-06-16
NWF26060200143,2026-06-02,2026-06-05,46204,77002,1883,1201.83,1069.91,2026-06-07
NWF26060200144,2026-06-02,2026-06-04,84101,75201,1270,782.03,688.69,2026-06-04
NWF26060200145,2026-06-02,2026-06-03,60607,46204,667,189.79,160.99,2026-06-03
NWF26060200146,2026-06-02,2026-06-04,37203,75201,1855,678.08,621.79,2026-06-06
NWF26060200147,2026-06-02,2026-06-08,07105,55401,4305,2741.88,2574.06,2026-06-08
NWF26060300148,2026-06-03,2026-06-10,90021,30303,3094,3088.69,2413.2,2026-06-12
NWF26060300149,2026-06-03,2026-06-04,37203,46204,1952,472.2,360.19,2026-06-04
NWF26060300150,2026-06-03,2026-06-08,55401,84101,559,334.52,291.48,2026-06-09
NWF26060300151,2026-06-03,2026-06-05,75201,80202,2637,1411.15,1313.13,2026-06-07
NWF26060300152,2026-06-03,2026-06-04,46204,19104,1270,555.12,517.44,2026-06-04
NWF26060300153,2026-06-03,2026-06-05,90021,97209,502,265.17,247.35,2026-06-05
NWF26060300154,2026-06-03,2026-06-09,30303,84101,3024,2783.64,2352.99,2026-06-10
NWF26060300155,2026-06-03,2026-06-05,46204,55401,3319,1324.73,1155.22,2026-06-07
NWF26060300156,2026-06-03,2026-06-08,55401,98108,348,257.18,223.61,2026-06-08
NWF26060300157,2026-06-03,2026-06-08,77002,85004,2214,1275.03,1166.34,2026-06-09
NWF26060300158,2026-06-03,2026-06-12,90021,19104,1667,1766.4,1357.6,2026-06-13
NWF26060300159,2026-06-03,2026-06-08,55401,75201,1903,973.98,808.45,2026-06-09
NWF26060300160,2026-06-03,2026-06-10,46204,97209,983,890.38,751.66,2026-06-11
NWF26060300161,2026-06-03,2026-06-08,75201,37203,1291,586.43,565.73,2026-06-08
NWF26060300162,2026-06-03,2026-06-08,37203,75201,843,366.76,304.67,2026-06-08
NWF26060300163,2026-06-03,2026-06-05,80202,60607,1068,526.76,563.82,2026-06-07
NWF26060300164,2026-06-03,2026-06-05,84101,75201,840,535.52,381.65,2026-06-05
NWF26060300165,2026-06-03,2026-06-09,90021,46204,872,755.51,645.18,2026-06-11
NWF26060300166,2026-06-03,2026-06-04,60607,46204,1586,413.07,358.83,2026-06-04
NWF26060300167,2026-06-03,2026-06-05,30303,19104,6245,2616.11,1940.38,2026-06-06
NWF26060300168,2026-06-03,2026-06-04,19104,37203,928,380.32,355.96,2026-06-06
NWF26060300169,2026-06-03,2026-06-08,55401,46204,2107,751.99,603.95,2026-06-18
NWF26060300170,2026-06-03,2026-06-10,19104,90021,2174,2144.78,1895.06,2026-06-18
NWF26060300171,2026-06-03,2026-06-08,64105,30303,427,225.43,203.33,2026-06-08
NWF26060300172,2026-06-03,2026-06-09,77002,85004,611,355.25,267.65,2026-06-09
NWF26060300173,2026-06-03,2026-06-05,55401,48226,619,293.11,243.88,2026-06-07
NWF26060300174,2026-06-03,2026-06-11,98108,19104,772,968.25,820.24,2026-06-12
NWF26060300175,2026-06-03,2026-06-08,80202,30303,1001,671.27,605.39,2026-06-18
NWF26060300176,2026-06-03,2026-06-08,75201,84101,3343,2033.08,1959.11,2026-06-10
NWF26060300177,2026-06-03,2026-06-05,64105,30303,2113,1076.6,1035.08,2026-06-06
NWF26060300178,2026-06-03,2026-06-05,75201,37203,2069,1131.8,1051.61,2026-06-06
NWF26060300179,2026-06-03,2026-06-05,30303,19104,2156,958.71,743.88,2026-06-05
NWF26060300180,2026-06-03,2026-06-08,84101,64105,2162,1006.5,959.65,2026-06-08
NWF26060300181,2026-06-03,2026-06-08,80202,60607,900,485.15,358.28,2026-06-09
NWF26060300182,2026-06-03,2026-06-11,19104,97209,3791,4480.76,4084.9,2026-06-13
NWF26060300183,2026-06-03,2026-06-10,90021,48226,4043,4402.36,3992.2,2026-06-10
NWF26060300184,2026-06-03,2026-06-05,48226,07105,2275,895.61,845.67,2026-06-05
NWF26060300185,2026-06-03,2026-06-04,46204,37203,10055,3174.65,2626.12,2026-06-05
NWF26060300186,2026-06-03,2026-06-12,90021,19104,508,535.01,495.67,2026-06-14
NWF26060300187,2026-06-03,2026-06-09,30303,85004,272,208.87,179.41,2026-06-11
NWF26060300188,2026-06-03,2026-06-10,46204,97209,1432,1274.54,958.12,2026-06-10
NWF26060300189,2026-06-03,2026-06-04,80202,64105,1048,374.89,297.02,2026-06-04
NWF26060300190,2026-06-03,2026-06-08,30303,85004,1087,815.31,676.96,2026-06-10
NWF26060300191,2026-06-03,2026-06-05,90021,97209,2884,1543.97,1239.68,2026-06-06
NWF26060300192,2026-06-03,2026-06-10,30303,98108,3316,3306.16,2822.75,2026-06-12
NWF26060300193,2026-06-03,2026-06-05,77002,85004,4309,2454.89,2259.64,2026-06-11
NWF26060300194,2026-06-03,2026-06-10,90021,46204,579,472.69,443.98,2026-06-12
NWF26060300195,2026-06-03,2026-06-05,60607,46204,444,132.18,109.31,2026-06-07
NWF26060300196,2026-06-03,2026-06-10,90021,48226,1071,1287.21,1043.75,2026-06-12
NWF26060300197,2026-06-03,2026-06-08,46204,19104,987,469.9,336.86,2026-06-08
NWF26060300198,2026-06-03,2026-06-08,07105,55401,842,596.47,539.33,2026-06-09
NWF26060300199,2026-06-03,2026-06-08,55401,75201,3511,1674.38,1624.08,2026-06-14
NWF26060300200,2026-06-03,2026-06-10,46204,97209,1183,1115.96,1042.02,2026-06-11
NWF26060300201,2026-06-03,2026-06-08,84101,75201,1594,1103.28,848.75,2026-06-08
NWF26060300202,2026-06-03,2026-06-09,55401,98108,1982,1489.69,1217.65,2026-06-09
NWF26060300203,2026-06-03,2026-06-05,64105,30303,2200,1051.54,954.12,2026-06-07
NWF26060300204,2026-06-03,2026-06-04,64105,30303,1410,787.6,712.64,2026-06-12
NWF26060300205,2026-06-03,2026-06-10,98108,46204,1188,1148.85,994.52,2026-06-12
NWF26060300206,2026-06-03,2026-06-05,84101,75201,1517,955.51,840.98,2026-06-06
NWF26060300207,2026-06-03,2026-06-04,37203,46204,1169,272.46,231.76,2026-06-05
NWF26060300208,2026-06-03,2026-06-09,46204,97209,564,442.59,360.95,2026-06-09
NWF26060300209,2026-06-03,2026-06-04,30303,48226,847,297.25,245.51,2026-06-06
NWF26060300210,2026-06-03,2026-06-05,77002,85004,521,297.35,211.44,2026-06-07
NWF26060300211,2026-06-03,2026-06-08,84101,75201,856,601.79,472.34,2026-06-08
NWF26060300212,2026-06-03,2026-06-04,37203,75201,1347,544.27,412.16,2026-06-05
NWF26060300213,2026-06-03,2026-06-08,90021,97209,985,470.98,364.18,2026-06-09
NWF26060300214,2026-06-03,2026-06-09,80202,60607,4862,2701.06,2582.25,2026-06-15
NWF26060300215,2026-06-03,2026-06-05,60607,46204,894,238.68,229.55,2026-06-06
NWF26060300216,2026-06-03,2026-06-11,30303,98108,960,1038.44,872.09,2026-06-12
NWF26060300217,2026-06-03,2026-06-05,90021,97209,1323,682.11,565.49,2026-06-05
NWF26060300218,2026-06-03,2026-06-04,07105,19104,1514,388.72,379.89,2026-06-04
NWF26060300219,2026-06-03,2026-06-08,75201,60607,363,195.2,144.89,2026-06-16
NWF26060300220,2026-06-03,2026-06-09,90021,48226,1237,1486.41,1263.46,2026-06-11
NWF26060300221,2026-06-03,2026-06-09,84101,75201,771,503.88,467.73,2026-06-09
NWF26060300222,2026-06-03,2026-06-05,30303,48226,1040,437.6,334.0,2026-06-07
NWF26060300223,2026-06-03,2026-06-05,75201,80202,1731,862.35,694.72,2026-06-07
NWF26060300224,2026-06-03,2026-06-08,75201,85004,1399,824.75,707.99,2026-06-10
NWF26060300225,2026-06-03,2026-06-05,19104,37203,2574,983.69,943.13,2026-06-07
NWF26060300226,2026-06-03,2026-06-04,60607,46204,2267,662.71,537.8,2026-06-06
NWF26060300227,2026-06-03,2026-06-08,97209,80202,2969,1666.0,1320.94,2026-06-10
NWF26060300228,2026-06-03,2026-06-08,84101,55401,1460,766.43,630.3,2026-06-10
NWF26060300229,2026-06-03,2026-06-08,90021,97209,3940,2044.54,1448.14,2026-06-09
NWF26060300230,2026-06-03,2026-06-04,64105,30303,1573,774.51,669.21,2026-06-05
NWF26060400231,2026-06-04,2026-06-10,55401,84101,1925,1061.33,954.42,2026-06-11
NWF26060400232,2026-06-04,2026-06-10,90021,46204,1018,819.98,594.03,2026-06-12
NWF26060400233,2026-06-04,2026-06-08,55401,46204,1683,597.12,658.9,2026-06-10
NWF26060400234,2026-06-04,2026-06-15,90021,19104,1576,1697.32,1254.11,2026-06-15
NWF26060400235,2026-06-04,2026-06-08,64105,46204,1199,452.03,326.16,2026-06-10
NWF26060400236,2026-06-04,2026-06-05,60607,46204,1642,424.23,333.15,2026-06-07
NWF26060400237,2026-06-04,2026-06-05,30303,48226,3402,1285.56,1196.33,2026-06-05
NWF26060400238,2026-06-04,2026-06-12,19104,90021,2228,2296.52,1721.79,2026-06-13
NWF26060400239,2026-06-04,2026-06-08,84101,55401,2485,1369.42,1259.92,2026-06-08
NWF26060400240,2026-06-04,2026-06-05,60607,46204,1704,482.59,466.59,2026-06-15
NWF26060400241,2026-06-04,2026-06-10,55401,84101,1844,1049.13,808.62,2026-06-11
NWF26060400242,2026-06-04,2026-06-08,46204,19104,1062,543.64,485.84,2026-06-10
NWF26060400243,2026-06-04,2026-06-12,90021,19104,1610,1628.87,1490.92,2026-06-12
NWF26060400244,2026-06-04,2026-06-12,19104,97209,2100,2531.31,2456.38,2026-06-12
NWF26060400245,2026-06-04,2026-06-11,30303,85004,1443,1064.05,916.22,2026-06-12
NWF26060400246,2026-06-04,2026-06-09,90021,97209,1785,850.99,601.55,2026-06-09
NWF26060400247,2026-06-04,2026-06-09,75201,37203,871,409.23,341.8,2026-06-18
NWF26060400248,2026-06-04,2026-06-05,37203,46204,981,259.21,189.8,2026-06-07
NWF26060400249,2026-06-04,2026-06-10,55401,84101,1470,841.25,689.31,2026-06-12
NWF26060400250,2026-06-04,2026-06-05,46204,55401,1965,693.12,604.37,2026-06-06
NWF26060400251,2026-06-04,2026-06-08,30303,48226,1994,802.66,743.62,2026-06-10
NWF26060400252,2026-06-04,2026-06-08,46204,55401,901,334.17,314.64,2026-06-10
NWF26060400253,2026-06-04,2026-06-08,30303,48226,1185,440.65,364.95,2026-06-10
NWF26060400254,2026-06-04,2026-06-05,60607,46204,1974,524.57,384.38,2026-06-07
NWF26060400255,2026-06-04,2026-06-08,30303,48226,1911,721.02,602.97,2026-06-10
NWF26060400256,2026-06-04,2026-06-09,75201,85004,980,584.03,510.11,2026-06-10
NWF26060400257,2026-06-04,2026-06-15,98108,19104,1420,1788.74,1460.28,2026-06-15
NWF26060400258,2026-06-04,2026-06-10,48226,80202,944,590.63,441.26,2026-06-12
NWF26060400259,2026-06-04,2026-06-08,55401,46204,1604,543.11,530.86,2026-06-10
NWF26060400260,2026-06-04,2026-06-05,46204,38103,714,283.0,249.9,2026-06-06
NWF26060400261,2026-06-04,2026-06-09,30303,85004,2406,1829.01,1633.23,2026-06-11
NWF26060400262,2026-06-04,2026-06-05,46204,38103,2936,1180.96,1093.01,2026-06-06
NWF26060400263,2026-06-04,2026-06-05,60607,46204,719,219.85,185.56,2026-06-05
NWF26060400264,2026-06-04,2026-06-09,37203,75201,425,179.27,163.71,2026-06-09
NWF26060400265,2026-06-04,2026-06-05,60607,46204,814,226.05,198.34,2026-06-15
NWF26060400266,2026-06-04,2026-06-08,55401,46204,5720,2008.89,1664.1,2026-06-08
NWF26060400267,2026-06-04,2026-06-09,55401,84101,3383,1932.76,1506.41,2026-06-11
NWF26060400268,2026-06-04,2026-06-09,60607,64105,4042,1273.46,1222.82,2026-06-09
NWF26060400269,2026-06-04,2026-06-08,75201,80202,160,125.0,90.77,2026-06-09
NWF26060400270,2026-06-04,2026-06-10,84101,75201,1736,1156.92,1045.02,2026-06-12
NWF26060400271,2026-06-04,2026-06-10,80202,60607,690,328.64,284.68,2026-06-10
NWF26060400272,2026-06-04,2026-06-08,80202,64105,1096,440.85,394.27,2026-06-09
NWF26060400273,2026-06-04,2026-06-09,80202,60607,2236,1132.36,887.53,2026-06-11
NWF26060400274,2026-06-04,2026-06-08,75201,80202,492,225.28,198.7,2026-06-10
NWF26060400275,2026-06-04,2026-06-09,84101,55401,6280,3578.08,2722.31,2026-06-09
NWF26060400276,2026-06-04,2026-06-05,60607,46204,1041,278.88,201.79,2026-06-07
NWF26060400277,2026-06-04,2026-06-05,60607,46204,4823,1446.46,1279.19,2026-06-07
NWF26060400278,2026-06-04,2026-06-09,55401,46204,2268,693.54,659.84,2026-06-10
NWF26060400279,2026-06-04,2026-06-09,84101,64105,1398,719.12,700.25,2026-06-19
NWF26060400280,2026-06-04,2026-06-08,30303,48226,3126,1208.99,904.78,2026-06-08
NWF26060400281,2026-06-04,2026-06-08,60607,46204,1150,336.17,307.53,2026-06-08
NWF26060400282,2026-06-04,2026-06-05,60607,46204,1488,382.49,276.2,2026-06-07
NWF26060400283,2026-06-04,2026-06-15,19104,90021,2310,2462.74,2167.41,2026-06-17
NWF26060500284,2026-06-05,2026-06-11,30303,85004,1648,1235.68,1092.65,2026-06-13
NWF26060500285,2026-06-05,2026-06-15,98108,19104,905,1170.31,904.17,2026-06-17
NWF26060500286,2026-06-05,2026-06-15,90021,19104,2497,2514.64,2261.79,2026-06-16
NWF26060500287,2026-06-05,2026-06-10,55401,75201,953,502.77,403.7,2026-06-12
NWF26060500288,2026-06-05,2026-06-11,84101,75201,134,125.0,150.1,2026-06-11
NWF26060500289,2026-06-05,2026-06-12,19104,90021,928,916.63,661.63,2026-06-14
NWF26060500290,2026-06-05,2026-06-12,90021,19104,463,488.59,457.59,2026-06-13
NWF26060500291,2026-06-05,2026-06-08,80202,64105,545,196.46,171.78,2026-06-09
NWF26060500292,2026-06-05,2026-06-10,75201,80202,5764,2954.21,2726.36,2026-06-10
NWF26060500293,2026-06-05,2026-06-10,97209,80202,376,210.23,244.78,2026-06-10
NWF26060500294,2026-06-05,2026-06-09,64105,30303,4389,2518.68,2448.95,2026-06-09
NWF26060500295,2026-06-05,2026-06-08,30303,19104,446,184.57,167.85,2026-06-08
NWF26060500296,2026-06-05,2026-06-08,60607,46204,981,250.99,222.25,2026-06-09
NWF26060500297,2026-06-05,2026-06-09,60607,64105,3668,1364.32,1079.66,2026-06-09
NWF26060500298,2026-06-05,2026-06-12,48226,84101,1265,1069.91,856.27,2026-06-13
NWF26060500299,2026-06-05,2026-06-10,55401,75201,2568,1391.63,1209.23,2026-06-10
NWF26060500300,2026-06-05,2026-06-10,80202,60607,818,426.67,379.57,2026-06-10
NWF26060500301,2026-06-05,2026-06-09,37203,75201,4188,1674.23,1216.36,2026-06-09
NWF26060500302,2026-06-05,2026-06-09,80202,64105,871,336.26,290.21,2026-06-09
NWF26060500303,2026-06-05,2026-06-09,75201,80202,433,233.48,169.45,2026-06-09
NWF26060500304,2026-06-05,2026-06-09,30303,19104,1312,555.59,516.74,2026-06-10
NWF26060500305,2026-06-05,2026-06-10,84101,75201,790,481.44,374.74,2026-06-12
NWF26060500306,2026-06-05,2026-06-08,60607,46204,853,234.97,200.71,2026-06-09
NWF26060500307,2026-06-05,2026-06-15,98108,19104,1540,1983.85,1830.22,2026-06-16
NWF26060500308,2026-06-05,2026-06-11,64105,98108,1100,754.63,610.31,2026-06-13
NWF26060500309,2026-06-05,2026-06-09,64105,30303,1664,961.62,935.38,2026-06-10
NWF26060500310,2026-06-05,2026-06-10,55401,46204,6401,2262.29,2183.98,2026-06-11
NWF26060500311,2026-06-05,2026-06-11,55401,98108,823,610.26,488.49,2026-06-13
NWF26060500312,2026-06-05,2026-06-08,60607,46204,1557,479.19,453.73,2026-06-08
NWF26060500313,2026-06-05,2026-06-10,75201,84101,672,401.9,494.12,2026-06-10
NWF26060500314,2026-06-05,2026-06-15,98108,07105,272,320.71,234.46,2026-06-15
NWF26060500315,2026-06-05,2026-06-09,30303,48226,3818,1346.32,1056.18,2026-06-11
NWF26060500316,2026-06-05,2026-06-11,48226,84101,1793,1794.79,1604.9,2026-06-11
NWF26060500317,2026-06-05,2026-06-10,84101,75201,2803,1907.51,1492.56,2026-06-12
NWF26060500318,2026-06-05,2026-06-12,48226,84101,8298,8304.45,6326.75,2026-06-12
NWF26060500319,2026-06-05,2026-06-15,98108,07105,576,705.17,619.23,2026-06-16
NWF26060500320,2026-06-05,2026-06-09,80202,64105,382,139.04,127.97,2026-06-10
NWF26060500321,2026-06-05,2026-06-09,46204,38103,1226,456.06,431.84,2026-06-09
NWF26060500322,2026-06-05,2026-06-10,77002,85004,3580,2104.58,1606.14,2026-06-11
NWF26060500323,2026-06-05,2026-06-09,80202,64105,970,352.43,334.32,2026-06-11
NWF26060500324,2026-06-05,2026-06-12,55401,98108,3771,2928.17,2782.06,2026-06-14
NWF26060500325,2026-06-05,2026-06-10,30303,84101,2640,2052.65,1555.0,2026-06-12
NWF26060500326,2026-06-05,2026-06-08,19104,37203,1646,632.51,459.74,2026-06-09
NWF26060500327,2026-06-05,2026-06-15,30303,98108,1002,974.38,862.68,2026-06-15
NWF26060500328,2026-06-05,2026-06-10,80202,64105,739,254.09,237.89,2026-06-11
NWF26060500329,2026-06-05,2026-06-10,75201,84101,1785,1141.14,857.87,2026-06-10
NWF26060500330,2026-06-05,2026-06-10,55401,75201,762,374.98,290.68,2026-06-10
NWF26060500331,2026-06-05,2026-06-11,84101,75201,2881,1969.0,1503.74,2026-06-13
NWF26060500332,2026-06-05,2026-06-09,48226,07105,2019,753.31,713.28,2026-06-14
NWF26060500333,2026-06-05,2026-06-12,90021,19104,2527,3011.34,2782.85,2026-06-12
NWF26060500334,2026-06-05,2026-06-09,75201,37203,2145,1174.28,1141.64,2026-06-09
NWF26060500335,2026-06-05,2026-06-09,48226,07105,4587,1891.2,1655.98,2026-06-10
NWF26060500336,2026-06-05,2026-06-10,80202,30303,1085,666.06,517.76,2026-06-12
NWF26060500337,2026-06-05,2026-06-08,60607,46204,1476,406.79,301.63,2026-06-08
NWF26060500338,2026-06-05,2026-06-09,60607,46204,650,183.56,146.16,2026-06-11
NWF26060500339,2026-06-05,2026-06-11,75201,84101,1635,989.56,732.55,2026-06-11
NWF26060500340,2026-06-05,2026-06-09,30303,48226,7515,2620.16,2182.76,2026-06-09
NWF26060500341,2026-06-05,2026-06-15,98108,07105,2512,3409.26,3205.75,2026-06-15
NWF26060500342,2026-06-05,2026-06-15,19104,90021,6151,6138.8,5549.86,2026-06-15
NWF26060500343,2026-06-05,2026-06-08,46204,38103,3645,1375.34,1161.64,2026-06-10
NWF26060500344,2026-06-05,2026-06-10,55401,84101,765,455.31,391.22,2026-06-10
NWF26060500345,2026-06-05,2026-06-10,30303,85004,675,509.9,396.04,2026-06-11
NWF26060500346,2026-06-05,2026-06-08,60607,46204,909,238.45,225.03,2026-06-09
NWF26060500347,2026-06-05,2026-06-11,30303,84101,2011,1660.55,1238.13,2026-06-11
NWF26060500348,2026-06-05,2026-06-15,19104,97209,1954,2201.44,1553.37,2026-06-16
NWF26060100022,2026-06-01,2026-06-09,19104,90021,2494,2711.65,2529.81,2026-06-10
NWF26060500349,2026-06-05,2026-06-10,80202,30303,2324,1332.76,1027.12,2026-06-12
NWF26060500350,2026-06-05,2026-06-10,37203,75201,1966,758.92,605.34,2026-06-11
NWF26060500351,2026-06-05,2026-06-10,84101,75201,2929,1752.69,1477.91,2026-06-12
NWF26060500352,2026-06-05,2026-06-15,19104,97209,1732,1831.53,1314.81,2026-06-16
NWF26060500353,2026-06-05,2026-06-10,30303,85004,1011,772.64,735.48,2026-06-19
NWF26060500354,2026-06-05,2026-06-16,19104,97209,3409,4033.06,3949.54,2026-06-17
NWF26060500355,2026-06-05,2026-06-10,30303,48226,1581,633.29,482.73,2026-06-12
NWF26060500356,2026-06-05,2026-06-15,90021,46204,1006,908.1,777.62,2026-06-15
NWF26060500357,2026-06-05,2026-06-10,84101,55401,2821,1760.21,1698.85,2026-06-10
NWF26060500358,2026-06-05,2026-06-12,90021,46204,2270,2100.93,1665.55,2026-06-13
NWF26060500359,2026-06-05,2026-06-09,60607,64105,1034,366.69,353.64,2026-06-11
NWF26060500360,2026-06-05,2026-06-09,75201,37203,2372,1163.29,1097.96,2026-06-10
NWF26060500361,2026-06-05,2026-06-12,48226,85004,3882,3357.53,2647.71,2026-06-13
NWF26060500362,2026-06-05,2026-06-15,98108,07105,3703,4287.43,3543.88,2026-06-17
NWF26060500363,2026-06-05,2026-06-10,90021,97209,1317,594.58,518.5,2026-06-11
NWF26060500364,2026-06-05,2026-06-08,37203,75201,1185,440.83,476.34,2026-06-08
NWF26060600365,2026-06-06,2026-06-09,80202,64105,1050,394.22,309.75,2026-06-10
NWF26060600366,2026-06-06,2026-06-11,48226,84101,1234,1134.8,932.16,2026-06-12
NWF26060600367,2026-06-06,2026-06-09,75201,80202,1326,628.21,599.27,2026-06-09
NWF26060600368,2026-06-06,2026-06-10,64105,30303,372,180.72,162.49,2026-06-12
NWF26060600369,2026-06-06,2026-06-11,30303,85004,1471,1173.12,1038.62,2026-06-11
NWF26060700370,2026-06-07,2026-06-09,30303,48226,1583,564.52,505.05,2026-06-10
NWF26060700371,2026-06-07,2026-06-10,84101,75201,1900,1261.29,931.34,2026-06-12
NWF26060700372,2026-06-07,2026-06-09,75201,64105,713,271.36,209.93,2026-06-10
NWF26060700373,2026-06-07,2026-06-08,37203,46204,1045,259.81,196.97,2026-06-08
NWF26060700374,2026-06-07,2026-06-09,80202,64105,5621,1961.01,1422.17,2026-06-10
NWF26060800375,2026-06-08,2026-06-16,19104,97209,102,125.0,89.25,2026-06-17
NWF26060800376,2026-06-08,2026-06-15,90021,46204,2136,1725.62,1619.23,2026-06-15
NWF26060800377,2026-06-08,2026-06-11,84101,75201,692,444.27,388.33,2026-06-12
NWF26060800378,2026-06-08,2026-06-16,98108,46204,677,707.2,548.87,2026-06-17
NWF26060800379,2026-06-08,2026-06-16,19104,97209,2216,2642.4,1893.07,2026-06-16
NWF26060800380,2026-06-08,2026-06-10,55401,48226,2628,1260.72,946.49,2026-06-12
NWF26060800381,2026-06-08,2026-06-10,80202,64105,6715,2758.03,2031.52,2026-06-11
NWF26060800382,2026-06-08,2026-06-09,46204,38103,1598,631.91,481.97,2026-06-11
NWF26060800383,2026-06-08,2026-06-11,55401,46204,1897,657.42,505.95,2026-06-11
NWF26060800384,2026-06-08,2026-06-10,75201,60607,444,247.8,240.77,2026-06-12
NWF26060800385,2026-06-08,2026-06-17,19104,97209,1176,1338.3,1237.06,2026-06-18
NWF26060800386,2026-06-08,2026-06-15,19104,90021,461,432.88,369.57,2026-06-17
NWF26060800387,2026-06-08,2026-06-09,60607,46204,4757,1375.1,1138.23,2026-06-09
NWF26060800388,2026-06-08,2026-06-11,75201,60607,519,311.59,280.64,2026-06-11
NWF26060800389,2026-06-08,2026-06-11,80202,60607,813,448.29,382.55,2026-06-11
NWF26060800390,2026-06-08,2026-06-16,90021,19104,1320,1526.99,1243.86,2026-06-16
NWF26060800391,2026-06-08,2026-06-11,75201,37203,2592,1377.64,1037.86,2026-06-11
NWF26060800392,2026-06-08,2026-06-09,19104,37203,4318,1823.49,1506.46,2026-06-09
NWF26060800393,2026-06-08,2026-06-10,37203,75201,1592,640.84,614.45,2026-06-12
NWF26060800394,2026-06-08,2026-06-09,60607,46204,2012,551.46,478.75,2026-06-10
NWF26060800395,2026-06-08,2026-06-10,48226,07105,2277,810.88,657.95,2026-06-11
NWF26060800396,2026-06-08,2026-06-12,98108,46204,401,413.07,348.4,2026-06-13
NWF26060800397,2026-06-08,2026-06-10,75201,64105,469,181.94,144.95,2026-06-12
NWF26060800398,2026-06-08,2026-06-15,64105,98108,2677,1931.36,1656.02,2026-06-17
NWF26060800399,2026-06-08,2026-06-11,84101,55401,2698,1663.15,1540.61,2026-06-12
NWF26060800400,2026-06-08,2026-06-09,07105,19104,1874,468.72,349.23,2026-06-09
NWF26060800401,2026-06-08,2026-06-10,75201,60607,2029,1254.84,889.74,2026-06-12
NWF26060800402,2026-06-08,2026-06-15,46204,97209,2988,2437.37,2241.42,2026-06-17
NWF26060800403,2026-06-08,2026-06-10,84101,75201,3640,2582.51,2513.38,2026-06-10
NWF26060800404,2026-06-08,2026-06-10,80202,64105,569,225.48,212.77,2026-06-12
NWF26060800405,2026-06-08,2026-06-12,64105,98108,2638,1976.85,1546.62,2026-06-12
NWF26060800406,2026-06-08,2026-06-10,37203,75201,2019,725.7,564.71,2026-06-12
NWF26060800407,2026-06-08,2026-06-10,75201,60607,6023,3739.17,3272.16,2026-06-11
NWF26060800408,2026-06-08,2026-06-10,55401,84101,1507,929.67,787.53,2026-06-10
NWF26060800409,2026-06-08,2026-06-11,55401,84101,503,292.17,233.1,2026-06-12
NWF26060800410,2026-06-08,2026-06-15,90021,46204,293,257.97,252.57,2026-06-15
NWF26060800411,2026-06-08,2026-06-11,84101,75201,641,426.19,372.45,2026-06-12
NWF26060800412,2026-06-08,2026-06-10,19104,37203,3784,1527.69,1190.36,2026-06-12
NWF26060800413,2026-06-08,2026-06-15,98108,46204,1294,1335.88,1007.13,2026-06-15
NWF26060800414,2026-06-08,2026-06-11,55401,07105,3126,1786.99,1356.36,2026-06-13
NWF26060800415,2026-06-08,2026-06-10,48226,07105,431,168.18,163.7,2026-06-12
NWF26060800416,2026-06-08,2026-06-12,84101,75201,775,460.54,428.33,2026-06-13
NWF26060800417,2026-06-08,2026-06-11,55401,75201,1155,588.0,693.89,2026-06-13
NWF26060800418,2026-06-08,2026-06-09,60607,46204,1884,573.5,418.49,2026-06-11
NWF26060800419,2026-06-08,2026-06-10,80202,60607,2674,1361.83,1205.23,2026-06-10
NWF26060800420,2026-06-08,2026-06-16,98108,19104,668,818.91,793.39,2026-06-16
NWF26060800421,2026-06-08,2026-06-12,64105,98108,1526,942.79,817.46,2026-06-13
NWF26060800422,2026-06-08,2026-06-10,64105,30303,4690,2322.06,2214.26,2026-06-10
NWF26060800423,2026-06-08,2026-06-10,46204,55401,1735,623.54,553.62,2026-06-12
NWF26060800424,2026-06-08,2026-06-12,55401,75201,1541,732.83,533.13,2026-06-13
NWF26060800425,2026-06-08,2026-06-16,90021,46204,1903,1593.75,1146.78,2026-06-17
NWF26060800426,2026-06-08,2026-06-17,19104,90021,2858,2752.65,2363.76,2026-06-17
NWF26060800427,2026-06-08,2026-06-10,80202,64105,894,351.52,288.99,2026-06-12
NWF26060800428,2026-06-08,2026-06-11,84101,55401,3676,2058.99,1617.4,2026-06-13
NWF26060800429,2026-06-08,2026-06-09,60607,46204,479,127.95,121.32,2026-06-09
NWF26060800430,2026-06-08,2026-06-10,60607,64105,3671,1300.65,1190.58,2026-06-12
NWF26060800431,2026-06-08,2026-06-11,30303,85004,4531,3389.36,2513.61,2026-06-13
NWF26060800432,2026-06-08,2026-06-12,46204,97209,511,403.9,428.02,2026-06-20
NWF26060800433,2026-06-08,2026-06-12,30303,84101,1449,1145.7,1106.33,2026-06-14
NWF26060800434,2026-06-08,2026-06-10,84101,55401,2233,1226.44,938.87,2026-06-15
NWF26060800435,2026-06-08,2026-06-11,30303,48226,1801,723.53,623.7,2026-06-13
NWF26060800436,2026-06-08,2026-06-10,30303,48226,4566,1601.96,1234.22,2026-06-12
NWF26060800437,2026-06-08,2026-06-16,48226,85004,2721,2512.45,3066.47,2026-06-16
NWF26060800438,2026-06-08,2026-06-10,64105,30303,1439,703.16,523.2,2026-06-12
NWF26060800439,2026-06-08,2026-06-10,64105,30303,6443,3372.64,2813.01,2026-06-16
NWF26060800440,2026-06-08,2026-06-10,75201,60607,1578,952.87,677.47,2026-06-10
NWF26060900441,2026-06-09,2026-06-11,37203,75201,1913,684.27,616.85,2026-06-11
NWF26060900442,2026-06-09,2026-06-11,64105,30303,1846,966.33,735.79,2026-06-13
NWF26060900443,2026-06-09,2026-06-17,98108,46204,388,353.53,319.16,2026-06-19
NWF26060900444,2026-06-09,2026-06-10,60607,46204,765,197.71,149.6,2026-06-12
NWF26060900445,2026-06-09,2026-06-11,48226,07105,1284,437.11,401.91,2026-06-11
NWF26060900446,2026-06-09,2026-06-15,75201,84101,389,262.66,249.83,2026-06-17
NWF26060900447,2026-06-09,2026-06-12,48226,07105,7673,2836.49,2730.85,2026-06-13
NWF26060900448,2026-06-09,2026-06-11,60607,46204,5616,1636.68,1190.46,2026-06-11
NWF26060900449,2026-06-09,2026-06-12,80202,30303,337,216.21,256.4,2026-06-14
NWF26060900450,2026-06-09,2026-06-11,55401,46204,1462,461.88,427.33,2026-06-11
NWF26060900451,2026-06-09,2026-06-11,46204,38103,1640,625.22,536.51,2026-06-11
NWF26060900452,2026-06-09,2026-06-11,55401,48226,2971,1340.45,1146.58,2026-06-13
NWF26060900453,2026-06-09,2026-06-18,98108,07105,4070,5536.33,4897.43,2026-06-20
NWF26060900454,2026-06-09,2026-06-15,48226,84101,458,443.14,409.57,2026-06-15
NWF26060900455,2026-06-09,2026-06-11,30303,48226,3631,1481.35,1232.59,2026-06-11
NWF26060900456,2026-06-09,2026-06-12,30303,85004,889,674.11,647.55,2026-06-13
NWF26060900457,2026-06-09,2026-06-11,75201,64105,12000,5169.99,4545.87,2026-06-13
NWF26060900458,2026-06-09,2026-06-10,19104,37203,1443,610.74,514.83,2026-06-10
NWF26060900459,2026-06-09,2026-06-15,84101,75201,801,570.27,413.05,2026-06-16
NWF26060900460,2026-06-09,2026-06-11,84101,75201,1190,698.63,626.69,2026-06-12
NWF26060900461,2026-06-09,2026-06-12,84101,55401,1700,949.99,881.92,2026-06-13
NWF26060900462,2026-06-09,2026-06-11,19104,37203,1608,632.04,461.27,2026-06-12
NWF26060900463,2026-06-09,2026-06-15,48226,84101,1959,1959.99,1681.06,2026-06-16
NWF26060900464,2026-06-09,2026-06-12,84101,75201,1354,859.58,791.52,2026-06-13
NWF26060900465,2026-06-09,2026-06-12,55401,48226,906,436.51,337.75,2026-06-14
NWF26060900466,2026-06-09,2026-06-11,84101,55401,860,463.83,365.44,2026-06-12
NWF26060900467,2026-06-09,2026-06-11,46204,55401,277,125.0,95.97,2026-06-11
NWF26060900468,2026-06-09,2026-06-12,75201,60607,2866,1781.04,1306.51,2026-06-14
NWF26060900469,2026-06-09,2026-06-10,80202,64105,2992,1081.16,1028.69,2026-06-11
NWF26060900470,2026-06-09,2026-06-15,75201,84101,950,611.25,437.14,2026-06-17
NWF26060900471,2026-06-09,2026-06-10,30303,19104,311,136.94,113.39,2026-06-11
NWF26060900472,2026-06-09,2026-06-17,19104,90021,1164,1171.51,1102.76,2026-06-17
NWF26060900473,2026-06-09,2026-06-11,84101,97209,3648,1670.76,1367.86,2026-06-12
NWF26060900474,2026-06-09,2026-06-11,60607,64105,968,312.73,269.34,2026-06-13
NWF26060900475,2026-06-09,2026-06-11,84101,97209,739,352.69,261.29,2026-06-19
NWF26060900476,2026-06-09,2026-06-16,98108,46204,576,605.36,567.72,2026-06-22
NWF26060900477,2026-06-09,2026-06-17,19104,90021,1705,1728.98,1544.59,2026-06-18
NWF26060900478,2026-06-09,2026-06-12,75201,60607,836,497.73,461.3,2026-06-12
NWF26060900479,2026-06-09,2026-06-16,90021,46204,2615,2323.56,2049.29,2026-06-17
NWF26060900480,2026-06-09,2026-06-18,19104,90021,1491,1526.95,1102.39,2026-06-20
NWF26060900481,2026-06-09,2026-06-12,37203,75201,5712,2454.59,2008.12,2026-06-12
NWF26060900482,2026-06-09,2026-06-15,48226,80202,1024,655.36,589.12,2026-06-16
NWF26060900483,2026-06-09,2026-06-17,90021,19104,2848,3110.96,2323.42,2026-06-19
NWF26060900484,2026-06-09,2026-06-12,97209,80202,369,201.43,152.87,2026-06-12
NWF26060900485,2026-06-09,2026-06-15,55401,98108,1346,1004.32,850.38,2026-06-16
NWF26060900486,2026-06-09,2026-06-10,60607,46204,1150,337.78,278.36,2026-06-10
NWF26060900487,2026-06-09,2026-06-10,80202,64105,6986,2529.51,2107.9,2026-06-11
NWF26060900488,2026-06-09,2026-06-16,64105,98108,1597,1085.55,987.52,2026-06-18
NWF26060900489,2026-06-09,2026-06-10,60607,46204,2329,650.66,496.84,2026-06-11
NWF26060900490,2026-06-09,2026-06-12,55401,48226,1598,686.35,535.56,2026-06-13
NWF26060900491,2026-06-09,2026-06-17,19104,90021,8520,8990.15,8298.76,2026-06-18
NWF26060900492,2026-06-09,2026-06-17,90021,19104,1247,1434.96,1264.02,2026-06-18
NWF26060900493,2026-06-09,2026-06-12,48226,80202,1998,1315.19,1146.45,2026-06-18
NWF26060900494,2026-06-09,2026-06-17,19104,97209,1486,1598.64,1149.7,2026-06-19
NWF26060900495,2026-06-09,2026-06-11,55401,75201,1127,585.78,462.64,2026-06-11
NWF26060900496,2026-06-09,2026-06-11,46204,55401,663,269.28,243.32,2026-06-11
NWF26060900497,2026-06-09,2026-06-15,55401,85004,1021,842.67,825.34,2026-06-16
NWF26060900498,2026-06-09,2026-06-12,48226,80202,2094,1239.65,1003.96,2026-06-12
NWF26060900499,2026-06-09,2026-06-18,90021,19104,803,799.59,777.91,2026-06-19
NWF26060900500,2026-06-09,2026-06-15,30303,85004,1999,1498.84,1136.67,2026-06-21
NWF26060900501,2026-06-09,2026-06-17,30303,98108,4775,4890.34,3590.49,2026-06-17
NWF26060900502,2026-06-09,2026-06-16,90021,46204,1277,1183.3,1022.03,2026-06-25
NWF26060900503,2026-06-09,2026-06-11,37203,75201,2006,823.89,612.48,2026-06-11
NWF26060900504,2026-06-09,2026-06-11,55401,46204,2058,755.76,689.77,2026-06-13
NWF26060900505,2026-06-09,2026-06-17,30303,98108,1480,1497.22,1180.84,2026-06-18
NWF26060900506,2026-06-09,2026-06-11,84101,55401,487,293.3,345.12,2026-06-12
NWF26060900507,2026-06-09,2026-06-12,64105,98108,1356,937.92,741.55,2026-06-18
NWF26060900508,2026-06-09,2026-06-12,30303,84101,1512,1359.1,1157.48,2026-06-13
NWF26060900509,2026-06-09,2026-06-12,84101,55401,5576,3126.63,2731.6,2026-06-14
NWF26060900510,2026-06-09,2026-06-11,37203,75201,2403,985.96,901.57,2026-06-12
NWF26060900511,2026-06-09,2026-06-16,48226,85004,1068,961.22,684.64,2026-06-16
NWF26060900512,2026-06-09,2026-06-10,64105,30303,1369,729.49,681.46,2026-06-12
NWF26060900513,2026-06-09,2026-06-10,37203,46204,825,209.61,150.89,2026-06-12
NWF26060900514,2026-06-09,2026-06-11,75201,84101,5082,3166.33,2543.64,2026-06-12
NWF26061000515,2026-06-10,2026-06-12,55401,46204,9766,3001.7,2282.65,2026-06-14
NWF26061000516,2026-06-10,2026-06-11,64105,30303,1151,623.71,536.15,2026-06-13
NWF26061000517,2026-06-10,2026-06-17,64105,98108,5939,4134.73,3675.19,2026-06-17
NWF26061000518,2026-06-10,2026-06-16,75201,85004,672,362.66,269.92,2026-06-17
NWF26061000519,2026-06-10,2026-06-18,90021,19104,3132,3547.62,3303.98,2026-06-20
NWF26061000520,2026-06-10,2026-06-17,64105,98108,956,687.59,550.63,2026-06-17
NWF26061000521,2026-06-10,2026-06-15,84101,55401,949,516.58,622.73,2026-06-17
NWF26061000522,2026-06-10,2026-06-12,55401,46204,1755,541.35,448.73,2026-06-13
NWF26061000523,2026-06-10,2026-06-18,90021,19104,882,934.25,803.2,2026-06-20
NWF26061000524,2026-06-10,2026-06-12,46204,19104,879,414.09,394.1,2026-06-14
NWF26061000525,2026-06-10,2026-06-19,19104,97209,668,831.13,659.61,2026-06-20
NWF26061000526,2026-06-10,2026-06-12,19104,37203,1696,682.56,538.82,2026-06-14
NWF26061000527,2026-06-10,2026-06-11,37203,46204,325,125.0,121.49,2026-06-13
NWF26061000528,2026-06-10,2026-06-15,80202,60607,904,437.16,347.16,2026-06-17
NWF26061000529,2026-06-10,2026-06-11,30303,48226,446,180.27,132.77,2026-06-11
NWF26061000530,2026-06-10,2026-06-15,75201,84101,1815,1176.85,1066.21,2026-06-16
NWF26061000531,2026-06-10,2026-06-12,90021,97209,1191,564.96,608.02,2026-06-14
NWF26061000532,2026-06-10,2026-06-15,77002,85004,4217,2329.23,2233.22,2026-06-15
NWF26061000533,2026-06-10,2026-06-15,84101,55401,2415,1267.99,1224.5,2026-06-15
NWF26061000534,2026-06-10,2026-06-18,98108,07105,2553,3223.88,2556.3,2026-06-18
NWF26061000535,2026-06-10,2026-06-16,64105,98108,2998,2106.32,2059.65,2026-06-17
NWF26061000536,2026-06-10,2026-06-11,60607,46204,1770,463.58,361.37,2026-06-12
NWF26061000537,2026-06-10,2026-06-12,30303,19104,1135,506.99,448.6,2026-06-13
NWF26061000538,2026-06-10,2026-06-17,46204,97209,1827,1535.34,1494.58,2026-06-18
NWF26061000539,2026-06-10,2026-06-17,46204,97209,1476,1270.85,1052.57,2026-06-17
NWF26061000540,2026-06-10,2026-06-16,30303,85004,1487,1056.11,785.7,2026-06-17
NWF26061000541,2026-06-10,2026-06-11,60607,46204,1412,405.89,383.98,2026-06-13
NWF26061000542,2026-06-10,2026-06-15,48226,84101,790,707.51,522.45,2026-06-17
NWF26061000543,2026-06-10,2026-06-11,60607,46204,1749,464.95,345.35,2026-06-12
NWF26061000544,2026-06-10,2026-06-15,55401,75201,327,173.0,154.23,2026-06-16
NWF26061000545,2026-06-10,2026-06-16,80202,19104,487,389.08,343.85,2026-06-17
NWF26061000546,2026-06-10,2026-06-12,64105,46204,1644,582.48,544.66,2026-06-13
NWF26061000547,2026-06-10,2026-06-17,46204,97209,1145,974.49,936.93,2026-06-17
NWF26061000548,2026-06-10,2026-06-12,55401,84101,722,450.09,392.19,2026-06-14
NWF26061000549,2026-06-10,2026-06-11,64105,30303,432,220.58,196.91,2026-06-13
NWF26061000550,2026-06-10,2026-06-15,55401,75201,1800,915.99,762.72,2026-06-15
NWF26061000551,2026-06-10,2026-06-17,48226,85004,3099,2795.89,2115.91,2026-06-18
NWF26061000552,2026-06-10,2026-06-17,46204,97209,1371,1170.27,900.06,2026-06-19
NWF26061000553,2026-06-10,2026-06-12,84101,55401,1102,649.36,589.55,2026-06-14
NWF26061000554,2026-06-10,2026-06-16,46204,97209,3183,2713.72,3389.33,2026-06-18
NWF26061000555,2026-06-10,2026-06-15,30303,48226,2904,1116.4,1197.67,2026-06-16
NWF26061000556,2026-06-10,2026-06-12,90021,97209,984,464.22,444.41,2026-06-13
NWF26061000557,2026-06-10,2026-06-11,75201,60607,1102,598.45,549.41,2026-06-11
NWF26061000558,2026-06-10,2026-06-15,30303,48226,1091,414.2,393.92,2026-06-15
NWF26061000559,2026-06-10,2026-06-16,30303,85004,5937,3984.09,2916.22,2026-06-16
NWF26061000560,2026-06-10,2026-06-15,55401,46204,653,219.72,212.24,2026-06-15
NWF26061000561,2026-06-10,2026-06-12,90021,97209,5147,2613.12,1939.0,2026-06-14
NWF26061000562,2026-06-10,2026-06-12,30303,19104,527,240.19,187.56,2026-06-12
NWF26061000563,2026-06-10,2026-06-12,80202,64105,1390,553.6,481.76,2026-06-14
NWF26061000564,2026-06-10,2026-06-18,19104,97209,1249,1462.11,1026.17,2026-06-20
NWF26061000565,2026-06-10,2026-06-11,60607,46204,2437,640.26,458.06,2026-06-11
NWF26061000566,2026-06-10,2026-06-15,84101,75201,2712,1911.3,1364.15,2026-06-15
NWF26061000567,2026-06-10,2026-06-16,84101,75201,2294,1519.66,1398.76,2026-06-18
NWF26061000568,2026-06-10,2026-06-11,60607,46204,905,247.62,178.02,2026-06-11
NWF26061000569,2026-06-10,2026-06-11,46204,37203,270,125.0,105.95,2026-06-13
NWF26061000570,2026-06-10,2026-06-17,90021,48226,1462,1757.41,1527.78,2026-06-18
NWF26061000571,2026-06-10,2026-06-11,60607,46204,823,253.62,202.66,2026-06-12
NWF26061000572,2026-06-10,2026-06-12,55401,46204,1999,628.1,546.85,2026-06-12
NWF26061000573,2026-06-10,2026-06-15,75201,37203,1104,577.18,437.53,2026-06-16
NWF26061000574,2026-06-10,2026-06-12,30303,19104,483,189.96,167.05,2026-06-12
NWF26061000575,2026-06-10,2026-06-17,19104,90021,1419,1323.73,1180.81,2026-06-19
NWF26061000576,2026-06-10,2026-06-15,37203,75201,2464,1040.36,996.92,2026-06-15
NWF26061000577,2026-06-10,2026-06-19,19104,97209,1307,1617.24,1375.22,2026-06-21
NWF26061000578,2026-06-10,2026-06-17,90021,48226,1496,1782.49,2039.79,2026-06-18
NWF26061000579,2026-06-10,2026-06-12,64105,46204,983,374.32,279.42,2026-06-14
NWF26061000580,2026-06-10,2026-06-12,75201,37203,2451,1310.84,1178.12,2026-06-13
NWF26061000581,2026-06-10,2026-06-17,46204,97209,498,411.8,348.81,2026-06-17
NWF26061000582,2026-06-10,2026-06-15,55401,84101,3882,2080.84,1737.81,2026-06-16
NWF26061000583,2026-06-10,2026-06-11,19104,37203,2735,1155.73,855.38,2026-06-13
NWF26061000584,2026-06-10,2026-06-12,75201,80202,447,209.55,253.98,2026-06-13
NWF26061000585,2026-06-10,2026-06-15,55401,75201,381,204.66,161.17,2026-06-17
NWF26061000586,2026-06-10,2026-06-18,90021,19104,1032,1087.74,858.62,2026-06-19
NWF26061000587,2026-06-10,2026-06-11,07105,19104,1981,444.18,354.5,2026-06-13
NWF26061000588,2026-06-10,2026-06-17,98108,46204,1582,1455.64,1382.61,2026-06-17
NWF26061000589,2026-06-10,2026-06-15,80202,64105,1175,431.33,387.04,2026-06-17
NWF26061000590,2026-06-10,2026-06-18,90021,46204,1050,966.34,895.42,2026-06-20
NWF26061000591,2026-06-10,2026-06-18,98108,19104,1292,1627.43,1462.83,2026-06-18
NWF26061000592,2026-06-10,2026-06-11,07105,19104,2910,674.23,506.58,2026-06-12
NWF26061000593,2026-06-10,2026-06-15,55401,75201,409,206.6,171.3,2026-06-17
NWF26061000594,2026-06-10,2026-06-11,60607,46204,1425,416.69,304.17,2026-06-12
NWF26061100595,2026-06-11,2026-06-12,55401,48226,2020,1024.34,827.13,2026-06-13
NWF26061100596,2026-06-11,2026-06-16,55401,84101,922,550.96,422.11,2026-06-21
NWF26061100597,2026-06-11,2026-06-16,19104,37203,1707,696.26,577.62,2026-06-16
NWF26061100598,2026-06-11,2026-06-19,19104,90021,1014,1088.53,943.75,2026-06-20
NWF26061100599,2026-06-11,2026-06-19,19104,97209,648,689.82,595.05,2026-06-19
NWF26061100600,2026-06-11,2026-06-19,19104,97209,1278,1500.27,1238.03,2026-06-20
NWF26061100601,2026-06-11,2026-06-12,60607,46204,3164,965.85,793.66,2026-06-12
NWF26061100602,2026-06-11,2026-06-12,60607,46204,1913,573.7,538.53,2026-06-12
NWF26061100603,2026-06-11,2026-06-15,80202,64105,663,225.43,185.05,2026-06-17
NWF26061100604,2026-06-11,2026-06-16,30303,48226,979,387.34,322.64,2026-06-17
NWF26061100605,2026-06-11,2026-06-16,75201,60607,1833,986.49,694.89,2026-06-18
NWF26061100606,2026-06-11,2026-06-15,46204,38103,1955,733.46,675.44,2026-06-17
NWF26061100607,2026-06-11,2026-06-12,46204,55401,1440,555.13,443.82,2026-06-12
NWF26061100608,2026-06-11,2026-06-12,60607,46204,2611,732.38,596.91,2026-06-12
NWF26061100609,2026-06-11,2026-06-16,46204,77002,1922,1067.53,891.2,2026-06-18
NWF26061100610,2026-06-11,2026-06-17,84101,55401,2862,1510.5,1433.73,2026-06-19
NWF26061100611,2026-06-11,2026-06-16,84101,55401,3473,1926.77,1377.21,2026-06-17
NWF26061100612,2026-06-11,2026-06-16,55401,75201,5178,2604.83,2080.78,2026-06-17
NWF26061100613,2026-06-11,2026-06-17,75201,85004,2723,1459.37,1342.34,2026-06-19
NWF26061100614,2026-06-11,2026-06-16,75201,85004,4327,2310.69,1670.87,2026-06-17
NWF26061100615,2026-06-11,2026-06-18,98108,19104,168,184.26,134.74,2026-06-20
NWF26061100616,2026-06-11,2026-06-18,30303,98108,956,923.19,827.38,2026-06-18
NWF26061100617,2026-06-11,2026-06-19,98108,07105,588,787.2,603.49,2026-06-28
NWF26061100618,2026-06-11,2026-06-15,60607,46204,233,125.0,103.74,2026-06-17
NWF26061100619,2026-06-11,2026-06-16,48226,84101,2983,2830.24,2290.29,2026-06-17
NWF26061100620,2026-06-11,2026-06-15,80202,64105,4056,1576.14,1527.74,2026-06-15
NWF26061100621,2026-06-11,2026-06-15,19104,37203,446,191.43,151.95,2026-06-16
NWF26061100622,2026-06-11,2026-06-19,19104,97209,724,872.1,789.78,2026-06-21
NWF26061100623,2026-06-11,2026-06-19,98108,07105,1924,2466.94,2191.59,2026-06-20
NWF26061100624,2026-06-11,2026-06-16,80202,60607,524,257.29,200.51,2026-06-18
NWF26061100625,2026-06-11,2026-06-15,80202,60607,2679,1287.69,1210.18,2026-06-15
NWF26061100626,2026-06-11,2026-06-19,90021,19104,2005,2197.5,2114.28,2026-06-20
NWF26061100627,2026-06-11,2026-06-17,80202,19104,3807,2745.65,2522.17,2026-06-18
NWF26061100628,2026-06-11,2026-06-16,30303,48226,2360,826.47,805.18,2026-06-16
NWF26061100629,2026-06-11,2026-06-22,19104,97209,434,491.12,428.22,2026-07-01
NWF26061100630,2026-06-11,2026-06-17,30303,85004,5687,3729.84,3130.66,2026-06-17
NWF26061100631,2026-06-11,2026-06-17,84101,75201,480,337.3,290.38,2026-06-18
NWF26061100632,2026-06-11,2026-06-15,46204,38103,3281,1118.49,1081.77,2026-06-15
NWF26061100633,2026-06-11,2026-06-12,60607,46204,3553,1032.49,838.56,2026-06-13
NWF26061100634,2026-06-11,2026-06-15,55401,46204,1104,381.57,418.21,2026-06-16
NWF26061100635,2026-06-11,2026-06-12,37203,46204,6107,1476.65,1068.74,2026-06-12
NWF26061100636,2026-06-11,2026-06-16,30303,19104,778,343.67,302.48,2026-06-16
NWF26061100637,2026-06-11,2026-06-15,30303,19104,4969,2056.3,1829.82,2026-06-17
NWF26061100638,2026-06-11,2026-06-12,60607,46204,338,125.0,146.92,2026-06-12
NWF26061100639,2026-06-11,2026-06-15,75201,85004,573,338.39,280.1,2026-06-15
NWF26061100640,2026-06-11,2026-06-19,98108,46204,478,484.41,369.01,2026-06-20
NWF26061100641,2026-06-11,2026-06-17,98108,46204,1579,1611.43,1485.85,2026-06-17
NWF26061100642,2026-06-11,2026-06-22,98108,07105,763,952.64,852.58,2026-06-22
NWF26061100643,2026-06-11,2026-06-15,19104,37203,4790,2024.93,1426.31,2026-06-15
NWF26061100644,2026-06-11,2026-06-16,46204,55401,277,125.0,102.07,2026-06-18
NWF26061100645,2026-06-11,2026-06-19,98108,19104,715,859.97,659.59,2026-06-21
NWF26061100646,2026-06-11,2026-06-15,46204,55401,1395,557.03,511.98,2026-06-17
NWF26061100647,2026-06-11,2026-06-15,97209,80202,457,218.38,175.0,2026-06-17
NWF26061100648,2026-06-11,2026-06-16,64105,30303,4160,2087.93,1574.81,2026-06-22
NWF26061100649,2026-06-11,2026-06-15,46204,55401,1786,715.62,558.05,2026-06-17
NWF26061100650,2026-06-11,2026-06-18,98108,46204,1367,1410.41,1272.18,2026-06-19
NWF26061100651,2026-06-11,2026-06-16,46204,55401,2006,824.72,652.61,2026-06-16
NWF26061100652,2026-06-11,2026-06-12,30303,48226,678,259.0,245.88,2026-06-13
NWF26061100653,2026-06-11,2026-06-15,46204,55401,1016,371.43,297.29,2026-06-15
NWF26061100654,2026-06-11,2026-06-15,30303,19104,1595,613.82,509.69,2026-06-15
NWF26061100655,2026-06-11,2026-06-18,90021,19104,2751,3118.95,2717.32,2026-06-18
NWF26061100656,2026-06-11,2026-06-16,80202,60607,3653,2088.67,1808.04,2026-06-16
NWF26061100657,2026-06-11,2026-06-15,84101,55401,2152,1197.57,1032.6,2026-06-15
NWF26061100658,2026-06-11,2026-06-12,19104,37203,3579,1302.73,1273.49,2026-06-12
NWF26061100659,2026-06-11,2026-06-12,46204,38103,653,256.88,186.87,2026-06-14
NWF26061100660,2026-06-11,2026-06-16,84101,55401,2188,1190.04,952.45,2026-06-16
NWF26061200661,2026-06-12,2026-06-17,75201,84101,567,385.03,428.81,2026-06-24
NWF26061200662,2026-06-12,2026-06-19,48226,85004,2633,2280.37,2000.68,2026-06-20
NWF26061200663,2026-06-12,2026-06-19,90021,19104,1104,1199.99,930.64,2026-06-21
NWF26061200664,2026-06-12,2026-06-17,55401,84101,2151,1371.08,1242.22,2026-06-17
NWF26061200665,2026-06-12,2026-06-17,84101,64105,862,429.06,321.4,2026-06-19
NWF26061200666,2026-06-12,2026-06-15,37203,46204,934,231.38,222.81,2026-06-17
NWF26061200667,2026-06-12,2026-06-16,90021,97209,125,125.0,102.3,2026-06-17
NWF26061200668,2026-06-12,2026-06-17,55401,75201,1416,732.77,622.07,2026-06-18
NWF26061200669,2026-06-12,2026-06-15,60607,46204,1314,397.77,310.56,2026-06-15
NWF26061200670,2026-06-12,2026-06-16,84101,97209,2395,1258.73,1064.63,2026-06-17
NWF26061200671,2026-06-12,2026-06-16,37203,75201,1494,573.2,472.47,2026-06-16
NWF26061200672,2026-06-12,2026-06-16,64105,46204,2721,1121.17,987.2,2026-06-18
NWF26061200673,2026-06-12,2026-06-22,19104,97209,778,927.82,868.2,2026-06-24
NWF26061200674,2026-06-12,2026-06-22,98108,19104,2261,2614.83,2184.92,2026-06-22
NWF26061200675,2026-06-12,2026-06-19,90021,46204,1302,1236.03,1111.57,2026-06-21
NWF26061200676,2026-06-12,2026-06-18,80202,19104,1833,1316.58,936.78,2026-06-19
NWF26061200677,2026-06-12,2026-06-18,30303,85004,520,342.25,269.94,2026-06-19
NWF26061200678,2026-06-12,2026-06-18,64105,98108,721,535.96,435.89,2026-06-19
NWF26061200679,2026-06-12,2026-06-15,19104,37203,1592,656.37,513.78,2026-06-17
NWF26061200680,2026-06-12,2026-06-15,07105,19104,3661,861.95,769.69,2026-06-15
NWF26061200681,2026-06-12,2026-06-17,84101,75201,1721,1086.91,860.16,2026-06-26
NWF26061200682,2026-06-12,2026-06-16,55401,46204,7344,2315.35,1674.93,2026-06-18
NWF26061200683,2026-06-12,2026-06-17,30303,48226,1354,520.05,372.2,2026-06-17
NWF26061200684,2026-06-12,2026-06-17,75201,64105,1190,434.82,346.37,2026-06-19
NWF26061200685,2026-06-12,2026-06-18,80202,60607,2457,1404.05,1298.79,2026-06-20
NWF26061200686,2026-06-12,2026-06-19,90021,19104,422,427.05,323.78,2026-06-20
NWF26061200687,2026-06-12,2026-06-15,64105,46204,537,219.93,179.47,2026-06-20
NWF26061200688,2026-06-12,2026-06-15,46204,55401,2659,1033.47,961.52,2026-06-16
NWF26061200689,2026-06-12,2026-06-19,55401,85004,2140,1763.48,1310.49,2026-06-19
NWF26061200690,2026-06-12,2026-06-22,19104,97209,3529,4042.6,3608.41,2026-06-23
NWF26061200691,2026-06-12,2026-06-18,55401,85004,971,746.45,576.42,2026-06-19
NWF26061200692,2026-06-12,2026-06-16,55401,46204,2729,854.35,612.04,2026-06-17
NWF26061200693,2026-06-12,2026-06-17,30303,84101,817,747.18,597.5,2026-06-19
NWF26061200694,2026-06-12,2026-06-17,55401,98108,1518,1006.37,731.09,2026-06-18
NWF26061200695,2026-06-12,2026-06-19,46204,97209,5813,4805.31,4285.97,2026-06-21
NWF26061200696,2026-06-12,2026-06-15,60607,46204,1456,407.03,323.71,2026-06-15
NWF26061200697,2026-06-12,2026-06-19,30303,98108,873,955.61,833.07,2026-06-21
NWF26061200698,2026-06-12,2026-06-16,75201,64105,5712,2274.56,2175.59,2026-06-16
NWF26061200699,2026-06-12,2026-06-17,75201,84101,933,628.73,596.74,2026-06-22
NWF26061200700,2026-06-12,2026-06-15,37203,46204,742,170.78,125.77,2026-06-15
NWF26061200701,2026-06-12,2026-06-15,80202,64105,1347,474.7,336.65,2026-06-15
NWF26061200702,2026-06-12,2026-06-17,55401,75201,1964,961.12,996.09,2026-06-19
NWF26061200703,2026-06-12,2026-06-22,98108,07105,550,730.49,560.8,2026-06-24
NWF26061200704,2026-06-12,2026-06-16,90021,97209,1609,865.13,647.2,2026-06-18
NWF26061200705,2026-06-12,2026-06-18,80202,60607,634,343.51,275.7,2026-06-20
NWF26061200706,2026-06-12,2026-06-16,37203,75201,710,274.25,208.43,2026-06-17
NWF26061200707,2026-06-12,2026-06-22,98108,19104,4737,5820.26,4140.36,2026-06-23
NWF26061200708,2026-06-12,2026-06-17,07105,55401,1710,1290.21,1063.53,2026-06-18
NWF26061200709,2026-06-12,2026-06-16,46204,55401,1261,459.54,450.18,2026-06-17
NWF26061200710,2026-06-12,2026-06-15,46204,38103,1775,623.92,506.73,2026-06-17
NWF26061200711,2026-06-12,2026-06-17,19104,37203,3753,1531.62,1496.99,2026-06-19
NWF26061200712,2026-06-12,2026-06-19,55401,85004,6615,5247.58,4784.56,2026-06-20
NWF26061200713,2026-06-12,2026-06-16,37203,64105,1775,696.12,541.65,2026-06-16
NWF26061200714,2026-06-12,2026-06-18,30303,85004,1385,931.64,678.13,2026-06-24
NWF26061200715,2026-06-12,2026-06-17,84101,75201,3998,2692.25,1999.72,2026-06-17
NWF26061200716,2026-06-12,2026-06-16,84101,75201,1477,953.67,745.96,2026-06-17
NWF26061200717,2026-06-12,2026-06-18,64105,98108,3528,2185.78,1997.61,2026-06-19
NWF26061200718,2026-06-12,2026-06-17,55401,75201,3337,1576.02,1181.26,2026-06-19
NWF26061200719,2026-06-12,2026-06-19,30303,84101,1219,1007.09,920.4,2026-06-21
NWF26061200720,2026-06-12,2026-06-18,64105,98108,1550,1076.07,800.34,2026-06-19
NWF26061200721,2026-06-12,2026-06-15,60607,46204,833,246.02,191.81,2026-06-15
NWF26061200722,2026-06-12,2026-06-23,98108,19104,534,659.6,603.04,2026-06-23
NWF26061200723,2026-06-12,2026-06-15,46204,38103,4413,1522.15,1169.59,2026-06-17
NWF26061200724,2026-06-12,2026-06-17,48226,80202,10024,5744.93,4294.55,2026-06-18
NWF26061200725,2026-06-12,2026-06-22,19104,97209,1124,1269.35,895.79,2026-06-27
NWF26061200726,2026-06-12,2026-06-16,30303,48226,984,400.32,291.44,2026-06-17
NWF26061200727,2026-06-12,2026-06-17,55401,46204,2427,833.45,668.21,2026-06-19
NWF26061200728,2026-06-12,2026-06-16,75201,60607,1500,803.0,786.09,2026-06-18
NWF26061200729,2026-06-12,2026-06-17,84101,55401,605,318.54,294.44,2026-06-18
NWF26061200730,2026-06-12,2026-06-17,55401,84101,1885,1184.4,972.64,2026-06-18
NWF26061200731,2026-06-12,2026-06-16,30303,48226,1915,772.49,908.32,2026-06-18
NWF26061200732,2026-06-12,2026-06-17,55401,85004,4902,4151.65,3217.62,2026-06-18
NWF26061200733,2026-06-12,2026-06-18,55401,98108,1948,1296.25,1075.23,2026-06-28
NWF26061300734,2026-06-13,2026-06-16,80202,30303,4617,2799.54,2184.68,2026-06-16
NWF26061300735,2026-06-13,2026-06-18,48226,85004,726,601.07,559.97,2026-06-19
NWF26061400736,2026-06-14,2026-06-16,48226,07105,2812,1006.56,712.81,2026-06-24
NWF26061400737,2026-06-14,2026-06-18,64105,98108,1721,1232.6,1132.79,2026-06-19
NWF26061400738,2026-06-14,2026-06-15,60607,46204,1145,331.17,240.19,2026-06-15
NWF26061400739,2026-06-14,2026-06-17,84101,64105,1669,930.47,894.03,2026-06-17
NWF26061400740,2026-06-14,2026-06-15,60607,46204,2417,722.77,655.14,2026-06-16
NWF26061400741,2026-06-14,2026-06-16,64105,30303,704,353.2,287.63,2026-06-17
NWF26061400742,2026-06-14,2026-06-16,55401,46204,1906,645.7,537.84,2026-06-16
NWF26061400743,2026-06-14,2026-06-19,90021,46204,7340,5807.98,5637.84,2026-06-21
NWF26061500744,2026-06-15,2026-06-18,30303,85004,903,681.6,649.49,2026-06-18
NWF26061500745,2026-06-15,2026-06-22,46204,97209,256,215.67,210.03,2026-06-22
NWF26061500746,2026-06-15,2026-06-17,46204,37203,2518,812.07,640.57,2026-06-17
NWF26061500747,2026-06-15,2026-06-17,84101,97209,1340,711.01,563.94,2026-06-17
NWF26061500748,2026-06-15,2026-06-17,37203,46204,1418,360.0,334.0,2026-06-19
NWF26061500749,2026-06-15,2026-06-17,80202,64105,3291,1144.91,929.88,2026-06-19
NWF26061500750,2026-06-15,2026-06-17,48226,80202,530,360.05,335.77,2026-06-27
NWF26061500751,2026-06-15,2026-06-16,55401,48226,4203,2092.26,1542.8,2026-06-24
NWF26061500752,2026-06-15,2026-06-17,55401,84101,690,382.69,361.79,2026-06-17
NWF26061500753,2026-06-15,2026-06-17,80202,64105,1708,588.16,487.87,2026-06-17
NWF26061500754,2026-06-15,2026-06-17,30303,48226,1227,431.54,346.54,2026-06-17
NWF26061500755,2026-06-15,2026-06-17,75201,64105,460,184.53,163.97,2026-06-17
NWF26061500756,2026-06-15,2026-06-19,48226,84101,2515,2415.18,1949.0,2026-06-21
NWF26061500757,2026-06-15,2026-06-17,64105,30303,7127,3511.89,2635.68,2026-06-18
NWF26061500758,2026-06-15,2026-06-18,55401,07105,722,382.25,329.97,2026-06-18
NWF26061500759,2026-06-15,2026-06-18,55401,75201,1171,595.42,487.36,2026-06-18
NWF26061500760,2026-06-15,2026-06-19,64105,98108,1316,921.58,818.2,2026-06-28
NWF26061500761,2026-06-15,2026-06-18,30303,85004,1771,1258.15,1011.36,2026-06-18
NWF26061500762,2026-06-15,2026-06-16,60607,46204,721,219.57,207.67,2026-06-18
NWF26061500763,2026-06-15,2026-06-17,55401,46204,802,244.69,180.04,2026-06-19
NWF26061500764,2026-06-15,2026-06-19,90021,46204,521,434.34,404.92,2026-06-20
NWF26061500765,2026-06-15,2026-06-17,46204,38103,243,125.0,120.75,2026-06-17
NWF26061500766,2026-06-15,2026-06-18,46204,55401,1333,515.66,377.71,2026-06-18
NWF26061500767,2026-06-15,2026-06-16,46204,38103,1311,518.02,384.09,2026-06-17
NWF26061500768,2026-06-15,2026-06-16,46204,55401,554,205.92,195.52,2026-06-16
NWF26061500769,2026-06-15,2026-06-17,55401,46204,1653,507.95,464.83,2026-06-17
NWF26061500770,2026-06-15,2026-06-19,07105,55401,120,125.0,139.38,2026-06-20
NWF26061500771,2026-06-15,2026-06-17,60607,46204,554,150.04,106.87,2026-06-23
NWF26061500772,2026-06-15,2026-06-19,48226,84101,2235,2194.09,2028.29,2026-06-21
NWF26061500773,2026-06-15,2026-06-18,46204,19104,3815,1765.0,1323.48,2026-06-28
NWF26061500774,2026-06-15,2026-06-17,80202,64105,727,267.45,235.68,2026-06-17
NWF26061500775,2026-06-15,2026-06-16,46204,37203,6693,2369.57,2258.31,2026-06-18
NWF26061500776,2026-06-15,2026-06-17,80202,60607,1115,573.69,463.93,2026-06-18
NWF26061500777,2026-06-15,2026-06-17,80202,60607,1183,576.79,505.61,2026-06-25
NWF26061500778,2026-06-15,2026-06-17,55401,07105,2783,1617.81,1554.05,2026-06-17
NWF26061500779,2026-06-15,2026-06-18,07105,55401,554,379.94,281.77,2026-06-18
NWF26061500780,2026-06-15,2026-06-18,55401,46204,1042,320.17,228.16,2026-06-19
NWF26061500781,2026-06-15,2026-06-17,80202,60607,2335,1154.75,890.73,2026-06-17
NWF26061500782,2026-06-15,2026-06-18,84101,64105,1834,878.47,711.58,2026-06-19
NWF26061500783,2026-06-15,2026-06-16,60607,46204,1160,333.32,258.06,2026-06-16
NWF26061500784,2026-06-15,2026-06-17,46204,55401,3296,1378.85,1006.25,2026-06-18
NWF26061500785,2026-06-15,2026-06-16,75201,37203,591,306.28,288.9,2026-06-18
NWF26061500786,2026-06-15,2026-06-18,75201,84101,779,512.44,415.38,2026-06-18
NWF26060900488,2026-06-09,2026-06-16,64105,98108,1597,1059.53,963.85,2026-06-20
NWF26061500787,2026-06-15,2026-06-16,80202,64105,449,173.51,142.63,2026-06-16
NWF26061500788,2026-06-15,2026-06-19,80202,60607,2161,1106.59,810.7,2026-06-20
NWF26061500789,2026-06-15,2026-06-17,37203,64105,4604,1703.03,1463.65,2026-06-18
NWF26061500790,2026-06-15,2026-06-16,80202,64105,2612,1074.0,1007.0,2026-06-18
NWF26061500791,2026-06-15,2026-06-22,64105,98108,799,546.35,472.86,2026-06-22
NWF26061500792,2026-06-15,2026-06-18,75201,64105,1497,583.81,419.05,2026-06-19
NWF26061500793,2026-06-15,2026-06-17,75201,37203,2253,1112.85,914.92,2026-06-18
NWF26061500794,2026-06-15,2026-06-24,98108,07105,873,1199.51,953.57,2026-06-24
NWF26061500795,2026-06-15,2026-06-23,90021,19104,2312,2508.41,2416.95,2026-06-24
NWF26061500796,2026-06-15,2026-06-18,55401,84101,4888,2769.2,2519.39,2026-06-18
NWF26061500797,2026-06-15,2026-06-17,46204,55401,1645,629.8,616.1,2026-06-19
NWF26061500798,2026-06-15,2026-06-18,30303,19104,1108,492.7,500.54,2026-06-18
NWF26061500799,2026-06-15,2026-06-16,60607,46204,715,190.78,151.72,2026-06-18
NWF26061500800,2026-06-15,2026-06-18,84101,97209,298,146.14,129.69,2026-06-28
NWF26061500801,2026-06-15,2026-06-16,37203,75201,3768,1598.27,1164.38,2026-06-16
NWF26061500802,2026-06-15,2026-06-17,75201,85004,723,392.13,354.46,2026-06-18
NWF26061500803,2026-06-15,2026-06-19,84101,55401,294,163.86,121.02,2026-06-20
NWF26061500804,2026-06-15,2026-06-18,90021,97209,1330,611.34,473.47,2026-06-19
NWF26061500805,2026-06-15,2026-06-17,60607,46204,339,125.0,115.05,2026-06-18
NWF26061500806,2026-06-15,2026-06-16,19104,37203,1501,654.5,539.26,2026-06-16
NWF26061500807,2026-06-15,2026-06-17,48226,80202,3987,2545.98,2425.56,2026-06-18
NWF26061500808,2026-06-15,2026-06-17,48226,07105,948,378.75,360.59,2026-06-19
NWF26061500809,2026-06-15,2026-06-22,48226,85004,8108,7248.52,6328.63,2026-06-24
NWF26061500810,2026-06-15,2026-06-22,48226,85004,772,611.05,484.97,2026-06-24
NWF26061500811,2026-06-15,2026-06-17,75201,80202,1009,517.68,437.94,2026-06-17
NWF26061500812,2026-06-15,2026-06-16,80202,64105,3801,1352.36,1239.79,2026-06-16
NWF26061500813,2026-06-15,2026-06-18,84101,55401,2637,1522.25,1118.35,2026-06-19
NWF26061500814,2026-06-15,2026-06-16,46204,37203,2536,907.98,840.34,2026-06-18
NWF26061500815,2026-06-15,2026-06-22,90021,19104,2038,2291.49,1828.83,2026-06-24
NWF26061500816,2026-06-15,2026-06-16,07105,19104,738,161.91,136.75,2026-06-17
NWF26061500817,2026-06-15,2026-06-19,80202,60607,7610,3627.73,2602.59,2026-06-19
NWF26061500818,2026-06-15,2026-06-18,55401,75201,958,507.54,429.02,2026-06-25
NWF26061500819,2026-06-15,2026-06-19,55401,85004,1160,981.16,821.3,2026-06-24
NWF26061500820,2026-06-15,2026-06-17,55401,46204,1347,494.52,417.22,2026-06-18
NWF26061500821,2026-06-15,2026-06-17,37203,64105,1772,644.25,668.94,2026-06-18
NWF26061500822,2026-06-15,2026-06-22,90021,30303,827,865.01,639.94,2026-06-23
NWF26061500823,2026-06-15,2026-06-22,90021,19104,1375,1471.12,1388.32,2026-06-23
NWF26061500824,2026-06-15,2026-06-17,60607,46204,1239,354.76,324.02,2026-06-18
NWF26061500825,2026-06-15,2026-06-19,84101,75201,238,142.02,124.25,2026-06-19
NWF26061500826,2026-06-15,2026-06-23,90021,19104,1110,1266.41,1043.61,2026-06-23
NWF26061500827,2026-06-15,2026-06-16,37203,46204,2273,588.98,504.81,2026-06-25
NWF26061500828,2026-06-15,2026-06-18,46204,55401,2057,729.37,627.01,2026-06-20
NWF26061500829,2026-06-15,2026-06-22,90021,19104,2358,2708.57,2569.19,2026-06-24
NWF26061600830,2026-06-16,2026-06-24,19104,90021,1779,2001.22,1591.35,2026-06-26
NWF26061600831,2026-06-16,2026-06-24,19104,90021,960,914.07,682.89,2026-06-24
NWF26061600832,2026-06-16,2026-06-24,30303,98108,304,295.83,215.26,2026-06-25
NWF26061600833,2026-06-16,2026-06-19,30303,48226,2335,841.54,766.31,2026-06-21
NWF26061600834,2026-06-16,2026-06-22,84101,55401,1171,615.65,511.08,2026-06-22
NWF26061600835,2026-06-16,2026-06-24,48226,85004,1925,1697.55,1561.51,2026-06-25
NWF26061600836,2026-06-16,2026-06-19,48226,80202,1769,1201.35,966.52,2026-06-21
NWF26061600837,2026-06-16,2026-06-17,37203,75201,5811,2089.22,1937.83,2026-06-18
NWF26061600838,2026-06-16,2026-06-24,19104,97209,3105,3385.18,3014.16,2026-06-26
NWF26061600839,2026-06-16,2026-06-18,75201,60607,978,579.58,417.05,2026-06-18
NWF26061600840,2026-06-16,2026-06-19,84101,55401,628,383.85,363.7,2026-06-21
NWF26061600841,2026-06-16,2026-06-19,55401,75201,936,496.98,350.09,2026-06-21
NWF26061600842,2026-06-16,2026-06-19,37203,64105,7537,2913.56,2769.85,2026-06-21
NWF26061600843,2026-06-16,2026-06-22,48226,80202,6165,3858.06,3664.85,2026-06-24
NWF26061600844,2026-06-16,2026-06-24,98108,19104,3956,4903.12,3963.15,2026-06-24
NWF26061600845,2026-06-16,2026-06-19,55401,75201,4114,2022.46,1426.93,2026-06-19
NWF26061600846,2026-06-16,2026-06-19,80202,60607,1750,950.01,727.32,2026-06-19
NWF26061600847,2026-06-16,2026-06-22,77002,98108,851,761.47,617.48,2026-06-24
NWF26061600848,2026-06-16,2026-06-22,55401,85004,1725,1360.91,1212.66,2026-06-24
NWF26061600849,2026-06-16,2026-06-24,98108,19104,625,769.86,588.05,2026-06-24
NWF26061600850,2026-06-16,2026-06-18,75201,60607,2635,1607.01,1778.6,2026-06-19
NWF26061600851,2026-06-16,2026-06-17,46204,38103,2225,818.83,747.2,2026-06-17
NWF26061600852,2026-06-16,2026-06-22,77002,98108,1147,868.95,655.62,2026-06-22
NWF26061600853,2026-06-16,2026-06-23,90021,30303,416,448.82,429.41,2026-07-03
NWF26061600854,2026-06-16,2026-06-18,64105,46204,1670,623.0,440.29,2026-06-26
NWF26061000556,2026-06-10,2026-06-12,90021,97209,984,464.22,444.41,2026-06-13
NWF26061600855,2026-06-16,2026-06-22,30303,85004,580,448.9,417.5,2026-06-22
NWF26061600856,2026-06-16,2026-06-18,90021,97209,2806,1415.16,1220.01,2026-06-18
NWF26061600857,2026-06-16,2026-06-19,30303,48226,1829,645.06,461.62,2026-06-20
NWF26061600858,2026-06-16,2026-06-22,80202,60607,2197,1165.64,1277.52,2026-06-24
NWF26061600859,2026-06-16,2026-06-17,60607,46204,2851,771.95,581.97,2026-06-19
NWF26061600860,2026-06-16,2026-06-19,64105,46204,2291,879.14,772.29,2026-06-20
NWF26061600861,2026-06-16,2026-06-22,84101,55401,1266,773.07,554.24,2026-06-24
NWF26061600862,2026-06-16,2026-06-18,37203,75201,2324,990.71,908.62,2026-06-20
NWF26061600863,2026-06-16,2026-06-24,98108,07105,2024,2343.08,1972.85,2026-06-25
NWF26061600864,2026-06-16,2026-06-23,98108,07105,620,817.68,679.38,2026-06-25
NWF26061600865,2026-06-16,2026-06-18,37203,75201,1841,679.45,562.04,2026-06-19
NWF26061600866,2026-06-16,2026-06-18,64105,30303,523,260.44,235.88,2026-06-24
NWF26061600867,2026-06-16,2026-06-17,30303,48226,637,220.02,154.62,2026-06-17
NWF26061600868,2026-06-16,2026-06-17,07105,19104,1121,289.06,231.47,2026-06-17
NWF26061600869,2026-06-16,2026-06-19,07105,55401,830,534.54,501.03,2026-06-19
NWF26061600870,2026-06-16,2026-06-18,46204,55401,973,404.0,298.33,2026-06-19
NWF26061600871,2026-06-16,2026-06-19,55401,98108,984,739.59,654.57,2026-06-20
NWF26061600872,2026-06-16,2026-06-23,46204,97209,708,594.19,515.68,2026-06-23
NWF26061600873,2026-06-16,2026-06-18,90021,97209,3189,1504.4,1115.66,2026-06-18
NWF26061600874,2026-06-16,2026-06-17,60607,64105,906,314.16,278.28,2026-06-18
NWF26061600875,2026-06-16,2026-06-19,84101,55401,2100,1210.1,1004.38,2026-06-21
NWF26061600876,2026-06-16,2026-06-19,80202,19104,2515,1818.04,1476.73,2026-06-21
NWF26061600877,2026-06-16,2026-06-19,30303,19104,863,386.29,313.22,2026-06-29
NWF26061600878,2026-06-16,2026-06-23,30303,98108,2629,2444.66,2225.75,2026-06-24
NWF26061600879,2026-06-16,2026-06-18,64105,30303,384,195.15,161.26,2026-06-19
NWF26061600880,2026-06-16,2026-06-24,19104,90021,1149,1126.01,991.67,2026-06-30
NWF26061600881,2026-06-16,2026-06-18,75201,60607,1470,914.71,877.62,2026-06-19
NWF26061600882,2026-06-16,2026-06-18,30303,19104,839,338.16,265.37,2026-06-18
NWF26061600883,2026-06-16,2026-06-17,37203,46204,5300,1427.4,1002.59,2026-06-18
NWF26061600884,2026-06-16,2026-06-22,48226,84101,8674,7163.48,6326.39,2026-06-23
NWF26061600885,2026-06-16,2026-06-19,64105,30303,2063,1026.18,886.99,2026-06-21
NWF26061600886,2026-06-16,2026-06-24,98108,46204,1102,1126.61,923.89,2026-06-24
NWF26061600887,2026-06-16,2026-06-17,46204,38103,505,191.13,169.05,2026-06-18
NWF26061600888,2026-06-16,2026-06-17,46204,38103,6040,2373.25,1860.39,2026-06-17
NWF26061600889,2026-06-16,2026-06-19,19104,37203,746,304.93,265.35,2026-06-19
NWF26061600890,2026-06-16,2026-06-22,48226,84101,527,479.88,380.1,2026-06-22
NWF26061600891,2026-06-16,2026-06-22,75201,85004,1874,1113.57,1168.97,2026-06-23
NWF26061600892,2026-06-16,2026-06-19,64105,30303,766,398.81,431.39,2026-06-20
NWF26061600893,2026-06-16,2026-06-24,30303,98108,442,446.28,320.99,2026-06-24
NWF26061600894,2026-06-16,2026-06-23,46204,97209,333,296.13,220.46,2026-06-25
NWF26061600895,2026-06-16,2026-06-19,64105,30303,2426,1198.58,1171.61,2026-06-21
NWF26061600896,2026-06-16,2026-06-23,98108,46204,2079,2138.72,1772.69,2026-06-24
NWF26061600897,2026-06-16,2026-06-24,19104,97209,3375,4137.85,3814.5,2026-06-25
NWF26061700898,2026-06-17,2026-06-22,84101,55401,731,394.67,339.11,2026-06-22
NWF26061700899,2026-06-17,2026-06-26,90021,19104,1635,1647.59,1488.48,2026-06-27
NWF26061700900,2026-06-17,2026-06-22,75201,80202,2409,1211.29,933.63,2026-06-22
NWF26061700901,2026-06-17,2026-06-22,46204,19104,4067,1874.79,1703.94,2026-06-22
NWF26061700902,2026-06-17,2026-06-19,80202,64105,544,203.49,146.33,2026-06-21
NWF26061700903,2026-06-17,2026-06-22,48226,84101,2463,2036.87,1483.13,2026-06-24
NWF26061700904,2026-06-17,2026-06-19,30303,48226,1866,694.76,812.0,2026-06-20
NWF26061700905,2026-06-17,2026-06-18,37203,46204,2770,743.9,602.09,2026-06-20
NWF26061700906,2026-06-17,2026-06-19,80202,64105,6971,2839.84,2285.79,2026-06-19
NWF26061700907,2026-06-17,2026-06-19,48226,07105,3855,1356.62,1203.74,2026-06-21
NWF26061700908,2026-06-17,2026-06-22,75201,85004,640,328.98,260.42,2026-06-24
NWF26061700909,2026-06-17,2026-06-19,64105,30303,3573,1734.88,1318.27,2026-06-19
NWF26061700910,2026-06-17,2026-06-18,30303,48226,926,351.92,252.85,2026-06-19
NWF26061700911,2026-06-17,2026-06-18,30303,19104,3437,1511.01,1269.07,2026-06-20
NWF26061700912,2026-06-17,2026-06-23,75201,85004,2084,1193.92,1131.26,2026-06-23
NWF26061700913,2026-06-17,2026-06-24,98108,07105,2004,2485.4,2185.58,2026-06-26
NWF26061700914,2026-06-17,2026-06-24,90021,30303,537,572.89,450.57,2026-06-26
NWF26061700915,2026-06-17,2026-06-22,48226,80202,518,302.51,243.58,2026-06-24
NWF26061700916,2026-06-17,2026-06-19,60607,46204,1010,291.34,265.97,2026-06-21
NWF26061700917,2026-06-17,2026-06-24,98108,46204,2186,2187.61,1741.26,2026-06-26
NWF26061700918,2026-06-17,2026-06-24,90021,30303,5466,5102.69,4818.76,2026-06-25
NWF26061700919,2026-06-17,2026-06-18,60607,46204,432,132.12,94.41,2026-06-18
NWF26061700920,2026-06-17,2026-06-23,80202,60607,2973,1680.12,1287.25,2026-06-24
NWF26061700921,2026-06-17,2026-06-23,30303,84101,680,586.69,460.48,2026-06-24
NWF26061700922,2026-06-17,2026-06-25,46204,97209,826,691.13,556.89,2026-06-27
NWF26061700923,2026-06-17,2026-06-19,60607,46204,1256,384.14,320.74,2026-06-19
NWF26061700924,2026-06-17,2026-06-22,90021,97209,5844,2675.59,2417.29,2026-06-23
NWF26061700925,2026-06-17,2026-06-22,55401,75201,906,431.28,318.4,2026-06-22
NWF26061700926,2026-06-17,2026-06-22,80202,64105,1047,386.22,313.03,2026-06-23
NWF26061700927,2026-06-17,2026-06-25,19104,90021,2378,2564.42,2251.03,2026-06-27
NWF26061700928,2026-06-17,2026-06-19,30303,48226,1219,465.04,445.51,2026-06-21
NWF26061700929,2026-06-17,2026-06-19,84101,75201,411,290.93,215.66,2026-06-21
NWF26061700930,2026-06-17,2026-06-18,75201,60607,12000,6918.64,5978.57,2026-06-18
NWF26061700931,2026-06-17,2026-06-25,46204,97209,628,561.39,471.67,2026-06-27
NWF26061700932,2026-06-17,2026-06-25,19104,90021,524,567.09,411.07,2026-06-25
NWF26061700933,2026-06-17,2026-06-22,84101,97209,287,145.9,102.39,2026-06-22
NWF26061700934,2026-06-17,2026-06-22,80202,60607,2669,1365.32,1065.96,2026-06-23
NWF26061700935,2026-06-17,2026-06-19,46204,55401,526,204.93,149.78,2026-06-19
NWF26061700936,2026-06-17,2026-06-22,64105,30303,8447,4164.57,4061.39,2026-06-24
NWF26061700937,2026-06-17,2026-06-19,19104,37203,320,125.0,90.5,2026-06-20
NWF26061700938,2026-06-17,2026-06-19,80202,64105,690,272.38,191.39,2026-06-21
NWF26061700939,2026-06-17,2026-06-19,60607,46204,1443,412.95,403.18,2026-06-29
NWF26061700940,2026-06-17,2026-06-22,84101,55401,1737,1037.62,826.01,2026-06-23
NWF26061700941,2026-06-17,2026-06-23,84101,75201,1172,739.98,586.41,2026-06-25
NWF26061700942,2026-06-17,2026-06-22,30303,48226,3305,1330.16,1023.68,2026-06-24
NWF26061700943,2026-06-17,2026-06-22,55401,48226,496,208.87,193.44,2026-06-22
NWF26061700944,2026-06-17,2026-06-19,60607,46204,982,252.3,206.84,2026-06-21
NWF26061700945,2026-06-17,2026-06-23,46204,97209,985,787.47,665.89,2026-06-23
NWF26061700946,2026-06-17,2026-06-25,98108,19104,2508,3152.17,2690.85,2026-06-26
NWF26061700947,2026-06-17,2026-06-19,37203,75201,1327,498.27,372.57,2026-06-19
NWF26061700948,2026-06-17,2026-06-18,46204,38103,1991,818.25,779.58,2026-06-20
NWF26061700949,2026-06-17,2026-06-24,30303,85004,1019,683.75,504.61,2026-06-24
NWF26061700950,2026-06-17,2026-06-22,55401,84101,1041,625.95,600.09,2026-06-23
NWF26061700951,2026-06-17,2026-06-23,80202,30303,4707,3085.81,2838.4,2026-06-23
NWF26061700952,2026-06-17,2026-06-19,64105,30303,608,342.02,330.78,2026-06-20
NWF26061700953,2026-06-17,2026-06-19,64105,46204,1927,798.73,630.6,2026-06-21
NWF26061700954,2026-06-17,2026-06-22,84101,75201,1609,943.33,885.47,2026-06-22
NWF26061700955,2026-06-17,2026-06-19,55401,46204,1202,374.93,332.3,2026-06-21
NWF26061700956,2026-06-17,2026-06-25,19104,90021,1414,1397.32,1309.77,2026-06-26
NWF26061700957,2026-06-17,2026-06-18,46204,37203,2313,787.93,738.66,2026-06-20
NWF26061700958,2026-06-17,2026-06-22,84101,55401,8437,4667.69,4332.57,2026-06-22
NWF26061700959,2026-06-17,2026-06-22,64105,98108,700,527.06,480.76,2026-06-24
NWF26061700960,2026-06-17,2026-06-23,77002,98108,1956,1761.78,1427.5,2026-06-23
NWF26061700961,2026-06-17,2026-06-19,60607,64105,2379,773.98,571.6,2026-06-19
NWF26061700962,2026-06-17,2026-06-19,64105,30303,2353,1273.66,1020.74,2026-06-21
NWF26061700963,2026-06-17,2026-06-22,55401,84101,3081,2001.05,1781.42,2026-06-22
NWF26061700964,2026-06-17,2026-06-25,90021,46204,728,588.32,496.73,2026-06-25
NWF26061700965,2026-06-17,2026-06-18,60607,46204,1221,324.62,271.65,2026-06-20
NWF26061700966,2026-06-17,2026-06-23,84101,55401,1810,1035.7,962.27,2026-06-24
NWF26061700967,2026-06-17,2026-06-22,80202,64105,11669,4137.35,3575.99,2026-06-23
NWF26061700968,2026-06-17,2026-06-23,80202,19104,356,263.59,258.31,2026-06-25
NWF26061700969,2026-06-17,2026-06-25,98108,19104,605,788.2,670.36,2026-06-26
NWF26061700970,2026-06-17,2026-06-23,64105,98108,1826,1249.22,1055.96,2026-06-23
NWF26061700971,2026-06-17,2026-06-19,37203,75201,2725,1099.93,825.37,2026-06-19
NWF26061700972,2026-06-17,2026-06-19,30303,19104,1883,721.0,556.53,2026-06-19
NWF26061800973,2026-06-18,2026-06-19,55401,46204,928,306.74,329.79,2026-06-20
NWF26061800974,2026-06-18,2026-06-26,19104,97209,1170,1394.84,1180.52,2026-06-28
NWF26061800975,2026-06-18,2026-06-24,64105,98108,899,655.87,502.65,2026-06-24
NWF26061800976,2026-06-18,2026-06-22,37203,75201,1674,643.89,473.89,2026-06-24
NWF26061800977,2026-06-18,2026-06-25,30303,85004,259,184.2,133.23,2026-06-27
NWF26061800978,2026-06-18,2026-06-19,07105,19104,467,125.0,109.66,2026-06-21
NWF26061800979,2026-06-18,2026-06-29,19104,97209,4262,4811.67,3574.96,2026-06-30
NWF26061800980,2026-06-18,2026-06-22,80202,64105,1633,566.7,414.14,2026-06-23
NWF26061800981,2026-06-18,2026-06-19,60607,46204,1055,282.41,266.39,2026-06-19
NWF26061800982,2026-06-18,2026-06-22,30303,48226,3942,1391.24,1334.45,2026-06-24
NWF26061800983,2026-06-18,2026-06-24,98108,46204,1358,1350.58,1272.67,2026-06-24
NWF26061800984,2026-06-18,2026-06-25,90021,19104,1110,1283.76,1246.59,2026-06-26
NWF26061800985,2026-06-18,2026-06-22,37203,64105,1431,520.89,419.87,2026-06-24
NWF26061800986,2026-06-18,2026-06-22,60607,46204,628,182.37,149.01,2026-06-23
NWF26061800987,2026-06-18,2026-06-23,55401,84101,1405,820.16,790.36,2026-06-24
NWF26061800988,2026-06-18,2026-06-19,60607,46204,618,182.66,171.1,2026-06-21
NWF26061800989,2026-06-18,2026-06-23,97209,80202,376,179.24,139.81,2026-06-24
NWF26061800990,2026-06-18,2026-06-23,84101,75201,1386,932.89,792.1,2026-06-25
NWF26061800991,2026-06-18,2026-06-19,46204,55401,1122,423.37,414.22,2026-06-21
NWF26061800992,2026-06-18,2026-06-19,60607,46204,10645,2998.9,2288.22,2026-06-21
NWF26061800993,2026-06-18,2026-06-25,90021,46204,412,336.78,327.19,2026-06-27
NWF26061800994,2026-06-18,2026-06-23,60607,64105,2795,971.61,1124.92,2026-06-23
NWF26061800995,2026-06-18,2026-06-22,19104,37203,1709,744.06,706.78,2026-06-23
NWF26061800996,2026-06-18,2026-06-23,80202,64105,1295,447.71,357.24,2026-06-24
NWF26061800997,2026-06-18,2026-06-23,80202,64105,1243,469.09,446.38,2026-06-23
NWF26061800998,2026-06-18,2026-06-26,30303,98108,1848,1834.84,1438.14,2026-06-28
NWF26061800999,2026-06-18,2026-06-26,98108,46204,537,548.33,408.68,2026-06-26
NWF26061801000,2026-06-18,2026-06-25,90021,46204,2640,2166.83,1541.2,2026-06-25
NWF26061801001,2026-06-18,2026-06-23,30303,84101,633,552.5,427.87,2026-06-24
NWF26061801002,2026-06-18,2026-06-24,55401,84101,2164,1349.51,1277.85,2026-06-24
NWF26061801003,2026-06-18,2026-06-23,84101,64105,543,292.6,224.19,2026-06-24
NWF26061801004,2026-06-18,2026-06-23,55401,07105,2490,1329.72,1111.73,2026-06-25
NWF26061801005,2026-06-18,2026-06-26,30303,98108,1429,1526.45,1437.87,2026-06-28
NWF26061801006,2026-06-18,2026-06-25,98108,46204,341,346.28,310.38,2026-06-25
NWF26061801007,2026-06-18,2026-06-22,75201,80202,1971,946.7,1181.11,2026-06-23
NWF26061801008,2026-06-18,2026-06-23,80202,64105,990,386.32,376.44,2026-06-24
NWF26061801009,2026-06-18,2026-06-23,64105,46204,1259,439.02,352.01,2026-06-23
NWF26061801010,2026-06-18,2026-06-29,19104,90021,662,741.22,539.76,2026-06-30
NWF26061801011,2026-06-18,2026-06-26,98108,07105,279,367.32,336.37,2026-06-28
NWF26061801012,2026-06-18,2026-06-24,98108,46204,3150,3075.11,2357.72,2026-06-25
NWF26061801013,2026-06-18,2026-06-23,80202,60607,325,172.51,122.74,2026-06-23
NWF26061801014,2026-06-18,2026-06-19,37203,46204,1543,401.2,392.01,2026-06-19
NWF26061801015,2026-06-18,2026-06-25,98108,19104,948,1241.82,1133.31,2026-06-26
NWF26061801016,2026-06-18,2026-06-25,90021,19104,1090,1301.41,935.66,2026-06-25
NWF26061801017,2026-06-18,2026-06-22,75201,85004,1379,771.28,556.09,2026-06-23
NWF26061801018,2026-06-18,2026-06-19,60607,46204,954,251.82,176.53,2026-06-21
NWF26061801019,2026-06-18,2026-06-22,80202,64105,4682,1758.03,1585.32,2026-06-23
NWF26061801020,2026-06-18,2026-06-19,37203,46204,1526,345.17,357.95,2026-06-19
NWF26061801021,2026-06-18,2026-06-22,84101,97209,4271,1983.27,1845.54,2026-06-24
NWF26061801022,2026-06-18,2026-06-26,98108,07105,1759,2047.89,1838.04,2026-06-27
NWF26061801023,2026-06-18,2026-06-25,90021,19104,670,706.64,822.76,2026-06-25
NWF26061801024,2026-06-18,2026-06-23,84101,55401,574,337.76,255.93,2026-06-24
NWF26061801025,2026-06-18,2026-06-23,64105,30303,4918,2529.89,2086.9,2026-06-24
NWF26061801026,2026-06-18,2026-06-19,07105,19104,1322,312.34,289.97,2026-06-20
NWF26061801027,2026-06-18,2026-06-23,48226,84101,759,668.26,633.43,2026-06-23
NWF26061801028,2026-06-18,2026-06-19,64105,46204,642,262.67,255.24,2026-06-19
NWF26061801029,2026-06-18,2026-06-23,84101,55401,4063,2284.71,1612.55,2026-06-23
NWF26061801030,2026-06-18,2026-06-24,30303,85004,1671,1325.75,1283.5,2026-07-01
NWF26061801031,2026-06-18,2026-06-22,48226,80202,842,496.09,422.76,2026-06-22
NWF26061801032,2026-06-18,2026-06-22,80202,64105,354,125.0,118.53,2026-06-22
NWF26061801033,2026-06-18,2026-06-23,80202,64105,1245,481.64,367.61,2026-06-25
NWF26061801034,2026-06-18,2026-06-26,90021,19104,2306,2376.07,1736.52,2026-06-27
NWF26061801035,2026-06-18,2026-06-23,46204,19104,979,501.55,520.5,2026-06-25
NWF26061801036,2026-06-18,2026-06-26,98108,07105,654,895.95,799.55,2026-06-27
NWF26061801037,2026-06-18,2026-06-25,46204,97209,747,626.26,484.92,2026-06-25
NWF26061801038,2026-06-18,2026-06-25,46204,97209,792,674.56,622.7,2026-06-25
NWF26061801039,2026-06-18,2026-06-22,60607,46204,3355,863.69,845.15,2026-06-23
NWF26061801040,2026-06-18,2026-06-26,19104,90021,995,1012.2,933.43,2026-07-05
NWF26061801041,2026-06-18,2026-06-19,48226,07105,1388,523.88,487.21,2026-06-21
NWF26061801042,2026-06-18,2026-06-22,48226,07105,1984,780.94,700.4,2026-06-22
NWF26061801043,2026-06-18,2026-06-22,75201,80202,552,299.86,282.67,2026-06-23
NWF26061801044,2026-06-18,2026-06-19,07105,19104,2958,750.79,537.3,2026-06-20
NWF26061801045,2026-06-18,2026-06-24,84101,55401,2235,1173.36,856.18,2026-06-26
NWF26061801046,2026-06-18,2026-06-26,46204,97209,506,398.94,287.86,2026-06-26
NWF26061801047,2026-06-18,2026-06-22,90021,97209,1334,659.93,637.27,2026-06-23
NWF26061801048,2026-06-18,2026-06-22,55401,84101,2038,1124.03,1335.11,2026-06-22
NWF26061801049,2026-06-18,2026-06-19,80202,64105,5829,2351.5,2010.91,2026-06-21
NWF26061801050,2026-06-18,2026-06-29,19104,90021,991,1000.66,966.94,2026-07-01
NWF26061801051,2026-06-18,2026-06-26,90021,48226,608,766.1,666.06,2026-06-27
NWF26061801052,2026-06-18,2026-06-26,19104,90021,4322,4173.81,3860.5,2026-06-27
NWF26061801053,2026-06-18,2026-06-22,84101,64105,325,177.76,125.83,2026-06-22
NWF26061801054,2026-06-18,2026-06-22,64105,46204,2420,880.3,752.2,2026-06-22
NWF26061801055,2026-06-18,2026-06-22,84101,97209,2124,944.07,744.0,2026-06-29
NWF26061801056,2026-06-18,2026-06-23,84101,55401,4934,2738.43,2216.43,2026-06-25
NWF26061801057,2026-06-18,2026-06-23,84101,75201,149,125.0,105.08,2026-06-25
NWF26061801058,2026-06-18,2026-06-23,55401,84101,1100,591.25,440.57,2026-06-25
NWF26061801059,2026-06-18,2026-06-22,80202,60607,4743,2599.96,1937.22,2026-06-24
NWF26061801060,2026-06-18,2026-06-19,60607,46204,1607,445.87,328.49,2026-06-20
NWF26061801061,2026-06-18,2026-06-22,30303,19104,3515,1390.27,1361.3,2026-06-24
NWF26061801062,2026-06-18,2026-06-19,60607,46204,1375,357.99,337.85,2026-06-20
NWF26061801063,2026-06-18,2026-06-24,80202,60607,734,371.39,269.25,2026-06-25
NWF26061801064,2026-06-18,2026-06-25,90021,30303,490,526.92,512.2,2026-06-26
NWF26061801065,2026-06-18,2026-06-23,30303,48226,626,256.43,247.86,2026-06-25
NWF26061801066,2026-06-18,2026-06-22,55401,75201,2613,1266.35,923.78,2026-06-23
NWF26061901067,2026-06-19,2026-06-26,46204,97209,1999,1710.09,1453.29,2026-06-26
NWF26061901068,2026-06-19,2026-06-22,46204,55401,1090,416.09,298.77,2026-06-23
NWF26061901069,2026-06-19,2026-06-23,64105,30303,2034,1058.96,902.89,2026-06-28
NWF26061901070,2026-06-19,2026-06-23,64105,30303,2091,1166.4,1074.35,2026-06-23
NWF26061901071,2026-06-19,2026-06-23,64105,30303,1215,597.01,441.6,2026-06-24
NWF26061901072,2026-06-19,2026-06-26,46204,97209,1248,1012.97,962.38,2026-06-26
NWF26061901073,2026-06-19,2026-06-30,90021,19104,100,125.0,94.45,2026-07-01
NWF26061901074,2026-06-19,2026-06-22,55401,46204,518,176.34,164.07,2026-06-22
NWF26061901075,2026-06-19,2026-06-23,46204,19104,2553,1163.03,1135.33,2026-06-23
NWF26061901076,2026-06-19,2026-06-23,07105,19104,1309,334.52,244.81,2026-06-24
NWF26061901077,2026-06-19,2026-06-23,55401,46204,2359,783.89,761.51,2026-06-25
NWF26061901078,2026-06-19,2026-06-24,46204,77002,1099,617.42,497.46,2026-06-26
NWF26061901079,2026-06-19,2026-06-23,60607,46204,1430,416.96,367.63,2026-06-24
NWF26061901080,2026-06-19,2026-06-29,90021,46204,1582,1457.8,1066.74,2026-06-30
NWF26061901081,2026-06-19,2026-06-24,46204,55401,1861,707.51,662.67,2026-06-26
NWF26061901082,2026-06-19,2026-06-26,77002,98108,12000,10809.99,10579.76,2026-06-26
NWF26061901083,2026-06-19,2026-06-29,19104,97209,1835,2103.97,1915.63,2026-07-01
NWF26061901084,2026-06-19,2026-06-25,55401,75201,1571,783.5,640.73,2026-06-27
NWF26061901085,2026-06-19,2026-06-24,30303,48226,636,225.41,218.86,2026-06-26
NWF26061901086,2026-06-19,2026-06-23,37203,46204,1121,266.83,252.5,2026-06-25
NWF26061901087,2026-06-19,2026-06-23,97209,80202,3577,1679.49,1247.77,2026-06-25
NWF26061901088,2026-06-19,2026-06-23,60607,46204,4448,1322.38,1139.63,2026-06-25
NWF26061901089,2026-06-19,2026-06-22,46204,55401,4417,1698.45,1236.27,2026-06-22
NWF26061901090,2026-06-19,2026-06-22,60607,46204,1773,502.41,485.14,2026-06-22
NWF26061901091,2026-06-19,2026-06-22,46204,38103,2162,741.04,665.54,2026-06-24
NWF26061901092,2026-06-19,2026-06-23,30303,48226,2052,779.05,683.08,2026-06-25
NWF26061901093,2026-06-19,2026-06-29,90021,19104,768,804.16,738.55,2026-07-01
NWF26061901094,2026-06-19,2026-06-23,30303,19104,719,280.87,202.7,2026-07-01
NWF26061901095,2026-06-19,2026-06-25,80202,60607,2795,1450.04,1269.06,2026-06-26
NWF26061901096,2026-06-19,2026-06-26,90021,19104,1954,2009.73,1574.92,2026-06-28
NWF26061901097,2026-06-19,2026-06-22,60607,46204,1976,516.22,468.56,2026-06-24
NWF26061901098,2026-06-19,2026-06-23,80202,64105,366,127.78,120.46,2026-06-23
NWF26061901099,2026-06-19,2026-06-29,19104,90021,340,382.89,296.71,2026-06-30
NWF26061901100,2026-06-19,2026-06-22,37203,46204,2070,546.85,449.56,2026-06-23
NWF26061901101,2026-06-19,2026-06-23,75201,85004,12000,6400.53,5184.37,2026-06-24
NWF26061901102,2026-06-19,2026-06-25,30303,84101,327,272.61,224.88,2026-06-26
NWF26061901103,2026-06-19,2026-06-22,60607,46204,1812,514.91,414.35,2026-06-23
NWF26061901104,2026-06-19,2026-06-23,75201,85004,377,213.94,167.34,2026-06-24
NWF26061901105,2026-06-19,2026-06-23,30303,48226,1242,451.69,343.4,2026-06-24
NWF26061901106,2026-06-19,2026-06-24,75201,37203,902,476.77,453.72,2026-06-25
NWF26061901107,2026-06-19,2026-06-22,60607,46204,1459,390.94,340.2,2026-06-24
NWF26061901108,2026-06-19,2026-06-30,90021,19104,901,957.85,756.35,2026-07-01
NWF26061901109,2026-06-19,2026-06-23,30303,19104,985,407.16,353.58,2026-06-25
NWF26061901110,2026-06-19,2026-06-23,80202,64105,1554,578.6,426.25,2026-06-25
NWF26061901111,2026-06-19,2026-06-22,19104,37203,6275,2399.88,2186.37,2026-06-23
NWF26061901112,2026-06-19,2026-06-25,55401,85004,577,492.8,413.03,2026-06-26
NWF26061901113,2026-06-19,2026-06-26,55401,98108,693,522.43,386.0,2026-06-26
NWF26061901114,2026-06-19,2026-06-24,75201,85004,219,134.12,128.96,2026-06-24
NWF26061901115,2026-06-19,2026-06-24,84101,64105,764,415.21,322.03,2026-06-26
NWF26061901116,2026-06-19,2026-06-23,55401,75201,4162,2143.67,1574.02,2026-06-24
NWF26061901117,2026-06-19,2026-06-24,84101,75201,3671,2496.71,1905.57,2026-06-26
NWF26061901118,2026-06-19,2026-06-24,48226,80202,2633,1687.25,1528.43,2026-06-24
NWF26061901119,2026-06-19,2026-06-24,55401,07105,867,455.19,393.9,2026-06-25
NWF26061901120,2026-06-19,2026-06-23,37203,46204,5679,1301.5,958.45,2026-06-24
NWF26061901121,2026-06-19,2026-06-26,46204,97209,1522,1228.52,955.53,2026-06-28
NWF26061901122,2026-06-19,2026-06-30,19104,97209,2179,2697.25,3143.57,2026-07-01
NWF26061901123,2026-06-19,2026-06-23,84101,97209,1253,612.86,516.16,2026-06-24
NWF26061901124,2026-06-19,2026-06-23,80202,60607,2996,1534.39,1200.39,2026-06-24
NWF26061901125,2026-06-19,2026-06-23,55401,46204,1378,479.36,422.3,2026-06-23
NWF26061901126,2026-06-19,2026-06-22,30303,19104,587,223.69,162.91,2026-06-24
NWF26061901127,2026-06-19,2026-06-23,75201,64105,1186,502.68,475.67,2026-06-23
NWF26061901128,2026-06-19,2026-06-23,55401,84101,1043,629.67,570.16,2026-06-25
NWF26061901129,2026-06-19,2026-06-23,60607,46204,1910,555.0,414.4,2026-06-23
NWF26061901130,2026-06-19,2026-06-23,37203,75201,2085,746.16,725.88,2026-06-25
NWF26061901131,2026-06-19,2026-06-24,90021,97209,495,242.27,169.65,2026-06-24
NWF26061901132,2026-06-19,2026-06-23,30303,19104,964,402.53,366.87,2026-06-24
NWF26061901133,2026-06-19,2026-06-26,98108,46204,899,833.97,711.21,2026-06-27
NWF26061901134,2026-06-19,2026-06-23,55401,75201,2664,1340.76,1132.93,2026-06-24
NWF26061901135,2026-06-19,2026-06-24,84101,64105,3577,1654.26,1611.28,2026-06-25
NWF26061901136,2026-06-19,2026-06-25,55401,85004,361,307.72,246.37,2026-06-26
NWF26061901137,2026-06-19,2026-06-22,60607,46204,263,125.0,96.79,2026-06-23
NWF26061901138,2026-06-19,2026-06-22,60607,46204,3257,856.75,738.74,2026-06-22
NWF26061901139,2026-06-19,2026-06-23,46204,38103,201,125.0,97.59,2026-06-25
NWF26061901140,2026-06-19,2026-06-23,07105,19104,2356,537.6,460.34,2026-06-24
NWF26061901141,2026-06-19,2026-06-24,64105,46204,835,297.94,277.42,2026-06-25
NWF26061901142,2026-06-19,2026-06-22,80202,64105,412,140.67,103.89,2026-06-24
NWF26061901143,2026-06-19,2026-06-24,37203,75201,8470,3495.37,2586.37,2026-07-01
NWF26061901144,2026-06-19,2026-06-23,19104,37203,3087,1280.48,1034.82,2026-06-24
NWF26062001145,2026-06-20,2026-06-23,19104,37203,1644,649.97,614.39,2026-06-25
NWF26062001146,2026-06-20,2026-06-24,90021,97209,777,359.31,282.2,2026-06-26
NWF26062001147,2026-06-20,2026-06-23,46204,55401,434,175.56,147.66,2026-06-24
NWF26062001148,2026-06-20,2026-06-26,90021,46204,425,369.04,439.78,2026-07-01
NWF26062101149,2026-06-21,2026-06-25,97209,80202,1427,748.32,642.33,2026-06-25
NWF26062101150,2026-06-21,2026-06-26,48226,85004,3631,2885.02,2063.69,2026-06-27
NWF26062101151,2026-06-21,2026-06-22,60607,46204,3869,1126.22,1060.91,2026-06-24
NWF26062101152,2026-06-21,2026-06-23,55401,46204,3796,1278.46,1096.12,2026-06-23
NWF26062201153,2026-06-22,2026-07-01,90021,19104,1756,1987.08,1791.08,2026-07-03
NWF26062201154,2026-06-22,2026-06-24,84101,75201,1646,983.79,744.93,2026-07-04
NWF26062201155,2026-06-22,2026-06-23,30303,48226,3227,1232.56,926.31,2026-06-24
NWF26062201156,2026-06-22,2026-06-25,77002,85004,8209,4696.36,3855.98,2026-06-30
NWF26062201157,2026-06-22,2026-06-29,98108,46204,1816,1820.39,1552.92,2026-06-30
NWF26062201158,2026-06-22,2026-06-25,84101,75201,4850,3258.74,2638.05,2026-06-26
NWF26062201159,2026-06-22,2026-06-23,55401,48226,1259,578.16,621.92,2026-06-24
NWF26062201160,2026-06-22,2026-06-23,30303,19104,1194,476.02,464.07,2026-06-23
NWF26062201161,2026-06-22,2026-06-26,90021,46204,2227,1778.43,1571.52,2026-06-27
NWF26062201162,2026-06-22,2026-06-25,55401,75201,2481,1365.22,1207.35,2026-06-27
NWF26062201163,2026-06-22,2026-06-25,75201,84101,310,196.72,174.0,2026-06-27
NWF26062201164,2026-06-22,2026-06-24,37203,75201,811,314.82,224.33,2026-06-24
NWF26062201165,2026-06-22,2026-06-25,80202,60607,1223,697.45,646.11,2026-06-25
NWF26062201166,2026-06-22,2026-06-30,90021,19104,2564,2582.39,2250.12,2026-07-01
NWF26062201167,2026-06-22,2026-06-25,90021,97209,3504,1870.01,1477.16,2026-06-25
NWF26062201168,2026-06-22,2026-06-29,90021,30303,1588,1491.88,1227.08,2026-07-01
NWF26062201169,2026-06-22,2026-06-26,30303,84101,509,441.16,391.41,2026-06-26
NWF26062201170,2026-06-22,2026-06-26,90021,46204,1059,847.4,637.14,2026-06-27
NWF26062201171,2026-06-22,2026-06-25,46204,55401,1402,589.59,553.6,2026-06-26
NWF26062201172,2026-06-22,2026-06-24,60607,46204,4607,1195.48,1009.98,2026-06-24
NWF26062201173,2026-06-22,2026-06-25,30303,19104,1481,657.74,513.81,2026-06-27
NWF26062201174,2026-06-22,2026-06-26,90021,46204,2568,2152.0,1828.43,2026-06-28
NWF26062201175,2026-06-22,2026-06-24,55401,46204,1209,421.89,308.42,2026-06-26
NWF26062201176,2026-06-22,2026-06-23,80202,64105,1036,375.84,343.57,2026-06-25
NWF26062201177,2026-06-22,2026-06-30,98108,07105,427,575.49,493.7,2026-07-01
NWF26062201178,2026-06-22,2026-06-25,46204,77002,1655,1006.56,971.38,2026-06-25
NWF26062201179,2026-06-22,2026-06-24,30303,19104,1442,593.5,465.88,2026-06-24
NWF26062201180,2026-06-22,2026-06-25,19104,37203,483,188.78,211.53,2026-06-26
NWF26062201181,2026-06-22,2026-06-23,37203,46204,1183,273.01,224.58,2026-06-24
NWF26062201182,2026-06-22,2026-06-23,46204,55401,1276,470.25,406.67,2026-07-02
NWF26062201183,2026-06-22,2026-06-24,30303,19104,972,369.65,304.15,2026-06-25
NWF26062201184,2026-06-22,2026-06-23,60607,46204,602,174.12,153.9,2026-06-23
NWF26062201185,2026-06-22,2026-06-26,55401,85004,2312,1949.82,1485.14,2026-06-28
NWF26062201186,2026-06-22,2026-06-23,46204,37203,2186,680.55,609.34,2026-06-24
NWF26062201187,2026-06-22,2026-06-29,90021,19104,2951,3112.44,2356.1,2026-06-29
NWF26062201188,2026-06-22,2026-07-01,19104,90021,1520,1644.12,1740.76,2026-07-07
NWF26062201189,2026-06-22,2026-06-24,90021,97209,2635,1319.3,1034.48,2026-06-25
NWF26062201190,2026-06-22,2026-06-25,60607,64105,1190,405.33,334.12,2026-06-25
NWF26062201191,2026-06-22,2026-06-29,19104,97209,1596,1659.59,1516.27,2026-06-30
NWF26062201192,2026-06-22,2026-06-25,19104,37203,2341,907.75,846.19,2026-06-27
NWF26062201193,2026-06-22,2026-06-24,19104,37203,8456,3422.73,3308.72,2026-06-26
NWF26062201194,2026-06-22,2026-06-25,55401,75201,1763,921.29,686.83,2026-06-25
NWF26062201195,2026-06-22,2026-06-25,80202,30303,542,329.16,322.46,2026-06-26
NWF26062201196,2026-06-22,2026-06-23,60607,46204,585,156.45,120.49,2026-06-23
NWF26062201197,2026-06-22,2026-07-01,98108,19104,1607,1860.24,1395.29,2026-07-01
NWF26062201198,2026-06-22,2026-06-25,55401,75201,4790,2665.4,2028.36,2026-06-26
NWF26062201199,2026-06-22,2026-06-30,90021,19104,6348,6920.32,5344.16,2026-07-01
NWF26062201200,2026-06-22,2026-06-30,98108,19104,1726,2146.21,1532.14,2026-06-30
NWF26062201201,2026-06-22,2026-06-25,84101,75201,4546,2684.62,2418.47,2026-06-26
NWF26062201202,2026-06-22,2026-06-24,80202,64105,1483,526.9,384.93,2026-06-26
NWF26062201203,2026-06-22,2026-06-25,46204,19104,543,273.28,243.41,2026-06-26
NWF26062201204,2026-06-22,2026-06-24,07105,19104,455,125.0,101.78,2026-06-25
NWF26062201205,2026-06-22,2026-06-23,60607,46204,3322,983.81,828.66,2026-06-23
NWF26062201206,2026-06-22,2026-06-24,30303,48226,1949,694.59,634.53,2026-06-24
NWF26062201207,2026-06-22,2026-06-23,60607,46204,2809,727.98,688.65,2026-06-24
NWF26062201208,2026-06-22,2026-06-30,19104,97209,1458,1570.87,1352.63,2026-06-30
NWF26062201209,2026-06-22,2026-06-24,55401,84101,2256,1458.52,1188.37,2026-06-26
NWF26062201210,2026-06-22,2026-06-24,46204,19104,970,433.33,398.74,2026-06-26
NWF26062201211,2026-06-22,2026-06-29,30303,85004,2493,1916.22,1524.62,2026-06-30
NWF26062201212,2026-06-22,2026-06-25,55401,46204,539,194.75,147.12,2026-06-25
NWF26062201213,2026-06-22,2026-06-25,75201,85004,869,505.22,420.12,2026-06-26
NWF26062201214,2026-06-22,2026-06-23,80202,64105,1462,536.27,438.81,2026-06-23
NWF26062201215,2026-06-22,2026-06-24,75201,64105,5337,2211.36,2619.77,2026-06-25
NWF26062201216,2026-06-22,2026-06-25,80202,30303,2798,1756.64,1602.31,2026-06-27
NWF26062201217,2026-06-22,2026-06-23,90021,97209,1716,869.5,701.01,2026-06-25
NWF26062201218,2026-06-22,2026-06-24,60607,46204,917,260.42,247.73,2026-06-25
NWF26062201219,2026-06-22,2026-06-30,19104,90021,1033,992.96,921.38,2026-07-01
NWF26062201220,2026-06-22,2026-06-24,55401,46204,1830,565.12,440.65,2026-06-25
NWF26062201221,2026-06-22,2026-06-23,46204,38103,2943,1206.98,1179.06,2026-06-25
NWF26062301222,2026-06-23,2026-06-26,64105,98108,1420,992.85,706.05,2026-06-26
NWF26062301223,2026-06-23,2026-06-25,80202,64105,2015,759.19,708.09,2026-06-27
NWF26062301224,2026-06-23,2026-06-24,37203,46204,3280,805.01,622.8,2026-06-26
NWF26062301225,2026-06-23,2026-06-29,84101,75201,2154,1281.11,952.99,2026-07-01
NWF26062301226,2026-06-23,2026-06-25,84101,55401,1806,1080.11,1107.23,2026-06-26
NWF26062301227,2026-06-23,2026-06-25,46204,55401,2289,913.81,882.53,2026-06-25
NWF26062301228,2026-06-23,2026-06-24,60607,46204,2694,709.42,589.98,2026-06-26
NWF26062301229,2026-06-23,2026-06-29,55401,85004,350,250.13,211.25,2026-06-29
NWF26062301230,2026-06-23,2026-06-24,46204,38103,1354,534.01,379.61,2026-06-25
NWF26062301231,2026-06-23,2026-06-24,60607,46204,800,225.69,218.29,2026-06-25
NWF26062301232,2026-06-23,2026-06-26,84101,75201,1350,894.81,762.52,2026-06-26
NWF26062301233,2026-06-23,2026-06-25,37203,75201,1146,430.67,352.7,2026-06-27
NWF26062301234,2026-06-23,2026-06-29,84101,64105,3498,1887.16,1576.62,2026-07-01
NWF26062301235,2026-06-23,2026-06-25,55401,48226,838,388.74,368.97,2026-06-27
NWF26062301236,2026-06-23,2026-06-25,90021,97209,866,416.82,343.35,2026-06-26
NWF26062301237,2026-06-23,2026-06-26,75201,84101,484,278.84,230.14,2026-07-05
NWF26062301238,2026-06-23,2026-06-26,64105,30303,1765,946.8,668.04,2026-06-26
NWF26062301239,2026-06-23,2026-06-25,55401,84101,983,613.21,645.47,2026-06-25
NWF26062301240,2026-06-23,2026-06-30,90021,30303,3016,3110.88,2430.38,2026-07-01
NWF26062301241,2026-06-23,2026-06-24,55401,48226,1542,644.78,603.99,2026-06-24
NWF26062301242,2026-06-23,2026-06-26,55401,46204,2497,760.08,691.66,2026-06-28
NWF26062301243,2026-06-23,2026-06-24,30303,48226,1429,573.07,404.38,2026-06-26
NWF26062301244,2026-06-23,2026-06-25,19104,37203,363,142.22,132.66,2026-06-26
NWF26062301245,2026-06-23,2026-06-26,55401,46204,568,179.34,138.81,2026-06-27
NWF26062301246,2026-06-23,2026-06-24,46204,37203,1646,581.24,493.64,2026-06-25
NWF26062301247,2026-06-23,2026-06-29,84101,55401,2396,1402.57,991.57,2026-06-30
NWF26062301248,2026-06-23,2026-06-24,37203,64105,642,234.57,205.57,2026-07-04
NWF26062301249,2026-06-23,2026-06-24,64105,30303,6225,2998.43,2437.41,2026-06-26
NWF26062301250,2026-06-23,2026-06-25,75201,60607,2047,1203.28,981.06,2026-06-25
NWF26062301251,2026-06-23,2026-07-02,19104,90021,1628,1518.51,1356.5,2026-07-04
NWF26062301252,2026-06-23,2026-06-25,55401,46204,3194,1063.94,888.65,2026-06-25
NWF26062301253,2026-06-23,2026-06-25,46204,38103,732,297.55,217.76,2026-06-25
NWF26062301254,2026-06-23,2026-06-24,60607,46204,1456,438.82,451.72,2026-06-26
NWF26062301255,2026-06-23,2026-06-25,19104,37203,2326,953.01,766.27,2026-06-26
NWF26062301256,2026-06-23,2026-06-26,55401,46204,489,171.2,144.74,2026-06-26
NWF26062301257,2026-06-23,2026-06-29,55401,98108,2449,1741.85,1923.14,2026-06-30
NWF26062301258,2026-06-23,2026-06-25,64105,46204,3624,1284.98,1149.2,2026-06-25
NWF26062301259,2026-06-23,2026-06-25,64105,46204,1330,487.96,417.97,2026-06-25
NWF26062301260,2026-06-23,2026-06-24,84101,97209,1654,828.78,673.72,2026-06-26
NWF26062301261,2026-06-23,2026-06-30,19104,97209,2173,2375.09,1730.61,2026-07-10
NWF26062301262,2026-06-23,2026-06-24,90021,97209,503,252.04,195.99,2026-06-26
NWF26062301263,2026-06-23,2026-06-29,80202,30303,875,604.31,527.07,2026-06-29
NWF26062301264,2026-06-23,2026-07-01,19104,90021,1440,1539.68,1218.79,2026-07-01
NWF26062301265,2026-06-23,2026-06-26,64105,98108,1064,725.86,571.47,2026-06-26
NWF26062301266,2026-06-23,2026-07-01,90021,19104,8567,9566.31,8009.17,2026-07-03
NWF26062301267,2026-06-23,2026-07-01,90021,19104,1804,2136.1,2006.88,2026-07-03
NWF26062301268,2026-06-23,2026-06-25,48226,07105,5125,2083.55,1569.9,2026-06-25
NWF26062301269,2026-06-23,2026-06-24,46204,38103,1451,528.38,383.79,2026-06-26
NWF26062301270,2026-06-23,2026-06-25,19104,37203,1629,623.05,731.38,2026-06-26
NWF26062301271,2026-06-23,2026-06-24,60607,46204,1365,411.45,374.48,2026-06-25
NWF26062301272,2026-06-23,2026-06-26,80202,64105,2652,1042.03,983.53,2026-06-26
NWF26062301273,2026-06-23,2026-06-30,90021,48226,1712,1811.09,1543.67,2026-07-02
NWF26062301274,2026-06-23,2026-06-24,60607,46204,2817,822.95,784.77,2026-06-26
NWF26062301275,2026-06-23,2026-06-24,80202,64105,2061,799.23,573.22,2026-06-24
NWF26062301276,2026-06-23,2026-06-26,84101,55401,501,275.81,208.41,2026-06-28
NWF26062301277,2026-06-23,2026-06-25,84101,55401,867,483.89,415.71,2026-06-26
NWF26062301278,2026-06-23,2026-06-26,80202,60607,2824,1347.53,1063.07,2026-06-26
NWF26062301279,2026-06-23,2026-06-26,55401,84101,753,408.65,368.93,2026-06-28
NWF26062301280,2026-06-23,2026-06-26,84101,55401,1974,1055.99,832.49,2026-06-27
NWF26062301281,2026-06-23,2026-06-30,90021,19104,746,855.58,662.28,2026-07-01
NWF26062301282,2026-06-23,2026-07-01,90021,46204,1994,1790.68,2164.36,2026-07-01
NWF26062301283,2026-06-23,2026-06-29,64105,98108,369,245.28,227.38,2026-06-30
NWF26062301284,2026-06-23,2026-06-24,37203,46204,1443,380.15,275.77,2026-06-24
NWF26062301285,2026-06-23,2026-06-29,55401,75201,1828,883.1,763.27,2026-07-01
NWF26062301286,2026-06-23,2026-06-24,60607,46204,5453,1378.53,1127.63,2026-06-24
NWF26062301287,2026-06-23,2026-06-26,19104,37203,850,319.06,225.28,2026-06-28
NWF26062301288,2026-06-23,2026-06-24,60607,46204,1206,360.76,278.04,2026-06-25
NWF26062301289,2026-06-23,2026-06-29,84101,75201,4273,2733.98,2506.35,2026-07-01
NWF26062301290,2026-06-23,2026-06-25,80202,64105,1737,702.11,681.24,2026-06-27
NWF26062301291,2026-06-23,2026-06-26,84101,55401,653,411.01,399.38,2026-06-27
NWF26062301292,2026-06-23,2026-06-26,55401,75201,1040,512.86,388.2,2026-06-26
NWF26062301293,2026-06-23,2026-06-29,84101,75201,2988,1933.7,1540.23,2026-07-01
NWF26062301294,2026-06-23,2026-06-26,64105,30303,1317,686.9,527.52,2026-06-26
NWF26062301295,2026-06-23,2026-07-02,19104,90021,3788,3785.38,2949.93,2026-07-04
NWF26062401296,2026-06-24,2026-06-25,30303,48226,443,177.92,153.76,2026-06-25
NWF26062401297,2026-06-24,2026-06-26,90021,97209,1066,558.38,486.32,2026-06-28
NWF26062401298,2026-06-24,2026-06-26,64105,30303,1399,705.92,512.5,2026-06-27
NWF26062401299,2026-06-24,2026-07-02,30303,98108,630,636.41,492.0,2026-07-02
NWF26062401300,2026-06-24,2026-06-29,30303,48226,1437,584.38,465.73,2026-06-29
NWF26062401301,2026-06-24,2026-07-01,30303,84101,498,436.44,306.92,2026-07-02
NWF26062401302,2026-06-24,2026-06-29,90021,97209,972,491.05,426.73,2026-07-01
NWF26062401303,2026-06-24,2026-06-29,30303,48226,1325,511.3,410.14,2026-07-01
NWF26062401304,2026-06-24,2026-06-29,90021,97209,2055,1014.07,884.34,2026-06-29
NWF26062401305,2026-06-24,2026-06-29,55401,75201,1321,701.37,563.49,2026-06-29
NWF26062401306,2026-06-24,2026-06-29,64105,98108,705,436.77,345.44,2026-06-29
NWF26062401307,2026-06-24,2026-07-02,90021,46204,960,771.98,697.48,2026-07-03
NWF26062401308,2026-06-24,2026-07-01,98108,07105,1204,1657.28,1579.39,2026-07-03
NWF26062401309,2026-06-24,2026-06-29,55401,75201,554,268.04,260.94,2026-06-30
NWF26062401310,2026-06-24,2026-06-26,55401,46204,2233,770.12,604.2,2026-06-28
NWF26062401311,2026-06-24,2026-06-30,30303,85004,8404,6509.66,5346.79,2026-07-02
NWF26062401312,2026-06-24,2026-06-30,30303,85004,803,624.02,479.41,2026-07-02
NWF26062401313,2026-06-24,2026-06-26,37203,64105,2643,1091.09,1001.54,2026-06-28
NWF26062401314,2026-06-24,2026-06-26,30303,48226,759,262.06,198.64,2026-06-27
NWF26062401315,2026-06-24,2026-06-26,84101,97209,1016,448.85,354.99,2026-06-28
NWF26062401316,2026-06-24,2026-06-25,75201,64105,4159,1729.37,1369.75,2026-06-25
NWF26061801040,2026-06-18,2026-06-26,19104,90021,995,1012.2,933.43,2026-07-05
NWF26062401317,2026-06-24,2026-07-01,98108,07105,346,408.85,384.0,2026-07-03
NWF26062401318,2026-06-24,2026-06-30,75201,85004,1087,625.82,538.18,2026-07-02
NWF26062401319,2026-06-24,2026-07-01,90021,30303,1484,1540.38,1273.0,2026-07-03
NWF26062401320,2026-06-24,2026-06-25,60607,46204,2071,570.88,521.89,2026-07-02
NWF26062401321,2026-06-24,2026-06-29,84101,55401,4105,2383.91,1921.34,2026-06-29
NWF26062401322,2026-06-24,2026-06-29,30303,48226,896,328.88,309.86,2026-07-01
NWF26062401323,2026-06-24,2026-07-01,48226,85004,2532,2252.5,1778.2,2026-07-03
NWF26062401324,2026-06-24,2026-07-03,90021,19104,817,881.96,829.51,2026-07-04
NWF26062401325,2026-06-24,2026-06-29,77002,85004,562,293.9,229.47,2026-06-30
NWF26062401326,2026-06-24,2026-07-02,19104,97209,1850,2156.72,1762.19,2026-07-04
NWF26062401327,2026-06-24,2026-06-29,80202,64105,530,198.99,143.78,2026-06-29
NWF26062401328,2026-06-24,2026-07-01,19104,90021,631,649.48,471.18,2026-07-03
NWF26062401329,2026-06-24,2026-06-26,30303,48226,1427,592.02,490.29,2026-06-26
NWF26062401330,2026-06-24,2026-06-29,37203,64105,2016,734.83,840.94,2026-07-06
NWF26062401331,2026-06-24,2026-06-26,84101,75201,1264,768.62,637.34,2026-06-27
NWF26062401332,2026-06-24,2026-07-02,46204,97209,2943,2646.15,1904.05,2026-07-04
NWF26062401333,2026-06-24,2026-06-25,75201,80202,1200,635.68,466.51,2026-06-27
NWF26062401334,2026-06-24,2026-06-26,80202,64105,1271,457.13,370.99,2026-06-27
NWF26062401335,2026-06-24,2026-06-26,30303,48226,6811,2578.68,2373.62,2026-06-28
NWF26062401336,2026-06-24,2026-06-30,84101,55401,737,417.41,331.9,2026-06-30
NWF26062401337,2026-06-24,2026-06-30,30303,85004,653,469.92,422.25,2026-07-01
NWF26062401338,2026-06-24,2026-06-25,46204,37203,979,332.4,285.57,2026-06-25
NWF26062401339,2026-06-24,2026-06-26,55401,46204,1898,612.52,551.54,2026-06-27
NWF26062401340,2026-06-24,2026-06-29,75201,64105,1854,796.51,586.22,2026-06-30
NWF26062401341,2026-06-24,2026-06-25,60607,46204,730,194.84,175.73,2026-06-26
NWF26062401342,2026-06-24,2026-06-29,37203,64105,2258,888.49,752.14,2026-07-01
NWF26062401343,2026-06-24,2026-06-29,75201,85004,1460,879.07,618.85,2026-07-08
NWF26062401344,2026-06-24,2026-07-02,19104,90021,828,904.72,833.24,2026-07-03
NWF26062401345,2026-06-24,2026-06-30,55401,75201,3167,1559.17,1179.84,2026-07-02
NWF26062401346,2026-06-24,2026-06-29,80202,60607,1089,572.53,486.5,2026-06-29
NWF26062401347,2026-06-24,2026-06-29,55401,75201,1459,804.71,604.46,2026-06-29
NWF26062401348,2026-06-24,2026-06-30,80202,19104,1314,1017.75,869.72,2026-07-02
NWF26062401349,2026-06-24,2026-06-29,75201,60607,1446,804.74,695.29,2026-06-29
NWF26062401350,2026-06-24,2026-06-26,55401,46204,2468,850.7,642.27,2026-06-27
NWF26062401351,2026-06-24,2026-06-26,46204,55401,1507,585.33,503.04,2026-06-28
NWF26062401352,2026-06-24,2026-07-02,90021,19104,2246,2629.55,2293.06,2026-07-03
NWF26062401353,2026-06-24,2026-06-29,84101,55401,1841,992.5,835.73,2026-06-30
NWF26062401354,2026-06-24,2026-07-01,46204,97209,870,758.16,596.27,2026-07-02
NWF26062401355,2026-06-24,2026-06-26,80202,64105,4208,1577.51,1183.23,2026-06-26
NWF26062401356,2026-06-24,2026-06-26,19104,37203,1128,455.25,341.96,2026-06-26
NWF26062401357,2026-06-24,2026-07-02,19104,90021,446,459.06,409.36,2026-07-04
NWF26062401358,2026-06-24,2026-06-29,84101,75201,1037,660.16,493.87,2026-06-30
NWF26062401359,2026-06-24,2026-06-26,37203,75201,8463,3195.16,3071.17,2026-06-27
NWF26062401360,2026-06-24,2026-06-26,07105,19104,983,245.63,202.87,2026-06-27
NWF26062401361,2026-06-24,2026-06-26,80202,64105,983,342.26,283.37,2026-06-26
NWF26062401362,2026-06-24,2026-06-26,84101,75201,189,125.0,102.46,2026-06-28
NWF26062401363,2026-06-24,2026-06-29,84101,55401,4071,2318.41,1800.73,2026-07-06
NWF26062401364,2026-06-24,2026-06-30,84101,55401,6202,3898.03,3761.9,2026-07-02
NWF26062401365,2026-06-24,2026-06-26,37203,75201,2042,886.93,766.41,2026-06-28
NWF26062401366,2026-06-24,2026-07-02,98108,07105,1535,1865.47,1552.29,2026-07-03
NWF26062401367,2026-06-24,2026-06-26,55401,07105,8604,5155.48,4460.24,2026-06-26
NWF26062401368,2026-06-24,2026-06-25,46204,38103,831,324.64,277.85,2026-06-25
NWF26062401369,2026-06-24,2026-06-26,90021,97209,2136,1125.2,1072.8,2026-06-26
NWF26062401370,2026-06-24,2026-07-01,19104,90021,779,757.8,736.58,2026-07-03
NWF26062401371,2026-06-24,2026-06-29,55401,98108,352,245.52,227.28,2026-06-29
NWF26062401372,2026-06-24,2026-06-26,19104,37203,1424,563.15,399.26,2026-06-28
NWF26062401373,2026-06-24,2026-06-30,55401,85004,1853,1510.59,1296.51,2026-07-02
NWF26062501374,2026-06-25,2026-06-30,60607,64105,1694,608.61,458.56,2026-07-01
NWF26062501375,2026-06-25,2026-07-01,55401,75201,686,334.39,287.93,2026-07-01
NWF26062501376,2026-06-25,2026-06-29,30303,48226,660,247.35,173.73,2026-06-30
NWF26062501377,2026-06-25,2026-07-01,46204,97209,2305,1997.22,1763.57,2026-07-02
NWF26062501378,2026-06-25,2026-07-03,90021,19104,2810,2907.34,2155.85,2026-07-03
NWF26062501379,2026-06-25,2026-06-29,55401,46204,638,195.73,184.72,2026-06-29
NWF26062501380,2026-06-25,2026-07-03,19104,90021,1213,1365.14,1038.63,2026-07-04
NWF26062501381,2026-06-25,2026-06-29,75201,37203,1260,662.95,573.62,2026-07-01
NWF26062501382,2026-06-25,2026-06-26,19104,37203,1988,837.06,614.15,2026-06-27
NWF26062501383,2026-06-25,2026-06-30,84101,55401,1026,648.77,599.42,2026-07-10
NWF26062501384,2026-06-25,2026-06-30,84101,64105,1319,715.61,581.14,2026-07-01
NWF26062501385,2026-06-25,2026-07-01,48226,84101,3166,3099.08,2430.28,2026-07-03
NWF26062501386,2026-06-25,2026-07-03,19104,97209,1051,1314.77,1021.47,2026-07-03
NWF26062501387,2026-06-25,2026-06-26,07105,19104,634,139.78,103.94,2026-06-26
NWF26062501388,2026-06-25,2026-06-29,60607,46204,302,125.0,109.11,2026-06-29
NWF26062501389,2026-06-25,2026-06-29,46204,55401,1442,596.26,529.02,2026-06-29
NWF26062501390,2026-06-25,2026-06-29,80202,64105,708,258.9,242.23,2026-06-29
NWF26062501391,2026-06-25,2026-07-03,98108,07105,515,666.99,564.98,2026-07-04
NWF26062501392,2026-06-25,2026-07-03,90021,19104,507,613.45,576.47,2026-07-05
NWF26062501393,2026-06-25,2026-07-02,98108,46204,2928,2700.57,2298.72,2026-07-03
NWF26062501394,2026-06-25,2026-07-01,55401,85004,4040,2910.53,2456.85,2026-07-01
NWF26062501395,2026-06-25,2026-07-03,19104,97209,4558,5002.14,4362.89,2026-07-03
NWF26062501396,2026-06-25,2026-06-30,84101,55401,545,311.76,269.8,2026-06-30
NWF26062501397,2026-06-25,2026-07-06,19104,90021,1145,1241.23,1164.53,2026-07-08
NWF26062501398,2026-06-25,2026-06-29,30303,19104,843,326.66,231.78,2026-06-30
NWF26062501399,2026-06-25,2026-07-02,19104,90021,1695,1699.72,1489.02,2026-07-03
NWF26062501400,2026-06-25,2026-06-29,55401,75201,498,261.64,191.78,2026-06-30
NWF26062501401,2026-06-25,2026-07-03,98108,07105,2885,3889.21,3253.17,2026-07-05
NWF26062501402,2026-06-25,2026-07-02,46204,97209,2285,2078.09,2360.35,2026-07-02
NWF26062501403,2026-06-25,2026-07-01,55401,07105,2342,1361.21,1000.98,2026-07-02
NWF26062501404,2026-06-25,2026-07-01,64105,98108,1424,1011.7,927.99,2026-07-03
NWF26062501405,2026-06-25,2026-06-26,60607,46204,1662,453.22,346.5,2026-06-26
NWF26062501406,2026-06-25,2026-06-29,30303,48226,725,285.28,249.08,2026-07-01
NWF26062501407,2026-06-25,2026-07-01,55401,98108,4049,2738.88,2652.7,2026-07-02
NWF26062501408,2026-06-25,2026-07-02,90021,19104,1330,1595.97,1117.34,2026-07-04
NWF26062501409,2026-06-25,2026-07-03,19104,90021,6278,7095.27,5084.34,2026-07-04
NWF26062501410,2026-06-25,2026-07-01,77002,85004,9187,5598.67,4299.16,2026-07-02
NWF26062501411,2026-06-25,2026-06-29,60607,46204,823,218.14,210.66,2026-06-29
NWF26062501412,2026-06-25,2026-06-30,84101,55401,2006,1088.23,805.15,2026-07-10
NWF26062501413,2026-06-25,2026-06-29,60607,46204,1485,439.02,380.88,2026-07-04
NWF26061901099,2026-06-19,2026-06-29,19104,90021,340,382.89,296.71,2026-06-30
NWF26062501414,2026-06-25,2026-06-30,77002,85004,1618,841.81,796.75,2026-07-01
NWF26062501415,2026-06-25,2026-07-02,48226,84101,569,513.03,383.32,2026-07-03
NWF26062501416,2026-06-25,2026-06-30,64105,30303,1993,1018.34,960.72,2026-07-01
NWF26062501417,2026-06-25,2026-07-02,90021,48226,8104,10078.37,8861.65,2026-07-03
NWF26062501418,2026-06-25,2026-07-01,48226,80202,695,439.46,389.52,2026-07-03
NWF26062501419,2026-06-25,2026-06-26,60607,46204,1760,530.06,544.35,2026-06-28
NWF26062501420,2026-06-25,2026-06-30,80202,60607,2043,1084.83,1007.03,2026-07-01
NWF26062501421,2026-06-25,2026-07-06,19104,97209,1202,1479.42,1051.03,2026-07-08
NWF26062501422,2026-06-25,2026-07-01,80202,30303,870,567.76,449.73,2026-07-01
NWF26062501423,2026-06-25,2026-06-30,84101,55401,2661,1631.46,1299.19,2026-07-01
NWF26062501424,2026-06-25,2026-06-30,55401,75201,445,254.42,196.84,2026-07-02
NWF26062501425,2026-06-25,2026-06-30,90021,97209,1540,742.73,592.39,2026-06-30
NWF26062501426,2026-06-25,2026-07-03,98108,07105,2587,3506.71,2678.14,2026-07-05
NWF26062501427,2026-06-25,2026-07-01,80202,60607,995,532.04,485.13,2026-07-06
NWF26062501428,2026-06-25,2026-07-03,98108,07105,1224,1448.65,1517.38,2026-07-05
NWF26062501429,2026-06-25,2026-06-26,37203,46204,1969,493.64,400.55,2026-06-26
NWF26062501430,2026-06-25,2026-06-29,80202,60607,4174,2129.9,1648.0,2026-06-30
NWF26062501431,2026-06-25,2026-06-30,30303,48226,2972,1154.84,834.97,2026-06-30
NWF26062501432,2026-06-25,2026-07-01,30303,85004,1972,1538.45,1266.61,2026-07-01
NWF26062501433,2026-06-25,2026-06-26,46204,37203,1343,443.43,434.36,2026-06-28
NWF26062501434,2026-06-25,2026-06-26,60607,46204,6714,2063.01,1875.49,2026-06-27
NWF26062501435,2026-06-25,2026-06-26,46204,38103,115,125.0,106.41,2026-06-27
NWF26062501436,2026-06-25,2026-07-03,46204,97209,1487,1403.31,1290.46,2026-07-10
NWF26062501437,2026-06-25,2026-07-02,19104,90021,4061,4388.59,3953.76,2026-07-02
NWF26062501438,2026-06-25,2026-06-30,55401,75201,1559,830.9,697.29,2026-06-30
NWF26062501439,2026-06-25,2026-07-01,64105,98108,1525,1013.82,955.95,2026-07-01
NWF26062501440,2026-06-25,2026-06-30,37203,75201,928,396.43,280.56,2026-07-02
NWF26062501441,2026-06-25,2026-06-29,90021,97209,608,308.82,242.96,2026-06-30
NWF26062501442,2026-06-25,2026-06-29,97209,80202,3218,1641.97,1501.68,2026-06-30
NWF26062501443,2026-06-25,2026-07-03,46204,97209,3264,2964.31,2133.96,2026-07-05
NWF26062501444,2026-06-25,2026-07-02,30303,84101,1085,899.03,805.77,2026-07-03
NWF26062501445,2026-06-25,2026-06-26,37203,46204,657,150.25,120.12,2026-06-27
NWF26062501446,2026-06-25,2026-07-01,80202,60607,928,468.38,412.75,2026-07-01
NWF26062501447,2026-06-25,2026-06-29,55401,46204,1135,416.35,456.4,2026-07-01
NWF26062501448,2026-06-25,2026-06-26,60607,46204,453,125.0,95.14,2026-06-28
NWF26062501449,2026-06-25,2026-06-30,30303,48226,633,259.35,237.6,2026-06-30
NWF26062501450,2026-06-25,2026-06-26,60607,46204,2213,674.42,648.66,2026-06-28
NWF26062501451,2026-06-25,2026-06-30,55401,46204,4178,1431.59,1401.89,2026-07-02
NWF26062501452,2026-06-25,2026-07-01,64105,98108,1061,671.71,574.48,2026-07-01
NWF26062501453,2026-06-25,2026-07-01,97209,80202,2395,1221.32,977.46,2026-07-03
NWF26062601454,2026-06-26,2026-06-29,37203,46204,1518,364.12,308.65,2026-07-01
NWF26062601455,2026-06-26,2026-07-01,30303,48226,1516,560.05,462.28,2026-07-02
NWF26062601456,2026-06-26,2026-06-29,46204,38103,406,157.04,123.38,2026-07-01
NWF26062601457,2026-06-26,2026-06-29,37203,46204,1456,394.62,310.17,2026-07-01
NWF26062601458,2026-06-26,2026-07-01,75201,85004,1070,540.5,524.66,2026-07-03
NWF26062601459,2026-06-26,2026-06-30,30303,19104,2784,1087.01,873.77,2026-06-30
NWF26062601460,2026-06-26,2026-06-30,55401,75201,804,403.52,363.14,2026-07-02
NWF26062601461,2026-06-26,2026-06-29,60607,46204,510,154.45,113.15,2026-07-01
NWF26062601462,2026-06-26,2026-07-03,98108,46204,473,411.1,304.08,2026-07-04
NWF26062601463,2026-06-26,2026-07-02,84101,75201,12000,7659.54,5383.61,2026-07-03
NWF26062601464,2026-06-26,2026-06-30,75201,60607,203,125.0,87.87,2026-07-02
NWF26062601465,2026-06-26,2026-07-01,90021,97209,271,125.0,91.5,2026-07-01
NWF26062601466,2026-06-26,2026-06-30,46204,55401,491,207.66,168.52,2026-07-02
NWF26062601467,2026-06-26,2026-07-03,30303,85004,2530,1977.61,1496.25,2026-07-03
NWF26062601468,2026-06-26,2026-07-06,98108,19104,698,904.42,679.81,2026-07-06
NWF26062601469,2026-06-26,2026-06-29,46204,38103,711,265.99,243.48,2026-06-29
NWF26062601470,2026-06-26,2026-06-30,90021,97209,1933,858.64,637.76,2026-06-30
NWF26062601471,2026-06-26,2026-07-03,90021,46204,441,377.53,280.45,2026-07-03
NWF26062601472,2026-06-26,2026-06-30,46204,55401,410,157.7,148.87,2026-07-02
NWF26062601473,2026-06-26,2026-07-01,55401,46204,1533,562.4,402.61,2026-07-03
NWF26062601474,2026-06-26,2026-06-30,55401,46204,1703,621.18,499.25,2026-07-02
NWF26062601475,2026-06-26,2026-07-01,97209,80202,964,532.63,487.48,2026-07-03
NWF26062601476,2026-06-26,2026-07-01,30303,19104,1492,662.96,552.51,2026-07-02
NWF26062601477,2026-06-26,2026-07-02,84101,75201,247,152.15,127.4,2026-07-03
NWF26062601478,2026-06-26,2026-06-30,19104,37203,501,195.04,144.41,2026-07-01
NWF26062601479,2026-06-26,2026-07-01,75201,80202,3209,1473.4,1363.67,2026-07-02
NWF26062601480,2026-06-26,2026-07-01,75201,64105,1507,598.25,559.51,2026-07-02
NWF26062601481,2026-06-26,2026-07-07,90021,19104,1268,1525.56,1265.88,2026-07-07
NWF26062601482,2026-06-26,2026-06-30,84101,55401,836,452.09,341.09,2026-07-01
NWF26062601483,2026-06-26,2026-07-06,90021,19104,1852,2005.8,1765.75,2026-07-07
NWF26062601484,2026-06-26,2026-07-01,84101,64105,1887,1029.46,943.89,2026-07-01
NWF26062601485,2026-06-26,2026-07-01,64105,30303,1522,781.15,660.0,2026-07-01
NWF26062601486,2026-06-26,2026-07-02,80202,19104,875,633.18,575.48,2026-07-04
NWF26062601487,2026-06-26,2026-06-30,30303,48226,2267,853.3,709.27,2026-07-01
NWF26062601488,2026-06-26,2026-07-06,19104,90021,6484,7027.46,6642.75,2026-07-06
NWF26062601489,2026-06-26,2026-06-30,80202,64105,1085,442.23,353.73,2026-07-01
NWF26062601490,2026-06-26,2026-06-30,75201,60607,176,125.0,116.49,2026-07-01
NWF26062601491,2026-06-26,2026-07-03,19104,90021,2294,2555.25,1905.48,2026-07-04
NWF26062601492,2026-06-26,2026-07-06,30303,98108,1602,1781.62,1591.33,2026-07-08
NWF26062601493,2026-06-26,2026-07-02,48226,84101,1303,1256.22,1085.53,2026-07-03
NWF26062601494,2026-06-26,2026-06-29,60607,46204,3119,959.89,910.19,2026-07-01
NWF26062601495,2026-06-26,2026-07-06,19104,90021,1179,1340.69,1235.4,2026-07-07
NWF26062601496,2026-06-26,2026-06-30,75201,64105,2828,1034.21,981.97,2026-07-01
NWF26062601497,2026-06-26,2026-06-30,60607,64105,778,272.48,260.61,2026-06-30
NWF26062601498,2026-06-26,2026-07-07,19104,97209,2033,2564.14,2037.22,2026-07-09
NWF26062601499,2026-06-26,2026-07-01,48226,80202,1518,1032.84,903.5,2026-07-02
NWF26062601500,2026-06-26,2026-06-30,30303,48226,3427,1191.35,1058.08,2026-07-01
NWF26062601501,2026-06-26,2026-07-06,98108,46204,1153,1200.16,1081.77,2026-07-07
NWF26062601502,2026-06-26,2026-06-30,84101,97209,843,380.29,352.53,2026-06-30
NWF26062601503,2026-06-26,2026-06-30,46204,19104,1140,570.76,524.01,2026-07-02
NWF26062601504,2026-06-26,2026-06-30,80202,64105,1694,651.62,615.12,2026-07-02
NWF26062601505,2026-06-26,2026-07-01,84101,64105,242,125.0,113.61,2026-07-03
NWF26062601506,2026-06-26,2026-07-01,37203,75201,598,238.08,198.39,2026-07-03
NWF26062601507,2026-06-26,2026-06-29,37203,46204,1196,303.03,285.17,2026-06-29
NWF26062601508,2026-06-26,2026-07-01,48226,80202,3386,2261.74,1947.64,2026-07-03
NWF26062601509,2026-06-26,2026-07-01,90021,97209,2207,1062.97,992.91,2026-07-03
NWF26062601510,2026-06-26,2026-06-29,60607,46204,835,226.86,277.37,2026-06-30
NWF26062601511,2026-06-26,2026-07-02,84101,55401,628,370.66,344.32,2026-07-02
NWF26062601512,2026-06-26,2026-06-30,55401,07105,1989,1169.05,1117.68,2026-07-02
NWF26062601513,2026-06-26,2026-06-30,37203,75201,1982,756.09,605.08,2026-07-01
NWF26062601514,2026-06-26,2026-07-06,19104,90021,1354,1470.19,1123.04,2026-07-07
NWF26062601515,2026-06-26,2026-07-02,55401,75201,703,391.34,380.48,2026-07-03
NWF26062601516,2026-06-26,2026-07-07,30303,98108,2381,2631.71,2485.76,2026-07-09
NWF26062601517,2026-06-26,2026-06-29,07105,19104,1010,255.85,243.96,2026-06-29
NWF26062601518,2026-06-26,2026-07-01,80202,60607,1174,590.84,417.18,2026-07-08
NWF26062601519,2026-06-26,2026-07-06,77002,98108,474,398.47,327.47,2026-07-08
NWF26062601520,2026-06-26,2026-07-03,90021,48226,880,969.78,742.7,2026-07-04
NWF26062601521,2026-06-26,2026-06-30,75201,84101,1015,658.45,573.68,2026-07-01
NWF26062601522,2026-06-26,2026-07-06,98108,07105,801,941.69,808.24,2026-07-14
NWF26062601523,2026-06-26,2026-07-03,90021,46204,6330,5984.57,4987.14,2026-07-05
NWF26062601524,2026-06-26,2026-07-01,55401,84101,4287,2644.87,2302.7,2026-07-02
NWF26062601525,2026-06-26,2026-06-29,60607,46204,3056,922.15,744.69,2026-06-29
NWF26062601526,2026-06-26,2026-07-01,55401,46204,837,306.11,276.66,2026-07-01
NWF26062601527,2026-06-26,2026-07-01,55401,84101,978,619.56,443.93,2026-07-02
NWF26062601528,2026-06-26,2026-07-03,90021,46204,2042,1888.34,1827.66,2026-07-05
NWF26062601529,2026-06-26,2026-07-03,90021,19104,1718,1728.88,1638.52,2026-07-04
NWF26062601530,2026-06-26,2026-07-02,30303,85004,792,615.3,482.08,2026-07-02
NWF26062401366,2026-06-24,2026-07-02,98108,07105,1535,1865.47,1552.29,2026-07-03
NWF26062601531,2026-06-26,2026-07-01,80202,64105,1969,719.36,659.81,2026-07-03
NWF26062601532,2026-06-26,2026-06-30,30303,48226,600,221.37,213.03,2026-07-02
NWF26062601533,2026-06-26,2026-06-29,60607,46204,685,185.27,130.57,2026-07-01
NWF26062601534,2026-06-26,2026-06-29,37203,64105,1174,455.78,360.38,2026-06-29
NWF26062601535,2026-06-26,2026-07-06,19104,97209,519,540.64,455.91,2026-07-07
NWF26062601536,2026-06-26,2026-06-30,64105,46204,2359,844.89,769.95,2026-06-30
NWF26062601537,2026-06-26,2026-07-01,55401,48226,2758,1289.03,1091.69,2026-07-03
NWF26062701538,2026-06-27,2026-07-02,98108,46204,1292,1337.07,1033.57,2026-07-02
NWF26062701539,2026-06-27,2026-06-30,30303,19104,2570,974.31,741.76,2026-06-30
NWF26062701540,2026-06-27,2026-07-01,55401,46204,517,179.47,126.59,2026-07-01
NWF26062701541,2026-06-27,2026-06-30,84101,75201,2554,1507.65,1304.28,2026-07-01
NWF26062701542,2026-06-27,2026-06-30,80202,64105,2714,991.43,943.45,2026-06-30
NWF26062701543,2026-06-27,2026-06-29,55401,46204,712,239.54,178.4,2026-06-30
NWF26062701544,2026-06-27,2026-07-03,98108,07105,1015,1190.96,1370.61,2026-07-04
NWF26062701545,2026-06-27,2026-06-29,64105,30303,587,284.15,273.15,2026-07-01
NWF26062801546,2026-06-28,2026-07-01,84101,55401,5691,3533.96,3283.05,2026-07-03
NWF26062801547,2026-06-28,2026-06-29,60607,46204,3095,824.85,695.44,2026-06-29
NWF26062801548,2026-06-28,2026-07-06,46204,97209,1115,1052.87,914.42,2026-07-07
NWF26062801549,2026-06-28,2026-07-01,64105,98108,2688,1886.06,1787.3,2026-07-01
NWF26062801550,2026-06-28,2026-07-03,46204,97209,905,789.73,588.08,2026-07-05
NWF26062801551,2026-06-28,2026-06-30,46204,55401,596,212.41,253.32,2026-07-01
NWF26062801552,2026-06-28,2026-06-29,07105,19104,585,152.82,146.1,2026-06-30
NWF26062801553,2026-06-28,2026-06-30,46204,55401,815,329.73,376.16,2026-07-02
NWF26062801554,2026-06-28,2026-07-03,80202,19104,732,541.25,384.51,2026-07-04
NWF26062901555,2026-06-29,2026-07-07,90021,19104,2040,2145.98,1905.51,2026-07-07
NWF26062901556,2026-06-29,2026-07-03,80202,19104,334,271.25,232.33,2026-07-05
NWF26062901557,2026-06-29,2026-07-01,60607,64105,527,187.42,155.14,2026-07-02
NWF26062901558,2026-06-29,2026-07-07,19104,97209,944,1006.39,911.65,2026-07-09
NWF26062901559,2026-06-29,2026-07-02,30303,48226,1307,480.05,445.48,2026-07-04
NWF26062901560,2026-06-29,2026-07-03,64105,98108,999,699.01,662.48,2026-07-05
NWF26062901561,2026-06-29,2026-07-02,55401,75201,1489,794.56,689.41,2026-07-04
NWF26062901562,2026-06-29,2026-06-30,07105,19104,2418,598.22,432.45,2026-07-02
NWF26062901563,2026-06-29,2026-07-03,64105,98108,1491,972.22,830.4,2026-07-05
NWF26062901564,2026-06-29,2026-07-01,37203,46204,1083,281.95,260.27,2026-07-03
NWF26062901565,2026-06-29,2026-07-07,19104,97209,988,1190.27,1062.42,2026-07-09
NWF26062901566,2026-06-29,2026-07-06,19104,97209,298,359.25,323.52,2026-07-06
NWF26062901567,2026-06-29,2026-07-03,55401,85004,472,353.05,267.82,2026-07-03
NWF26062901568,2026-06-29,2026-07-02,80202,64105,983,392.99,349.97,2026-07-02
NWF26062901569,2026-06-29,2026-07-01,48226,07105,1008,392.96,308.1,2026-07-11
NWF26062901570,2026-06-29,2026-06-30,46204,38103,1772,686.1,488.32,2026-07-01
NWF26062901571,2026-06-29,2026-07-06,19104,90021,3129,3264.1,2374.44,2026-07-07
NWF26062901572,2026-06-29,2026-07-03,48226,84101,2066,1797.08,1304.27,2026-07-04
NWF26062901573,2026-06-29,2026-07-02,30303,48226,797,303.53,239.91,2026-07-02
NWF26062901574,2026-06-29,2026-06-30,60607,46204,2077,527.44,443.98,2026-07-01
NWF26062901575,2026-06-29,2026-07-01,84101,97209,2194,1080.3,975.31,2026-07-03
NWF26062901576,2026-06-29,2026-07-02,55401,46204,618,222.13,157.97,2026-07-02
NWF26062901577,2026-06-29,2026-07-02,84101,75201,1355,861.03,782.22,2026-07-10
NWF26062901578,2026-06-29,2026-07-02,30303,19104,723,312.75,292.97,2026-07-04
NWF26062901579,2026-06-29,2026-07-03,48226,84101,745,631.64,615.26,2026-07-04
NWF26062901580,2026-06-29,2026-07-02,55401,85004,2843,2306.12,2193.94,2026-07-02
NWF26062901581,2026-06-29,2026-07-01,48226,07105,449,175.18,125.91,2026-07-02
NWF26062901582,2026-06-29,2026-07-01,30303,48226,475,188.01,155.09,2026-07-10
NWF26062901583,2026-06-29,2026-07-03,30303,85004,670,492.02,376.41,2026-07-05
NWF26062901584,2026-06-29,2026-06-30,37203,46204,2186,561.92,685.6,2026-07-01
NWF26062901585,2026-06-29,2026-06-30,19104,37203,620,247.25,179.93,2026-06-30
NWF26062901586,2026-06-29,2026-06-30,07105,19104,492,125.66,90.35,2026-07-09
NWF26062901587,2026-06-29,2026-07-06,30303,84101,1884,1631.78,1570.64,2026-07-06
NWF26062901588,2026-06-29,2026-07-02,84101,55401,556,313.72,236.53,2026-07-03
NWF26062901589,2026-06-29,2026-07-01,55401,75201,2539,1429.53,1192.55,2026-07-02
NWF26062901590,2026-06-29,2026-07-08,19104,97209,2122,2482.98,1938.06,2026-07-10
NWF26062901591,2026-06-29,2026-07-02,80202,64105,2626,1013.14,814.02,2026-07-04
NWF26062901592,2026-06-29,2026-07-07,98108,46204,3184,3066.03,2427.02,2026-07-09
NWF26062901593,2026-06-29,2026-07-02,75201,84101,1851,1215.72,1055.02,2026-07-03
NWF26062901594,2026-06-29,2026-07-07,98108,07105,1573,1823.23,1597.43,2026-07-09
NWF26062901595,2026-06-29,2026-06-30,55401,46204,5074,1651.74,1297.9,2026-07-02
NWF26062901596,2026-06-29,2026-07-01,55401,48226,797,380.92,348.59,2026-07-03
NWF26062901597,2026-06-29,2026-06-30,46204,37203,2093,689.21,544.42,2026-07-02
NWF26062901598,2026-06-29,2026-07-03,75201,85004,1778,1049.28,978.46,2026-07-04
NWF26062901599,2026-06-29,2026-07-02,30303,85004,1359,999.68,850.2,2026-07-02
NWF26062901600,2026-06-29,2026-07-02,30303,85004,4109,3274.64,2827.33,2026-07-03
NWF26062901601,2026-06-29,2026-07-02,46204,55401,476,203.21,176.12,2026-07-03
NWF26062901602,2026-06-29,2026-07-01,75201,37203,705,373.07,266.84,2026-07-01
NWF26062901603,2026-06-29,2026-07-02,64105,98108,321,238.85,213.12,2026-07-02
NWF26062901604,2026-06-29,2026-06-30,80202,64105,773,277.1,227.32,2026-07-02
NWF26062901605,2026-06-29,2026-06-30,60607,46204,684,204.87,152.11,2026-06-30
NWF26062901606,2026-06-29,2026-07-01,75201,85004,3952,2222.82,1566.83,2026-07-03
NWF26062901607,2026-06-29,2026-06-30,60607,46204,706,194.26,149.14,2026-06-30
NWF26062901608,2026-06-29,2026-07-06,77002,98108,738,663.9,547.66,2026-07-07
NWF26062901609,2026-06-29,2026-06-30,75201,64105,1034,408.99,356.73,2026-07-01
NWF26062901610,2026-06-29,2026-07-02,64105,30303,2135,1205.89,1358.91,2026-07-03
NWF26062901611,2026-06-29,2026-07-01,60607,46204,777,222.27,199.09,2026-07-01
NWF26062901612,2026-06-29,2026-07-02,64105,30303,1060,580.86,552.73,2026-07-02
NWF26062901613,2026-06-29,2026-07-02,84101,75201,1788,1061.18,1212.84,2026-07-03
NWF26062901614,2026-06-29,2026-07-01,80202,64105,1195,441.56,363.17,2026-07-02
NWF26062901615,2026-06-29,2026-07-01,80202,30303,946,567.86,490.6,2026-07-01
NWF26062901616,2026-06-29,2026-07-01,75201,60607,3940,2440.01,1769.47,2026-07-03
NWF26062901617,2026-06-29,2026-06-30,37203,46204,4139,987.18,928.33,2026-06-30
NWF26062901618,2026-06-29,2026-07-06,48226,85004,5379,4760.24,4375.94,2026-07-07
NWF26062901619,2026-06-29,2026-07-03,64105,98108,213,137.16,123.37,2026-07-04
NWF26062901620,2026-06-29,2026-07-06,98108,46204,846,802.88,733.07,2026-07-08
NWF26062901621,2026-06-29,2026-07-01,19104,37203,1426,571.63,409.24,2026-07-02
NWF26062901622,2026-06-29,2026-07-07,30303,98108,4108,3982.02,3061.46,2026-07-09
NWF26062901623,2026-06-29,2026-07-06,30303,85004,3064,2031.02,2264.98,2026-07-08
NWF26062901624,2026-06-29,2026-07-01,84101,55401,1801,1118.82,929.35,2026-07-02
NWF26062901625,2026-06-29,2026-07-02,55401,84101,2694,1565.4,1205.99,2026-07-04
NWF26062901626,2026-06-29,2026-07-06,46204,97209,2379,2213.63,1786.67,2026-07-07
NWF26062901627,2026-06-29,2026-07-01,75201,84101,2169,1450.11,1319.74,2026-07-03
NWF26062901628,2026-06-29,2026-06-30,07105,19104,2730,603.77,574.87,2026-07-01
NWF26062901629,2026-06-29,2026-07-01,30303,48226,2228,803.34,591.68,2026-07-01
NWF26063001630,2026-06-30,2026-07-09,90021,19104,3189,3203.96,2660.01,2026-07-09
NWF26063001631,2026-06-30,2026-07-02,60607,46204,930,259.58,249.59,2026-07-02
NWF26063001632,2026-06-30,2026-07-06,90021,46204,260,217.04,153.43,2026-07-07
NWF26063001633,2026-06-30,2026-07-02,80202,64105,725,269.86,235.88,2026-07-04
NWF26063001634,2026-06-30,2026-07-01,60607,46204,1160,336.08,286.83,2026-07-01
NWF26063001635,2026-06-30,2026-07-02,75201,80202,619,328.88,288.71,2026-07-02
NWF26063001636,2026-06-30,2026-07-02,60607,46204,943,240.3,169.03,2026-07-04
NWF26063001637,2026-06-30,2026-07-02,46204,55401,1109,474.2,359.91,2026-07-02
NWF26063001638,2026-06-30,2026-07-03,84101,97209,1364,662.63,645.89,2026-07-03
NWF26063001639,2026-06-30,2026-07-03,48226,80202,806,512.22,499.03,2026-07-10
NWF26063001640,2026-06-30,2026-07-03,64105,98108,699,481.86,427.4,2026-07-05
NWF26063001641,2026-06-30,2026-07-03,84101,75201,9317,5748.43,5335.59,2026-07-04
NWF26063001642,2026-06-30,2026-07-06,55401,98108,2640,1778.02,1654.87,2026-07-06
NWF26063001643,2026-06-30,2026-07-03,55401,75201,1533,836.79,683.99,2026-07-03
NWF26063001644,2026-06-30,2026-07-07,30303,84101,975,752.33,592.76,2026-07-08
NWF26063001645,2026-06-30,2026-07-07,98108,46204,568,492.13,473.69,2026-07-08
NWF26063001646,2026-06-30,2026-07-07,46204,97209,1071,938.33,763.32,2026-07-07
NWF26063001647,2026-06-30,2026-07-01,60607,46204,810,219.27,176.63,2026-07-06
NWF26063001648,2026-06-30,2026-07-03,55401,84101,1384,896.81,830.69,2026-07-03
NWF26063001649,2026-06-30,2026-07-02,37203,64105,566,237.96,211.8,2026-07-04
NWF26063001650,2026-06-30,2026-07-01,60607,46204,1098,312.98,305.69,2026-07-01
NWF26063001651,2026-06-30,2026-07-08,90021,19104,3351,3525.11,2755.23,2026-07-10
NWF26063001652,2026-06-30,2026-07-03,07105,55401,307,201.34,177.21,2026-07-04
NWF26063001653,2026-06-30,2026-07-02,60607,46204,1830,549.27,486.77,2026-07-03
NWF26063001654,2026-06-30,2026-07-02,37203,75201,650,273.46,223.42,2026-07-04
NWF26063001655,2026-06-30,2026-07-08,19104,90021,921,887.59,641.06,2026-07-13
NWF26063001656,2026-06-30,2026-07-02,84101,64105,1289,603.08,552.24,2026-07-02
NWF26063001657,2026-06-30,2026-07-01,75201,64105,1265,526.98,507.97,2026-07-02
NWF26063001658,2026-06-30,2026-07-06,55401,98108,657,421.67,313.65,2026-07-16
NWF26063001659,2026-06-30,2026-07-03,80202,64105,2676,941.09,789.89,2026-07-05
NWF26062301268,2026-06-23,2026-06-25,48226,07105,5125,2083.55,1569.9,2026-06-25
NWF26063001660,2026-06-30,2026-07-06,46204,97209,961,867.91,779.44,2026-07-08
NWF26063001661,2026-06-30,2026-07-02,46204,55401,2566,949.36,689.33,2026-07-02
NWF26063001662,2026-06-30,2026-07-02,30303,19104,508,211.79,164.73,2026-07-03
NWF26063001663,2026-06-30,2026-07-02,30303,19104,488,197.25,172.03,2026-07-03
NWF26063001664,2026-06-30,2026-07-03,90021,97209,308,162.38,147.49,2026-07-05
NWF26063001665,2026-06-30,2026-07-03,75201,80202,2084,1044.48,1008.92,2026-07-05
NWF26063001666,2026-06-30,2026-07-01,60607,46204,1287,326.08,282.06,2026-07-02
NWF26063001667,2026-06-30,2026-07-02,77002,85004,1132,681.43,586.12,2026-07-02
NWF26063001668,2026-06-30,2026-07-03,55401,75201,636,300.55,229.7,2026-07-04
NWF26063001669,2026-06-30,2026-07-03,84101,97209,1462,779.39,643.61,2026-07-03
NWF26063001670,2026-06-30,2026-07-01,37203,75201,2478,1042.47,889.26,2026-07-03
NWF26063001671,2026-06-30,2026-07-03,55401,84101,1846,1115.31,796.7,2026-07-05
NWF26063001672,2026-06-30,2026-07-03,84101,75201,1006,619.32,605.07,2026-07-03
NWF26063001673,2026-06-30,2026-07-06,64105,98108,379,238.03,209.74,2026-07-06
NWF26063001674,2026-06-30,2026-07-09,98108,19104,2220,2781.78,2470.52,2026-07-09
NWF26063001675,2026-06-30,2026-07-03,84101,55401,623,343.93,336.85,2026-07-03
NWF26063001676,2026-06-30,2026-07-06,46204,77002,8996,5896.89,5721.4,2026-07-07
NWF26063001677,2026-06-30,2026-07-02,75201,37203,7332,3634.0,2668.04,2026-07-02
NWF26063001678,2026-06-30,2026-07-07,90021,46204,709,658.49,561.49,2026-07-16
NWF26063001679,2026-06-30,2026-07-06,98108,46204,2175,1898.15,1406.2,2026-07-06
NWF26063001680,2026-06-30,2026-07-03,37203,64105,6811,2427.47,2279.35,2026-07-03
NWF26063001681,2026-06-30,2026-07-06,98108,46204,2638,2354.72,2057.8,2026-07-08
NWF26063001682,2026-06-30,2026-07-01,37203,46204,3344,824.97,651.91,2026-07-01
NWF26063001683,2026-06-30,2026-07-06,55401,75201,486,277.69,267.0,2026-07-08
NWF26063001684,2026-06-30,2026-07-01,75201,60607,1882,1022.78,754.83,2026-07-03
NWF26063001685,2026-06-30,2026-07-02,90021,97209,4143,1934.82,1645.34,2026-07-02
NWF26063001686,2026-06-30,2026-07-08,90021,48226,715,802.8,596.36,2026-07-08
NWF26063001687,2026-06-30,2026-07-03,55401,07105,964,563.08,603.22,2026-07-05
NWF26063001688,2026-06-30,2026-07-03,80202,60607,491,260.5,189.66,2026-07-04
NWF26063001689,2026-06-30,2026-07-07,19104,90021,413,434.53,468.36,2026-07-09
NWF26063001690,2026-06-30,2026-07-02,19104,37203,2749,1135.74,826.96,2026-07-03
NWF26063001691,2026-06-30,2026-07-01,19104,37203,1016,388.11,277.34,2026-07-01
NWF26063001692,2026-06-30,2026-07-02,84101,64105,1319,655.93,558.69,2026-07-04
NWF26063001693,2026-06-30,2026-07-08,90021,19104,832,860.14,823.23,2026-07-10
NWF26063001694,2026-06-30,2026-07-06,98108,46204,1204,1065.3,965.8,2026-07-06
NWF26063001695,2026-06-30,2026-07-07,90021,30303,307,320.2,240.96,2026-07-08
NWF26063001696,2026-06-30,2026-07-01,64105,30303,1859,982.15,782.18,2026-07-02
NWF26063001697,2026-06-30,2026-07-02,80202,30303,949,646.55,475.15,2026-07-03
NWF26063001698,2026-06-30,2026-07-01,80202,64105,384,151.19,135.1,2026-07-01
NWF26063001699,2026-06-30,2026-07-03,37203,75201,424,158.79,161.65,2026-07-03
NWF26063001700,2026-06-30,2026-07-02,37203,75201,990,352.88,267.78,2026-07-03
NWF26063001701,2026-06-30,2026-07-03,84101,64105,874,467.11,429.72,2026-07-04
NWF26063001702,2026-06-30,2026-07-03,30303,48226,1450,573.77,539.44,2026-07-04
NWF26063001703,2026-06-30,2026-07-02,46204,55401,701,260.63,290.83,2026-07-02
NWF26063001704,2026-06-30,2026-07-03,84101,55401,1459,775.44,605.17,2026-07-04
NWF26063001705,2026-06-30,2026-07-02,90021,97209,1199,538.62,445.57,2026-07-03
NWF26070101706,2026-07-01,2026-07-03,75201,60607,3344,1960.54,1612.89,2026-07-05
NWF26070101707,2026-07-01,2026-07-06,75201,84101,1712,1000.23,902.16,2026-07-07
NWF26070101708,2026-07-01,2026-07-08,46204,97209,1446,1220.89,876.15,2026-07-08
NWF26070101709,2026-07-01,2026-07-08,90021,19104,892,1074.23,1032.1,2026-07-10
NWF26070101710,2026-07-01,2026-07-03,19104,37203,652,263.94,276.7,2026-07-05
NWF26070101711,2026-07-01,2026-07-08,19104,90021,2271,2493.91,2155.08,2026-07-10
NWF26070101712,2026-07-01,2026-07-03,60607,46204,490,129.05,139.89,2026-07-03
NWF26070101713,2026-07-01,2026-07-03,55401,46204,1377,468.03,418.01,2026-07-03
NWF26070101714,2026-07-01,2026-07-02,55401,48226,432,201.5,182.72,2026-07-03
NWF26070101715,2026-07-01,2026-07-03,75201,64105,859,338.83,388.59,2026-07-04
NWF26070101716,2026-07-01,2026-07-09,19104,97209,1658,1807.39,1567.97,2026-07-09
NWF26070101717,2026-07-01,2026-07-06,37203,64105,969,400.82,362.35,2026-07-06
NWF26070101718,2026-07-01,2026-07-06,55401,84101,1409,847.18,593.05,2026-07-07
NWF26070101719,2026-07-01,2026-07-07,64105,98108,239,179.64,154.5,2026-07-07
NWF26070101720,2026-07-01,2026-07-06,77002,85004,777,396.23,327.23,2026-07-06
NWF26070101721,2026-07-01,2026-07-07,84101,55401,2275,1378.6,1258.81,2026-07-07
NWF26070101722,2026-07-01,2026-07-07,84101,75201,2413,1530.44,1597.44,2026-07-07
NWF26070101723,2026-07-01,2026-07-03,48226,80202,1139,735.57,549.13,2026-07-05
NWF26070101724,2026-07-01,2026-07-06,55401,46204,5387,1975.47,1706.76,2026-07-06
NWF26070101725,2026-07-01,2026-07-07,77002,85004,2049,1080.24,891.99,2026-07-08
NWF26070101726,2026-07-01,2026-07-09,19104,90021,10107,11085.91,10353.96,2026-07-10
NWF26070101727,2026-07-01,2026-07-03,90021,97209,1327,663.51,612.45,2026-07-03
NWF26070101728,2026-07-01,2026-07-06,84101,55401,1932,1126.98,913.41,2026-07-13
NWF26070101729,2026-07-01,2026-07-02,55401,46204,1501,466.24,444.9,2026-07-04
NWF26070101730,2026-07-01,2026-07-09,90021,19104,633,675.92,574.88,2026-07-11
NWF26070101731,2026-07-01,2026-07-09,98108,19104,647,841.03,637.07,2026-07-11
NWF26070101732,2026-07-01,2026-07-02,60607,46204,1495,383.27,345.65,2026-07-03
NWF26070101733,2026-07-01,2026-07-07,30303,84101,187,143.14,130.88,2026-07-09
NWF26070101734,2026-07-01,2026-07-03,80202,64105,512,203.93,176.21,2026-07-04
NWF26070101735,2026-07-01,2026-07-03,37203,75201,1524,637.88,580.2,2026-07-04
NWF26070101736,2026-07-01,2026-07-09,19104,90021,4425,4584.0,3580.84,2026-07-09
NWF26070101737,2026-07-01,2026-07-07,64105,98108,326,225.33,175.85,2026-07-12
NWF26070101738,2026-07-01,2026-07-02,46204,55401,2889,1189.84,937.54,2026-07-03
NWF26070101739,2026-07-01,2026-07-03,55401,75201,9812,4983.38,4376.74,2026-07-04
NWF26070101740,2026-07-01,2026-07-03,55401,46204,1039,330.36,245.06,2026-07-04
NWF26070101741,2026-07-01,2026-07-07,90021,46204,570,465.91,401.39,2026-07-09
NWF26070101742,2026-07-01,2026-07-06,30303,19104,1305,516.3,448.45,2026-07-08
NWF26070101743,2026-07-01,2026-07-08,90021,46204,3924,3176.88,2277.82,2026-07-09
NWF26070101744,2026-07-01,2026-07-07,30303,85004,2001,1572.72,1426.11,2026-07-09
NWF26070101745,2026-07-01,2026-07-03,46204,55401,4775,2019.63,1705.34,2026-07-05
NWF26070101746,2026-07-01,2026-07-09,19104,97209,1167,1385.35,1024.63,2026-07-11
NWF26070101747,2026-07-01,2026-07-06,75201,85004,1883,1098.77,894.55,2026-07-07
NWF26070101748,2026-07-01,2026-07-07,84101,55401,3217,1707.45,1654.55,2026-07-07
NWF26070101749,2026-07-01,2026-07-06,77002,85004,1107,649.79,592.7,2026-07-06
NWF26070101750,2026-07-01,2026-07-08,48226,85004,444,374.9,334.15,2026-07-10
NWF26070101751,2026-07-01,2026-07-03,48226,80202,1051,623.93,487.52,2026-07-05
NWF26070101752,2026-07-01,2026-07-03,19104,37203,690,287.26,242.8,2026-07-04
NWF26070101753,2026-07-01,2026-07-06,84101,55401,386,231.27,205.51,2026-07-08
NWF26070101754,2026-07-01,2026-07-02,60607,46204,834,255.82,238.1,2026-07-10
NWF26070101755,2026-07-01,2026-07-03,60607,46204,7088,2109.09,1529.54,2026-07-05
NWF26070101756,2026-07-01,2026-07-06,55401,75201,946,510.1,427.42,2026-07-06
NWF26070101757,2026-07-01,2026-07-02,30303,19104,1225,467.93,338.54,2026-07-03
NWF26070101758,2026-07-01,2026-07-02,90021,97209,949,463.33,389.29,2026-07-04
NWF26070101759,2026-07-01,2026-07-09,46204,97209,8159,6664.99,5369.59,2026-07-10
NWF26070101760,2026-07-01,2026-07-03,84101,55401,4195,2640.63,2519.75,2026-07-05
NWF26070101761,2026-07-01,2026-07-03,64105,30303,585,284.86,204.02,2026-07-03
NWF26070101762,2026-07-01,2026-07-07,46204,97209,2195,1741.85,1361.83,2026-07-08
NWF26070101763,2026-07-01,2026-07-09,98108,07105,2338,2800.58,2432.44,2026-07-10
NWF26070101764,2026-07-01,2026-07-03,84101,97209,1099,510.99,362.91,2026-07-03
NWF26070101765,2026-07-01,2026-07-03,55401,46204,846,302.72,265.35,2026-07-03
NWF26070101766,2026-07-01,2026-07-07,55401,85004,1085,894.02,637.42,2026-07-16
NWF26070101767,2026-07-01,2026-07-09,98108,19104,717,938.0,679.81,2026-07-10
NWF26070101768,2026-07-01,2026-07-09,30303,98108,1280,1361.69,991.29,2026-07-10
NWF26070101769,2026-07-01,2026-07-10,90021,19104,473,522.81,392.81,2026-07-12
NWF26070101770,2026-07-01,2026-07-03,75201,60607,1105,702.75,614.15,2026-07-04
NWF26070101771,2026-07-01,2026-07-07,84101,55401,609,378.85,265.72,2026-07-07
NWF26070101772,2026-07-01,2026-07-09,98108,07105,1495,1789.41,1575.83,2026-07-09
NWF26070101773,2026-07-01,2026-07-03,80202,60607,787,369.94,344.13,2026-07-05
NWF26070101774,2026-07-01,2026-07-02,37203,46204,2507,584.04,411.41,2026-07-04
NWF26070101775,2026-07-01,2026-07-07,98108,46204,1004,974.0,938.86,2026-07-09
NWF26070101776,2026-07-01,2026-07-09,98108,46204,6136,6254.81,5502.29,2026-07-09
NWF26070101777,2026-07-01,2026-07-09,90021,19104,765,821.44,663.35,2026-07-09
NWF26070101778,2026-07-01,2026-07-09,98108,07105,1401,1821.68,1772.42,2026-07-09
NWF26070101779,2026-07-01,2026-07-06,84101,64105,247,133.32,109.37,2026-07-07
NWF26070101780,2026-07-01,2026-07-03,60607,46204,375,125.0,102.12,2026-07-11
NWF26070101781,2026-07-01,2026-07-06,84101,55401,2659,1446.94,1284.36,2026-07-08
NWF26070101782,2026-07-01,2026-07-06,30303,85004,759,572.3,498.36,2026-07-13
NWF26070101783,2026-07-01,2026-07-07,48226,85004,3093,2507.33,2219.13,2026-07-08
NWF26070101784,2026-07-01,2026-07-03,60607,46204,786,239.06,181.84,2026-07-03
NWF26070101785,2026-07-01,2026-07-06,84101,75201,1886,1150.14,975.3,2026-07-07
NWF26070201786,2026-07-02,2026-07-03,75201,60607,2635,1442.07,1246.71,2026-07-04
NWF26070201787,2026-07-02,2026-07-06,60607,46204,4687,1241.62,871.4,2026-07-08
NWF26070201788,2026-07-02,2026-07-06,30303,48226,2900,1016.83,902.06,2026-07-06
NWF26070201789,2026-07-02,2026-07-03,30303,19104,396,168.95,131.48,2026-07-03
NWF26070201790,2026-07-02,2026-07-08,46204,97209,894,811.77,764.37,2026-07-09
NWF26070201791,2026-07-02,2026-07-13,19104,97209,1681,1878.0,1649.82,2026-07-14
NWF26070201792,2026-07-02,2026-07-06,46204,38103,978,386.04,318.76,2026-07-07
NWF26070201793,2026-07-02,2026-07-08,84101,75201,1712,1125.32,816.73,2026-07-09
NWF26070201794,2026-07-02,2026-07-06,19104,37203,656,241.14,177.76,2026-07-08
NWF26070201795,2026-07-02,2026-07-06,19104,37203,1085,471.67,391.48,2026-07-08
NWF26070201796,2026-07-02,2026-07-06,80202,60607,668,359.28,264.81,2026-07-07
NWF26070201797,2026-07-02,2026-07-03,30303,48226,648,267.75,228.3,2026-07-03
NWF26070201798,2026-07-02,2026-07-07,84101,55401,475,249.03,234.57,2026-07-07
NWF26070201799,2026-07-02,2026-07-06,46204,38103,1024,383.84,341.99,2026-07-07
NWF26070201800,2026-07-02,2026-07-06,55401,46204,2710,912.18,872.27,2026-07-08
NWF26070201801,2026-07-02,2026-07-07,80202,60607,1312,687.45,516.32,2026-07-09
NWF26070201802,2026-07-02,2026-07-03,19104,37203,1082,419.49,391.1,2026-07-04
NWF26070201803,2026-07-02,2026-07-06,97209,80202,780,435.91,370.97,2026-07-06
NWF26070201804,2026-07-02,2026-07-08,64105,98108,4423,2934.87,2524.81,2026-07-09
NWF26070201805,2026-07-02,2026-07-08,55401,84101,2158,1259.95,1122.13,2026-07-09
NWF26070201806,2026-07-02,2026-07-03,37203,46204,161,125.0,101.68,2026-07-03
NWF26070201807,2026-07-02,2026-07-09,90021,46204,429,362.5,269.91,2026-07-09
NWF26070201808,2026-07-02,2026-07-07,55401,84101,1542,841.16,651.2,2026-07-09
NWF26070201809,2026-07-02,2026-07-10,19104,97209,1616,1816.35,1503.72,2026-07-12
NWF26070201810,2026-07-02,2026-07-03,60607,46204,2334,645.29,561.73,2026-07-03
NWF26070201811,2026-07-02,2026-07-06,37203,75201,1009,416.67,320.93,2026-07-07
NWF26070201812,2026-07-02,2026-07-10,90021,19104,603,666.91,584.39,2026-07-17
NWF26070201813,2026-07-02,2026-07-08,55401,75201,1571,868.61,830.06,2026-07-08
NWF26070201814,2026-07-02,2026-07-09,90021,46204,1121,921.34,843.35,2026-07-11
NWF26070201815,2026-07-02,2026-07-08,55401,75201,1171,623.52,562.07,2026-07-09
NWF26070201816,2026-07-02,2026-07-06,60607,46204,1368,410.98,353.8,2026-07-08
NWF26070201817,2026-07-02,2026-07-06,75201,60607,2381,1405.97,1061.4,2026-07-08
NWF26070201818,2026-07-02,2026-07-06,55401,46204,2602,924.57,742.65,2026-07-08
NWF26070201819,2026-07-02,2026-07-10,90021,19104,911,1042.42,1074.95,2026-07-12
NWF26070201820,2026-07-02,2026-07-06,46204,55401,948,370.89,307.47,2026-07-07
NWF26070201821,2026-07-02,2026-07-06,77002,85004,1689,896.31,866.24,2026-07-07
NWF26070201822,2026-07-02,2026-07-06,55401,84101,2507,1615.75,1378.12,2026-07-06
NWF26070201823,2026-07-02,2026-07-13,98108,07105,2024,2587.67,2056.18,2026-07-22
NWF26070201824,2026-07-02,2026-07-06,19104,37203,1081,439.47,357.3,2026-07-07
NWF26070201825,2026-07-02,2026-07-03,55401,46204,2586,820.12,801.75,2026-07-05
NWF26070201826,2026-07-02,2026-07-03,30303,48226,1373,514.17,482.31,2026-07-04
NWF26070201827,2026-07-02,2026-07-06,84101,55401,2368,1299.87,912.67,2026-07-06
NWF26070201828,2026-07-02,2026-07-09,46204,97209,5771,4635.2,3503.1,2026-07-11
NWF26070201829,2026-07-02,2026-07-07,97209,80202,2175,1100.08,891.58,2026-07-08
NWF26070201830,2026-07-02,2026-07-07,84101,64105,2459,1186.49,888.18,2026-07-08
NWF26070201831,2026-07-02,2026-07-06,37203,64105,3799,1416.26,1160.41,2026-07-06
NWF26070201832,2026-07-02,2026-07-06,37203,75201,172,125.0,110.02,2026-07-11
NWF26070201833,2026-07-02,2026-07-03,90021,97209,683,338.0,331.01,2026-07-04
NWF26070201834,2026-07-02,2026-07-08,64105,98108,3353,2417.68,1696.93,2026-07-10
NWF26070201835,2026-07-02,2026-07-07,55401,46204,2965,928.22,685.32,2026-07-08
NWF26070201836,2026-07-02,2026-07-10,90021,48226,484,557.56,513.98,2026-07-11
NWF26070201837,2026-07-02,2026-07-03,46204,37203,569,179.76,142.8,2026-07-05
NWF26070201838,2026-07-02,2026-07-03,60607,46204,2433,663.62,625.59,2026-07-04
NWF26070201839,2026-07-02,2026-07-06,46204,55401,2963,1115.09,823.07,2026-07-06
NWF26070201840,2026-07-02,2026-07-10,30303,98108,671,692.21,654.8,2026-07-18
NWF26070201841,2026-07-02,2026-07-13,19104,97209,640,707.51,536.53,2026-07-13
NWF26070201842,2026-07-02,2026-07-06,55401,46204,1925,677.0,603.18,2026-07-08
NWF26070201843,2026-07-02,2026-07-06,55401,46204,949,350.13,293.19,2026-07-14
NWF26070201844,2026-07-02,2026-07-07,55401,75201,1961,1112.67,979.24,2026-07-07
NWF26070201845,2026-07-02,2026-07-09,90021,46204,1517,1239.3,995.5,2026-07-15
NWF26070201846,2026-07-02,2026-07-06,64105,30303,6098,3401.08,2481.56,2026-07-15
NWF26070201847,2026-07-02,2026-07-06,46204,55401,570,200.12,145.12,2026-07-07
NWF26070201848,2026-07-02,2026-07-07,30303,84101,2441,1866.15,1392.55,2026-07-09
NWF26070201849,2026-07-02,2026-07-07,80202,60607,1054,592.14,494.09,2026-07-09
NWF26070201850,2026-07-02,2026-07-03,60607,46204,1350,406.0,391.3,2026-07-03
NWF26070201851,2026-07-02,2026-07-06,55401,46204,4399,1463.03,1392.66,2026-07-07
NWF26070201852,2026-07-02,2026-07-07,30303,19104,8451,3851.3,3391.91,2026-07-09
NWF26070201853,2026-07-02,2026-07-06,64105,30303,1061,525.93,451.28,2026-07-06
NWF26070201854,2026-07-02,2026-07-10,19104,90021,484,507.69,442.78,2026-07-10
NWF26070201855,2026-07-02,2026-07-06,84101,55401,4642,2721.23,2392.78,2026-07-06
NWF26070201856,2026-07-02,2026-07-06,97209,80202,373,201.78,155.06,2026-07-06
NWF26070201857,2026-07-02,2026-07-13,19104,90021,3188,3050.53,2754.45,2026-07-13
NWF26070201858,2026-07-02,2026-07-07,30303,84101,1152,879.8,697.8,2026-07-08
NWF26070201859,2026-07-02,2026-07-06,60607,46204,2040,565.93,526.86,2026-07-06
NWF26070201860,2026-07-02,2026-07-07,46204,55401,622,261.64,217.47,2026-07-09
NWF26070201861,2026-07-02,2026-07-06,84101,64105,1233,608.84,524.99,2026-07-06
NWF26070201862,2026-07-02,2026-07-10,98108,19104,703,892.62,638.41,2026-07-10
NWF26070201863,2026-07-02,2026-07-03,84101,97209,1691,899.44,852.44,2026-07-05
NWF26070201864,2026-07-02,2026-07-03,46204,38103,3183,1258.27,1190.3,2026-07-03
NWF26070201865,2026-07-02,2026-07-07,97209,80202,2640,1454.53,1393.89,2026-07-07
NWF26070201866,2026-07-02,2026-07-07,80202,64105,1183,450.31,415.36,2026-07-07
NWF26070201867,2026-07-02,2026-07-09,98108,07105,4596,6337.69,4602.42,2026-07-09
NWF26070201868,2026-07-02,2026-07-08,55401,84101,3003,1724.69,1218.89,2026-07-09
NWF26070201869,2026-07-02,2026-07-13,19104,97209,2087,2448.3,2702.67,2026-07-13
NWF26070201870,2026-07-02,2026-07-06,64105,30303,1612,926.12,961.06,2026-07-06
NWF26070201871,2026-07-02,2026-07-06,64105,30303,262,143.17,118.67,2026-07-06
NWF26070201872,2026-07-02,2026-07-07,84101,64105,4379,2067.81,1668.98,2026-07-07
NWF26070201873,2026-07-02,2026-07-07,75201,37203,2425,1264.3,1119.26,2026-07-07
NWF26070201874,2026-07-02,2026-07-06,46204,55401,2613,923.29,794.14,2026-07-06
NWF26070201875,2026-07-02,2026-07-06,55401,46204,2096,756.66,701.54,2026-07-06
NWF26070201876,2026-07-02,2026-07-03,90021,97209,1003,472.2,434.97,2026-07-03
NWF26070201877,2026-07-02,2026-07-07,19104,37203,4492,1736.67,1281.14,2026-07-07
NWF26070301878,2026-07-03,2026-07-07,46204,55401,1004,413.71,383.48,2026-07-07
NWF26070301879,2026-07-03,2026-07-07,75201,64105,1617,691.29,596.83,2026-07-07
NWF26070301880,2026-07-03,2026-07-07,37203,75201,679,264.66,211.86,2026-07-08
NWF26070301881,2026-07-03,2026-07-13,19104,90021,2929,2745.02,2645.17,2026-07-13
NWF26070301882,2026-07-03,2026-07-06,07105,19104,1363,300.19,261.77,2026-07-07
NWF26070301883,2026-07-03,2026-07-13,77002,98108,420,349.12,314.92,2026-07-15
NWF26070301884,2026-07-03,2026-07-07,80202,64105,913,327.58,288.93,2026-07-17
NWF26070301885,2026-07-03,2026-07-09,30303,85004,2839,1945.64,1748.93,2026-07-09
NWF26070301886,2026-07-03,2026-07-14,98108,19104,7913,9431.11,7912.59,2026-07-23
NWF26070301887,2026-07-03,2026-07-07,48226,07105,3976,1452.5,1256.75,2026-07-08
NWF26070301888,2026-07-03,2026-07-08,07105,55401,162,125.0,115.85,2026-07-08
NWF26070301889,2026-07-03,2026-07-08,30303,19104,2181,856.84,793.18,2026-07-10
NWF26070301890,2026-07-03,2026-07-07,64105,30303,1271,726.98,608.42,2026-07-09
NWF26070301891,2026-07-03,2026-07-07,80202,64105,1139,435.28,410.54,2026-07-09
NWF26070301892,2026-07-03,2026-07-10,90021,48226,438,494.71,360.38,2026-07-11
NWF26070301893,2026-07-03,2026-07-08,48226,80202,932,552.79,433.42,2026-07-08
NWF26070301894,2026-07-03,2026-07-07,37203,46204,550,137.61,110.02,2026-07-09
NWF26070301895,2026-07-03,2026-07-10,30303,85004,8783,5991.86,4869.72,2026-07-11
NWF26070301896,2026-07-03,2026-07-07,75201,60607,3618,1980.02,1581.85,2026-07-07
NWF26070301897,2026-07-03,2026-07-06,37203,46204,1351,368.39,299.44,2026-07-07
NWF26070301898,2026-07-03,2026-07-06,60607,46204,540,150.98,125.44,2026-07-16
NWF26070301899,2026-07-03,2026-07-07,84101,55401,914,555.1,474.37,2026-07-09
NWF26070301900,2026-07-03,2026-07-10,46204,97209,1790,1387.84,1068.36,2026-07-11
NWF26070301901,2026-07-03,2026-07-09,55401,84101,1418,805.89,751.44,2026-07-11
NWF26070301902,2026-07-03,2026-07-07,55401,46204,1382,423.59,351.45,2026-07-08
NWF26070301903,2026-07-03,2026-07-07,30303,48226,1562,587.89,474.4,2026-07-08
NWF26070301904,2026-07-03,2026-07-08,07105,55401,425,279.09,213.59,2026-07-09
NWF26070301905,2026-07-03,2026-07-08,46204,55401,2488,984.88,940.91,2026-07-08
NWF26070301906,2026-07-03,2026-07-07,64105,46204,2554,1039.99,974.97,2026-07-07
NWF26070301907,2026-07-03,2026-07-08,64105,30303,446,253.27,237.16,2026-07-08
NWF26070301908,2026-07-03,2026-07-06,75201,60607,2675,1615.7,1429.77,2026-07-06
NWF26070301909,2026-07-03,2026-07-07,97209,80202,3866,2038.7,1767.01,2026-07-15
NWF26070301910,2026-07-03,2026-07-13,90021,19104,1294,1523.69,1281.46,2026-07-15
NWF26070301911,2026-07-03,2026-07-07,55401,46204,3046,948.56,865.27,2026-07-09
NWF26070301912,2026-07-03,2026-07-07,55401,46204,5490,1821.01,1533.14,2026-07-09
NWF26070301913,2026-07-03,2026-07-08,75201,85004,2495,1265.57,1053.98,2026-07-08
NWF26070301914,2026-07-03,2026-07-07,75201,60607,1169,701.24,508.83,2026-07-07
NWF26070301915,2026-07-03,2026-07-06,55401,46204,1396,447.12,333.68,2026-07-08
NWF26070301916,2026-07-03,2026-07-06,07105,19104,2333,604.99,537.03,2026-07-07
NWF26070301917,2026-07-03,2026-07-08,30303,19104,697,276.82,255.04,2026-07-08
NWF26070301918,2026-07-03,2026-07-09,90021,46204,1775,1486.24,1412.3,2026-07-09
NWF26070301919,2026-07-03,2026-07-14,98108,07105,1159,1598.94,1379.39,2026-07-14
NWF26070301920,2026-07-03,2026-07-06,46204,37203,1038,361.62,291.24,2026-07-08
NWF26070301921,2026-07-03,2026-07-06,46204,38103,724,254.94,210.15,2026-07-06
NWF26070301922,2026-07-03,2026-07-07,30303,48226,1618,636.18,494.35,2026-07-09
NWF26070301923,2026-07-03,2026-07-07,37203,75201,819,336.91,373.63,2026-07-08
NWF26070301924,2026-07-03,2026-07-08,75201,84101,1172,731.54,639.74,2026-07-08
NWF26070301925,2026-07-03,2026-07-06,64105,30303,4181,2309.47,2085.3,2026-07-08
NWF26070301926,2026-07-03,2026-07-10,98108,46204,1948,1755.89,1582.97,2026-07-10
NWF26070301927,2026-07-03,2026-07-08,46204,77002,604,367.7,267.11,2026-07-14
NWF26070301928,2026-07-03,2026-07-10,90021,46204,1388,1242.89,1019.29,2026-07-12
NWF26070301929,2026-07-03,2026-07-08,07105,55401,1212,877.63,733.34,2026-07-10
NWF26070301930,2026-07-03,2026-07-13,98108,19104,683,871.69,764.07,2026-07-14
NWF26070301931,2026-07-03,2026-07-08,55401,75201,1513,721.44,559.73,2026-07-08
NWF26070301932,2026-07-03,2026-07-06,75201,60607,11199,6758.62,6523.5,2026-07-08
NWF26070301933,2026-07-03,2026-07-10,64105,98108,2443,1834.39,1487.38,2026-07-11
NWF26070301934,2026-07-03,2026-07-07,19104,37203,1104,476.86,345.86,2026-07-08
NWF26070301935,2026-07-03,2026-07-10,98108,46204,400,358.05,335.33,2026-07-10
NWF26070301936,2026-07-03,2026-07-06,37203,46204,821,198.19,142.64,2026-07-14
NWF26070301937,2026-07-03,2026-07-08,75201,60607,1756,1097.15,831.64,2026-07-10
NWF26070301938,2026-07-03,2026-07-13,19104,97209,379,419.88,364.39,2026-07-13
NWF26070301939,2026-07-03,2026-07-07,80202,64105,2310,919.93,720.89,2026-07-07
NWF26070301940,2026-07-03,2026-07-08,30303,19104,1976,891.05,838.69,2026-07-09
NWF26070301941,2026-07-03,2026-07-07,55401,48226,918,396.46,368.57,2026-07-08
NWF26070301942,2026-07-03,2026-07-10,46204,97209,1366,1184.81,839.05,2026-07-11
NWF26070301943,2026-07-03,2026-07-07,37203,75201,595,240.62,197.08,2026-07-08
NWF26070301944,2026-07-03,2026-07-09,55401,84101,2541,1480.57,1326.84,2026-07-11
NWF26070301945,2026-07-03,2026-07-13,98108,07105,1697,1962.97,1755.96,2026-07-13
NWF26070301946,2026-07-03,2026-07-08,75201,37203,781,410.23,339.07,2026-07-10
NWF26070301947,2026-07-03,2026-07-13,19104,97209,1036,1144.96,1167.59,2026-07-15
NWF26070301948,2026-07-03,2026-07-07,46204,77002,260,160.88,197.26,2026-07-07
NWF26070301949,2026-07-03,2026-07-07,84101,64105,1330,688.3,519.56,2026-07-09
NWF26070301950,2026-07-03,2026-07-14,90021,19104,976,1123.83,1036.07,2026-07-14
NWF26070301951,2026-07-03,2026-07-07,07105,19104,738,165.38,127.4,2026-07-08
NWF26070301952,2026-07-03,2026-07-07,64105,30303,836,429.21,488.67,2026-07-08
NWF26070301953,2026-07-03,2026-07-08,46204,77002,295,184.51,141.17,2026-07-09
NWF26070301954,2026-07-03,2026-07-08,55401,84101,530,300.43,249.61,2026-07-08
NWF26070301955,2026-07-03,2026-07-09,84101,64105,2375,1280.35,1116.64,2026-07-11
NWF26070301956,2026-07-03,2026-07-09,55401,98108,706,489.53,370.94,2026-07-10
NWF26070301957,2026-07-03,2026-07-08,75201,85004,1658,983.96,936.1,2026-07-10
NWF26070301958,2026-07-03,2026-07-09,64105,98108,2555,1827.21,1378.49,2026-07-10
NWF26070301959,2026-07-03,2026-07-08,84101,55401,1406,830.54,634.73,2026-07-08
NWF26070101775,2026-07-01,2026-07-07,98108,46204,1004,1044.34,1006.66,2026-07-10
NWF26070301960,2026-07-03,2026-07-06,30303,19104,1719,655.52,619.03,2026-07-07
NWF26070301961,2026-07-03,2026-07-07,55401,46204,498,183.53,142.8,2026-07-08
NWF26070301962,2026-07-03,2026-07-10,30303,85004,378,291.84,276.12,2026-07-12
NWF26070301963,2026-07-03,2026-07-06,60607,46204,1020,263.54,231.83,2026-07-06
NWF26070301964,2026-07-03,2026-07-10,19104,97209,458,573.89,484.08,2026-07-12
NWF26070301965,2026-07-03,2026-07-06,30303,48226,2084,876.56,743.11,2026-07-06
NWF26070301966,2026-07-03,2026-07-14,19104,90021,5054,5443.87,5087.31,2026-07-16
NWF26070301967,2026-07-03,2026-07-14,98108,19104,1174,1309.1,1183.54,2026-07-16
NWF26070301968,2026-07-03,2026-07-08,30303,85004,5114,3779.81,2818.09,2026-07-08
NWF26070401969,2026-07-04,2026-07-13,30303,98108,311,318.52,225.65,2026-07-15
NWF26070401970,2026-07-04,2026-07-07,64105,30303,1546,754.71,537.76,2026-07-07
NWF26070401971,2026-07-04,2026-07-06,46204,55401,1480,562.41,680.7,2026-07-08
NWF26070401972,2026-07-04,2026-07-13,46204,97209,1958,1701.74,1580.9,2026-07-13
NWF26070401973,2026-07-04,2026-07-08,07105,55401,2960,2060.77,1978.33,2026-07-10
NWF26070401974,2026-07-04,2026-07-07,55401,46204,421,139.1,126.62,2026-07-07
NWF26070501975,2026-07-05,2026-07-08,46204,77002,642,355.38,249.13,2026-07-09
NWF26070501976,2026-07-05,2026-07-06,75201,60607,1192,683.38,634.42,2026-07-07
NWF26070501977,2026-07-05,2026-07-06,46204,38103,2217,918.42,814.79,2026-07-06
NWF26070501978,2026-07-05,2026-07-07,80202,64105,12000,4321.49,3129.76,2026-07-17
NWF26070501979,2026-07-05,2026-07-07,80202,64105,1257,462.08,429.29,2026-07-09
NWF26070601980,2026-07-06,2026-07-08,55401,75201,1445,793.34,724.21,2026-07-08
NWF26070601981,2026-07-06,2026-07-07,46204,37203,485,160.49,140.29,2026-07-08
NWF26070601982,2026-07-06,2026-07-09,55401,84101,1521,911.34,770.64,2026-07-10
NWF26070601983,2026-07-06,2026-07-09,55401,46204,2807,995.38,1195.16,2026-07-09
NWF26070601984,2026-07-06,2026-07-13,90021,46204,4188,3955.76,2794.92,2026-07-13
NWF26070601985,2026-07-06,2026-07-10,48226,84101,2462,2410.62,2113.38,2026-07-11
NWF26070601986,2026-07-06,2026-07-08,80202,64105,3320,1155.78,832.62,2026-07-10
NWF26070601987,2026-07-06,2026-07-14,19104,90021,4481,4598.32,4127.9,2026-07-15
NWF26070601988,2026-07-06,2026-07-07,46204,37203,2679,804.12,714.41,2026-07-07
NWF26070601989,2026-07-06,2026-07-13,77002,98108,2017,1845.12,1516.7,2026-07-15
NWF26070601990,2026-07-06,2026-07-10,48226,84101,806,730.17,676.96,2026-07-12
NWF26070601991,2026-07-06,2026-07-10,84101,55401,967,593.42,472.99,2026-07-10
NWF26070601992,2026-07-06,2026-07-14,19104,90021,2171,2402.22,1776.76,2026-07-15
NWF26070601993,2026-07-06,2026-07-09,75201,60607,1973,1137.92,1091.37,2026-07-10
NWF26070601994,2026-07-06,2026-07-10,48226,84101,1304,1106.54,1037.2,2026-07-12
NWF26070601995,2026-07-06,2026-07-09,30303,84101,1582,1395.74,1426.78,2026-07-11
NWF26070601996,2026-07-06,2026-07-10,48226,84101,2383,2263.29,2038.73,2026-07-11
NWF26070601997,2026-07-06,2026-07-08,46204,19104,5261,2698.5,2742.97,2026-07-10
NWF26070601998,2026-07-06,2026-07-15,19104,97209,2024,2144.06,2239.47,2026-07-15
NWF26070601999,2026-07-06,2026-07-10,46204,77002,1917,1137.28,1240.41,2026-07-10
NWF26070602000,2026-07-06,2026-07-13,98108,46204,1067,1039.37,1165.1,2026-07-15
NWF26070602001,2026-07-06,2026-07-07,60607,46204,573,167.07,127.57,2026-07-09
NWF26070602002,2026-07-06,2026-07-09,55401,75201,1888,1054.68,859.98,2026-07-10
NWF26070602003,2026-07-06,2026-07-07,37203,75201,2608,1080.29,1046.38,2026-07-07
NWF26070602004,2026-07-06,2026-07-09,46204,77002,773,468.92,356.24,2026-07-09
NWF26070602005,2026-07-06,2026-07-10,30303,85004,534,392.29,341.69,2026-07-10
NWF26070602006,2026-07-06,2026-07-09,55401,75201,5869,3017.42,2554.93,2026-07-10
NWF26070602007,2026-07-06,2026-07-13,46204,97209,505,426.55,331.19,2026-07-15
NWF26070602008,2026-07-06,2026-07-07,46204,38103,552,229.4,224.58,2026-07-09
NWF26070602009,2026-07-06,2026-07-08,46204,55401,1009,416.49,336.17,2026-07-09
NWF26070602010,2026-07-06,2026-07-08,19104,37203,1520,554.35,514.75,2026-07-09
NWF26070602011,2026-07-06,2026-07-13,90021,46204,1804,1535.81,1245.82,2026-07-15
NWF26070602012,2026-07-06,2026-07-10,77002,85004,1854,1001.83,916.06,2026-07-12
NWF26070602013,2026-07-06,2026-07-07,37203,46204,3612,916.65,869.96,2026-07-07
NWF26070602014,2026-07-06,2026-07-09,55401,75201,1423,755.78,674.36,2026-07-11
NWF26070602015,2026-07-06,2026-07-10,55401,98108,1822,1341.89,1582.45,2026-07-10
NWF26070602016,2026-07-06,2026-07-14,19104,90021,3076,3464.47,3087.28,2026-07-16
NWF26070602017,2026-07-06,2026-07-14,98108,19104,1236,1589.75,1364.72,2026-07-14
NWF26070602018,2026-07-06,2026-07-14,30303,98108,766,841.89,607.93,2026-07-16
NWF26070602019,2026-07-06,2026-07-09,19104,37203,3289,1395.74,1245.26,2026-07-11
NWF26070602020,2026-07-06,2026-07-15,90021,19104,946,948.5,885.64,2026-07-17
NWF26070602021,2026-07-06,2026-07-08,46204,55401,398,141.02,112.68,2026-07-10
NWF26070602022,2026-07-06,2026-07-07,80202,64105,317,125.0,87.84,2026-07-07
NWF26070602023,2026-07-06,2026-07-09,55401,07105,2601,1305.92,1041.47,2026-07-10
NWF26070602024,2026-07-06,2026-07-08,30303,19104,1017,407.41,355.16,2026-07-10
NWF26070602025,2026-07-06,2026-07-14,98108,07105,6057,8400.51,6725.19,2026-07-15
NWF26070602026,2026-07-06,2026-07-10,84101,75201,1112,706.71,501.28,2026-07-12
NWF26070602027,2026-07-06,2026-07-13,55401,98108,7750,5933.98,5063.46,2026-07-15
NWF26070602028,2026-07-06,2026-07-07,46204,38103,322,131.52,128.74,2026-07-09
NWF26070602029,2026-07-06,2026-07-14,90021,19104,865,1020.83,802.26,2026-07-14
NWF26070602030,2026-07-06,2026-07-08,80202,64105,1066,420.66,394.17,2026-07-08
NWF26070602031,2026-07-06,2026-07-10,30303,84101,741,602.67,443.81,2026-07-10
NWF26070602032,2026-07-06,2026-07-09,55401,75201,625,333.69,295.39,2026-07-09
NWF26070602033,2026-07-06,2026-07-10,55401,84101,223,125.0,126.24,2026-07-12
NWF26070602034,2026-07-06,2026-07-08,30303,19104,532,242.39,207.39,2026-07-17
NWF26070602035,2026-07-06,2026-07-08,80202,64105,1051,417.57,511.14,2026-07-09
NWF26070602036,2026-07-06,2026-07-13,98108,07105,4561,6128.86,5222.09,2026-07-13
NWF26070602037,2026-07-06,2026-07-09,80202,60607,1919,982.99,1217.25,2026-07-10
NWF26070602038,2026-07-06,2026-07-10,84101,75201,2589,1639.36,1386.55,2026-07-11
NWF26070602039,2026-07-06,2026-07-14,90021,19104,1901,2268.24,1660.51,2026-07-19
NWF26070602040,2026-07-06,2026-07-07,75201,64105,1524,608.61,589.18,2026-07-09
NWF26070602041,2026-07-06,2026-07-14,19104,97209,1454,1692.63,1847.52,2026-07-15
NWF26070602042,2026-07-06,2026-07-08,84101,64105,544,280.23,222.24,2026-07-15
NWF26070602043,2026-07-06,2026-07-07,60607,46204,224,125.0,111.68,2026-07-07
NWF26070602044,2026-07-06,2026-07-07,37203,46204,6368,1716.55,1431.69,2026-07-07
NWF26070602045,2026-07-06,2026-07-08,64105,46204,1353,512.63,406.45,2026-07-10
NWF26070602046,2026-07-06,2026-07-08,80202,60607,1432,782.77,583.56,2026-07-18
NWF26070602047,2026-07-06,2026-07-07,60607,46204,1601,479.33,366.22,2026-07-07
NWF26070602048,2026-07-06,2026-07-09,30303,85004,771,534.76,405.99,2026-07-11
NWF26070602049,2026-07-06,2026-07-09,84101,64105,137,125.0,108.59,2026-07-11
NWF26070602050,2026-07-06,2026-07-14,98108,19104,1671,1841.6,1396.3,2026-07-14
NWF26070602051,2026-07-06,2026-07-08,60607,64105,567,192.2,184.61,2026-07-08
NWF26070602052,2026-07-06,2026-07-09,30303,48226,2866,1080.22,1024.24,2026-07-09
NWF26070602053,2026-07-06,2026-07-09,80202,64105,2902,1183.54,974.28,2026-07-11
NWF26070602054,2026-07-06,2026-07-08,80202,60607,1484,705.75,498.55,2026-07-08
NWF26070602055,2026-07-06,2026-07-07,55401,48226,7473,3629.24,3017.74,2026-07-07
NWF26070602056,2026-07-06,2026-07-13,46204,97209,216,187.1,137.22,2026-07-13
NWF26070602057,2026-07-06,2026-07-07,75201,60607,8960,4817.01,3894.02,2026-07-07
NWF26070602058,2026-07-06,2026-07-08,55401,84101,881,520.44,437.33,2026-07-09
NWF26070602059,2026-07-06,2026-07-08,37203,75201,766,282.14,242.55,2026-07-09
NWF26070602060,2026-07-06,2026-07-14,90021,48226,2317,2816.71,3496.46,2026-07-14
NWF26070602061,2026-07-06,2026-07-10,84101,75201,1671,1026.51,1192.6,2026-07-10
NWF26070602062,2026-07-06,2026-07-09,55401,75201,759,366.27,346.85,2026-07-09
NWF26070702063,2026-07-07,2026-07-09,84101,75201,5449,3415.27,3034.74,2026-07-11
NWF26070702064,2026-07-07,2026-07-08,60607,46204,5343,1496.08,1460.43,2026-07-08
NWF26070702065,2026-07-07,2026-07-13,84101,55401,834,511.55,370.21,2026-07-14
NWF26070702066,2026-07-07,2026-07-09,64105,30303,2131,1206.37,1087.72,2026-07-10
NWF26070702067,2026-07-07,2026-07-10,55401,07105,710,360.8,306.27,2026-07-10
NWF26070702068,2026-07-07,2026-07-13,48226,84101,803,734.83,520.14,2026-07-14
NWF26070702069,2026-07-07,2026-07-15,46204,97209,2619,2340.3,2080.62,2026-07-16
NWF26070702070,2026-07-07,2026-07-08,60607,46204,346,125.0,109.75,2026-07-08
NWF26070702071,2026-07-07,2026-07-08,46204,38103,838,331.66,304.31,2026-07-09
NWF26070702072,2026-07-07,2026-07-09,64105,30303,1009,513.51,412.65,2026-07-11
NWF26070702073,2026-07-07,2026-07-15,98108,07105,4733,6540.26,5508.55,2026-07-16
NWF26070702074,2026-07-07,2026-07-08,60607,46204,1663,498.41,374.25,2026-07-08
NWF26070702075,2026-07-07,2026-07-10,55401,75201,737,421.08,326.08,2026-07-10
NWF26070702076,2026-07-07,2026-07-09,75201,80202,1630,893.48,860.84,2026-07-10
NWF26070702077,2026-07-07,2026-07-15,90021,19104,1253,1426.06,1181.08,2026-07-15
NWF26070702078,2026-07-07,2026-07-09,55401,46204,1873,684.12,636.33,2026-07-09
NWF26070702079,2026-07-07,2026-07-10,48226,80202,2475,1664.9,1425.08,2026-07-11
NWF26070702080,2026-07-07,2026-07-15,98108,46204,3213,2873.32,2726.7,2026-07-16
NWF26070702081,2026-07-07,2026-07-09,84101,97209,12000,5864.52,4289.78,2026-07-11
NWF26070702082,2026-07-07,2026-07-13,55401,98108,3072,2135.62,1699.11,2026-07-13
NWF26070702083,2026-07-07,2026-07-10,80202,30303,1320,827.76,737.5,2026-07-11
NWF26070702084,2026-07-07,2026-07-09,80202,64105,1012,404.57,387.98,2026-07-09
NWF26070702085,2026-07-07,2026-07-14,98108,46204,3540,3485.87,3507.93,2026-07-15
NWF26070702086,2026-07-07,2026-07-14,46204,97209,843,698.04,551.13,2026-07-14
NWF26070702087,2026-07-07,2026-07-08,46204,38103,1684,646.78,596.14,2026-07-09
NWF26070702088,2026-07-07,2026-07-09,55401,46204,1695,625.17,596.64,2026-07-10
NWF26070702089,2026-07-07,2026-07-08,60607,46204,1099,325.14,243.62,2026-07-10
NWF26070702090,2026-07-07,2026-07-08,46204,55401,12000,4938.3,3932.43,2026-07-09
NWF26070702091,2026-07-07,2026-07-13,77002,85004,6643,4017.6,2979.21,2026-07-13
NWF26070702092,2026-07-07,2026-07-09,37203,46204,574,145.89,102.18,2026-07-11
NWF26070702093,2026-07-07,2026-07-13,80202,19104,2306,1652.38,1354.14,2026-07-14
NWF26070702094,2026-07-07,2026-07-10,30303,48226,4866,1849.4,1559.43,2026-07-10
NWF26070702095,2026-07-07,2026-07-08,90021,97209,1123,590.68,549.69,2026-07-10
NWF26070702096,2026-07-07,2026-07-13,64105,98108,4911,3565.32,3124.91,2026-07-15
NWF26070702097,2026-07-07,2026-07-14,46204,97209,2920,2425.5,2209.75,2026-07-14
NWF26070702098,2026-07-07,2026-07-10,46204,77002,278,151.19,110.32,2026-07-10
NWF26070702099,2026-07-07,2026-07-15,98108,07105,1929,2530.88,2257.27,2026-07-17
NWF26070702100,2026-07-07,2026-07-09,37203,75201,1135,478.08,417.37,2026-07-10
NWF26070702101,2026-07-07,2026-07-15,19104,97209,2890,3579.33,3297.64,2026-07-15
NWF26070702102,2026-07-07,2026-07-14,46204,97209,706,580.54,677.63,2026-07-16
NWF26070702103,2026-07-07,2026-07-13,48226,84101,4110,3629.04,2554.1,2026-07-14
NWF26070702104,2026-07-07,2026-07-10,46204,55401,2195,818.29,664.29,2026-07-12
NWF26070702105,2026-07-07,2026-07-14,90021,46204,785,728.07,700.62,2026-07-14
NWF26070702106,2026-07-07,2026-07-09,46204,38103,1939,743.63,711.75,2026-07-10
NWF26070702107,2026-07-07,2026-07-09,80202,64105,2945,1041.21,822.44,2026-07-09
NWF26070702108,2026-07-07,2026-07-14,90021,48226,1391,1652.08,1225.69,2026-07-16
NWF26070702109,2026-07-07,2026-07-14,30303,85004,1903,1399.38,1733.45,2026-07-14
NWF26070702110,2026-07-07,2026-07-09,46204,19104,543,242.63,224.04,2026-07-09
NWF26070702111,2026-07-07,2026-07-08,46204,38103,734,275.62,219.1,2026-07-10
NWF26070702112,2026-07-07,2026-07-08,60607,46204,1991,528.94,464.66,2026-07-10
NWF26070702113,2026-07-07,2026-07-13,80202,19104,501,389.63,314.44,2026-07-15
NWF26070702114,2026-07-07,2026-07-10,84101,75201,4121,2508.51,2584.42,2026-07-11
NWF26070702115,2026-07-07,2026-07-10,75201,60607,2915,1673.95,1637.28,2026-07-11
NWF26070702116,2026-07-07,2026-07-13,75201,84101,1093,678.18,533.44,2026-07-19
NWF26070702117,2026-07-07,2026-07-09,30303,48226,1787,742.76,703.95,2026-07-10
NWF26070702118,2026-07-07,2026-07-15,90021,19104,850,848.35,651.87,2026-07-16
NWF26070702119,2026-07-07,2026-07-10,46204,55401,1707,634.45,519.9,2026-07-11
NWF26070702120,2026-07-07,2026-07-10,48226,80202,4688,2828.62,2430.94,2026-07-10
NWF26070702121,2026-07-07,2026-07-08,30303,19104,1004,377.74,303.34,2026-07-08
NWF26070702122,2026-07-07,2026-07-10,55401,75201,2125,1047.59,756.3,2026-07-12
NWF26070702123,2026-07-07,2026-07-09,60607,46204,1693,459.09,371.94,2026-07-11
NWF26070702124,2026-07-07,2026-07-08,46204,38103,926,333.79,317.87,2026-07-09
NWF26070702125,2026-07-07,2026-07-08,37203,46204,9189,2197.22,1612.69,2026-07-10
NWF26070702126,2026-07-07,2026-07-13,30303,85004,3399,2686.06,2074.65,2026-07-13
NWF26070702127,2026-07-07,2026-07-08,60607,46204,819,207.47,189.33,2026-07-08
NWF26070702128,2026-07-07,2026-07-08,07105,19104,555,130.09,113.12,2026-07-10
NWF26070702129,2026-07-07,2026-07-10,84101,75201,1707,1114.69,1048.12,2026-07-10
NWF26070702130,2026-07-07,2026-07-10,84101,64105,1565,831.12,608.58,2026-07-11
NWF26070702131,2026-07-07,2026-07-15,19104,90021,4369,4244.42,3720.17,2026-07-16
NWF26070702132,2026-07-07,2026-07-10,37203,64105,3223,1173.0,1254.57,2026-07-11
NWF26070702133,2026-07-07,2026-07-09,30303,48226,2264,930.68,738.34,2026-07-11
NWF26070702134,2026-07-07,2026-07-08,37203,46204,1120,269.59,239.86,2026-07-10
NWF26070702135,2026-07-07,2026-07-13,55401,98108,1593,1030.28,924.81,2026-07-22
NWF26070702136,2026-07-07,2026-07-08,37203,46204,1166,265.3,255.13,2026-07-08
NWF26070802137,2026-07-08,2026-07-10,46204,37203,335,125.0,117.53,2026-07-11
NWF26070802138,2026-07-08,2026-07-09,46204,55401,964,339.25,259.51,2026-07-10
NWF26070802139,2026-07-08,2026-07-10,55401,46204,5304,1743.6,1621.61,2026-07-12
NWF26070802140,2026-07-08,2026-07-13,55401,84101,1597,993.82,962.6,2026-07-15
NWF26070802141,2026-07-08,2026-07-13,84101,75201,1196,709.78,549.22,2026-07-13
NWF26070802142,2026-07-08,2026-07-10,75201,60607,638,397.6,371.25,2026-07-10
NWF26070802143,2026-07-08,2026-07-15,98108,46204,1725,1613.44,1211.25,2026-07-15
NWF26070802144,2026-07-08,2026-07-09,64105,30303,1446,804.28,870.67,2026-07-09
NWF26070802145,2026-07-08,2026-07-10,64105,30303,2744,1360.81,1049.21,2026-07-12
NWF26070802146,2026-07-08,2026-07-14,80202,19104,2106,1582.39,1920.99,2026-07-24
NWF26070802147,2026-07-08,2026-07-09,60607,46204,454,125.0,113.69,2026-07-09
NWF26070802148,2026-07-08,2026-07-15,90021,48226,578,700.84,650.73,2026-07-15
NWF26070802149,2026-07-08,2026-07-10,84101,97209,361,175.03,168.91,2026-07-10
NWF26070802150,2026-07-08,2026-07-13,55401,75201,805,443.98,347.17,2026-07-14
NWF26070802151,2026-07-08,2026-07-16,98108,46204,1112,978.57,936.35,2026-07-17
NWF26070802152,2026-07-08,2026-07-13,77002,85004,1023,609.87,586.7,2026-07-13
NWF26070802153,2026-07-08,2026-07-13,30303,48226,1794,738.66,608.21,2026-07-15
NWF26070802154,2026-07-08,2026-07-09,07105,19104,1571,350.25,433.95,2026-07-10
NWF26070802155,2026-07-08,2026-07-10,30303,48226,1645,682.67,616.39,2026-07-15
NWF26070802156,2026-07-08,2026-07-14,30303,85004,512,404.29,372.94,2026-07-14
NWF26070802157,2026-07-08,2026-07-10,46204,77002,533,321.73,246.45,2026-07-11
NWF26070802158,2026-07-08,2026-07-15,98108,46204,1988,2059.21,2004.19,2026-07-16
NWF26070802159,2026-07-08,2026-07-09,46204,37203,898,269.95,262.41,2026-07-09
NWF26070802160,2026-07-08,2026-07-09,60607,46204,644,169.09,119.38,2026-07-09
NWF26070802161,2026-07-08,2026-07-14,84101,64105,350,185.65,143.51,2026-07-21
NWF26070802162,2026-07-08,2026-07-13,80202,30303,1497,1042.76,815.9,2026-07-14
NWF26070802163,2026-07-08,2026-07-10,55401,46204,1474,502.75,398.46,2026-07-10
NWF26070802164,2026-07-08,2026-07-10,80202,64105,811,320.47,285.74,2026-07-10
NWF26070802165,2026-07-08,2026-07-13,55401,84101,1272,783.84,588.56,2026-07-13
NWF26070802166,2026-07-08,2026-07-15,48226,84101,1703,1475.41,1109.21,2026-07-16
NWF26070802167,2026-07-08,2026-07-13,55401,84101,676,372.66,304.51,2026-07-15
NWF26070802168,2026-07-08,2026-07-13,48226,80202,2286,1463.36,1259.02,2026-07-19
NWF26070802169,2026-07-08,2026-07-14,07105,55401,887,588.78,537.02,2026-07-14
NWF26070802170,2026-07-08,2026-07-09,46204,38103,1169,411.86,335.43,2026-07-16
NWF26070802171,2026-07-08,2026-07-10,90021,97209,646,290.88,257.63,2026-07-12
NWF26070802172,2026-07-08,2026-07-13,84101,75201,1065,723.35,551.52,2026-07-18
NWF26070802173,2026-07-08,2026-07-10,84101,97209,1922,978.07,727.66,2026-07-10
NWF26070802174,2026-07-08,2026-07-10,60607,64105,2593,867.55,768.28,2026-07-12
NWF26070802175,2026-07-08,2026-07-16,30303,98108,1202,1218.83,990.19,2026-07-18
NWF26070802176,2026-07-08,2026-07-13,84101,64105,819,381.93,300.43,2026-07-15
NWF26070802177,2026-07-08,2026-07-09,80202,64105,2289,932.36,891.67,2026-07-10
NWF26070802178,2026-07-08,2026-07-15,30303,85004,957,727.38,588.13,2026-07-17
NWF26070802179,2026-07-08,2026-07-16,19104,90021,3220,3482.49,2650.03,2026-07-18
NWF26070802180,2026-07-08,2026-07-09,07105,19104,810,174.31,181.42,2026-07-11
NWF26070802181,2026-07-08,2026-07-10,64105,30303,3452,1808.46,1524.71,2026-07-10
NWF26070802182,2026-07-08,2026-07-09,37203,64105,1686,697.81,603.38,2026-07-10
NWF26070802183,2026-07-08,2026-07-09,60607,46204,1556,437.5,330.64,2026-07-09
NWF26070802184,2026-07-08,2026-07-10,64105,30303,1195,657.68,597.59,2026-07-10
NWF26070802185,2026-07-08,2026-07-16,98108,07105,852,1046.77,892.18,2026-07-16
NWF26070802186,2026-07-08,2026-07-17,19104,90021,4727,4405.5,3522.1,2026-07-19
NWF26070802187,2026-07-08,2026-07-14,75201,85004,7229,3679.46,3040.37,2026-07-14
NWF26070802188,2026-07-08,2026-07-10,77002,85004,2543,1437.4,1364.2,2026-07-12
NWF26070802189,2026-07-08,2026-07-16,90021,19104,10630,11033.42,10239.85,2026-07-18
NWF26070802190,2026-07-08,2026-07-17,98108,07105,333,426.52,395.46,2026-07-17
NWF26070802191,2026-07-08,2026-07-10,30303,48226,536,197.37,201.04,2026-07-12
NWF26070802192,2026-07-08,2026-07-10,55401,46204,1989,690.81,647.82,2026-07-11
NWF26070802193,2026-07-08,2026-07-16,90021,19104,1224,1446.63,1226.65,2026-07-17
NWF26070802194,2026-07-08,2026-07-10,37203,75201,1345,548.39,448.75,2026-07-12
NWF26070802195,2026-07-08,2026-07-13,75201,85004,1738,1030.19,792.48,2026-07-14
NWF26070802196,2026-07-08,2026-07-09,60607,46204,850,242.13,205.64,2026-07-10
NWF26070802197,2026-07-08,2026-07-17,19104,97209,358,451.08,419.57,2026-07-18
NWF26070802198,2026-07-08,2026-07-14,90021,46204,3943,3370.79,2520.77,2026-07-14
NWF26070802199,2026-07-08,2026-07-16,98108,19104,1263,1536.51,1318.85,2026-07-17
NWF26070802200,2026-07-08,2026-07-10,64105,30303,806,435.03,397.58,2026-07-12
NWF26070802201,2026-07-08,2026-07-15,46204,97209,1211,1024.2,886.22,2026-07-16
NWF26070802202,2026-07-08,2026-07-10,60607,46204,1210,305.62,280.84,2026-07-11
NWF26070802203,2026-07-08,2026-07-14,64105,98108,7701,5052.69,3927.07,2026-07-16
NWF26070802204,2026-07-08,2026-07-15,98108,46204,2394,2271.77,1774.05,2026-07-15
NWF26070802205,2026-07-08,2026-07-09,30303,48226,2510,886.2,714.83,2026-07-09
NWF26070301948,2026-07-03,2026-07-07,46204,77002,260,160.88,197.26,2026-07-07
NWF26070802206,2026-07-08,2026-07-10,84101,97209,415,189.37,166.49,2026-07-11
NWF26070802207,2026-07-08,2026-07-09,37203,75201,480,207.51,147.53,2026-07-11
NWF26070802208,2026-07-08,2026-07-15,90021,19104,211,226.21,164.96,2026-07-17
NWF26070802209,2026-07-08,2026-07-09,60607,46204,392,125.0,104.39,2026-07-11
NWF26070802210,2026-07-08,2026-07-13,97209,80202,1793,994.34,903.04,2026-07-14
NWF26070802211,2026-07-08,2026-07-15,90021,30303,915,987.61,909.32,2026-07-15
NWF26070802212,2026-07-08,2026-07-09,64105,30303,3379,1867.56,1518.19,2026-07-10
NWF26070802213,2026-07-08,2026-07-17,19104,97209,1061,1231.5,1126.62,2026-07-19
NWF26070802214,2026-07-08,2026-07-13,84101,75201,3030,1949.64,1393.02,2026-07-15
NWF26070802215,2026-07-08,2026-07-10,75201,37203,1311,673.0,477.68,2026-07-11
NWF26070802216,2026-07-08,2026-07-10,30303,48226,1835,671.02,525.26,2026-07-10
NWF26070802217,2026-07-08,2026-07-10,60607,46204,3772,1009.92,803.92,2026-07-11
NWF26070802218,2026-07-08,2026-07-14,30303,84101,3695,3301.35,2427.46,2026-07-16
NWF26070802219,2026-07-08,2026-07-09,60607,46204,2530,770.77,705.31,2026-07-09
NWF26070802220,2026-07-08,2026-07-09,60607,46204,1043,300.37,265.76,2026-07-10
NWF26070802221,2026-07-08,2026-07-13,55401,85004,1339,1051.27,937.44,2026-07-13
NWF26070802222,2026-07-08,2026-07-09,60607,46204,1075,320.97,245.51,2026-07-10
NWF26070802223,2026-07-08,2026-07-09,75201,60607,3457,2127.84,1619.47,2026-07-09
NWF26070802224,2026-07-08,2026-07-13,80202,64105,943,331.51,240.54,2026-07-21
NWF26070802225,2026-07-08,2026-07-09,19104,37203,2365,940.23,699.51,2026-07-11
NWF26070802226,2026-07-08,2026-07-14,64105,98108,821,542.8,482.57,2026-07-14
NWF26070902227,2026-07-09,2026-07-14,84101,75201,671,419.87,341.65,2026-07-15
NWF26070902228,2026-07-09,2026-07-16,90021,46204,1104,1034.06,737.5,2026-07-17
NWF26070902229,2026-07-09,2026-07-14,55401,75201,848,464.84,408.51,2026-07-15
NWF26070902230,2026-07-09,2026-07-13,46204,38103,1634,647.2,473.36,2026-07-13
NWF26070902231,2026-07-09,2026-07-15,90021,46204,341,302.65,228.76,2026-07-15
NWF26070902232,2026-07-09,2026-07-14,30303,19104,659,249.17,188.04,2026-07-14
NWF26070902233,2026-07-09,2026-07-16,46204,97209,667,611.6,517.37,2026-07-17
NWF26070902234,2026-07-09,2026-07-15,55401,98108,1451,1107.05,1026.66,2026-07-15
NWF26070902235,2026-07-09,2026-07-14,75201,84101,1352,912.83,750.11,2026-07-15
NWF26070902236,2026-07-09,2026-07-13,46204,55401,1256,472.14,417.86,2026-07-14
NWF26070902237,2026-07-09,2026-07-16,98108,46204,1577,1464.57,1306.33,2026-07-17
NWF26070902238,2026-07-09,2026-07-14,55401,85004,2498,1898.08,1415.06,2026-07-14
NWF26070902239,2026-07-09,2026-07-17,90021,30303,184,168.65,146.6,2026-07-19
NWF26070902240,2026-07-09,2026-07-13,55401,84101,315,189.78,192.07,2026-07-15
NWF26070902241,2026-07-09,2026-07-16,98108,07105,2051,2394.08,1732.82,2026-07-17
NWF26070902242,2026-07-09,2026-07-17,90021,19104,736,775.8,746.79,2026-07-19
NWF26070902243,2026-07-09,2026-07-13,84101,55401,7417,4466.85,3855.77,2026-07-14
NWF26070902244,2026-07-09,2026-07-13,77002,85004,3105,1808.59,1442.51,2026-07-15
NWF26070902245,2026-07-09,2026-07-13,84101,64105,1633,763.69,693.93,2026-07-15
NWF26070902246,2026-07-09,2026-07-17,19104,97209,2563,2690.22,1986.85,2026-07-22
NWF26070902247,2026-07-09,2026-07-10,60607,46204,691,203.47,172.57,2026-07-11
NWF26070902248,2026-07-09,2026-07-15,98108,46204,9732,8758.77,7348.39,2026-07-16
NWF26070902249,2026-07-09,2026-07-14,46204,77002,721,409.53,290.08,2026-07-15
NWF26070902250,2026-07-09,2026-07-13,60607,64105,1365,454.7,434.96,2026-07-15
NWF26070902251,2026-07-09,2026-07-14,55401,84101,7006,4434.91,3815.8,2026-07-15
NWF26070902252,2026-07-09,2026-07-14,55401,75201,564,297.16,243.39,2026-07-14
NWF26070902253,2026-07-09,2026-07-14,77002,85004,878,506.21,459.88,2026-07-16
NWF26070902254,2026-07-09,2026-07-14,55401,75201,6138,3303.41,2492.9,2026-07-16
NWF26070902255,2026-07-09,2026-07-13,84101,55401,706,413.82,290.88,2026-07-13
NWF26070902256,2026-07-09,2026-07-14,60607,64105,3658,1313.25,1035.16,2026-07-14
NWF26070902257,2026-07-09,2026-07-10,60607,46204,2064,582.8,424.45,2026-07-10
NWF26070902258,2026-07-09,2026-07-15,77002,98108,672,553.77,528.08,2026-07-16
NWF26070902259,2026-07-09,2026-07-10,64105,30303,2111,1095.78,833.64,2026-07-11
NWF26070902260,2026-07-09,2026-07-10,60607,46204,826,237.11,212.74,2026-07-11
NWF26070902261,2026-07-09,2026-07-14,55401,07105,1203,731.79,604.53,2026-07-15
NWF26070902262,2026-07-09,2026-07-16,98108,46204,696,623.71,497.15,2026-07-17
NWF26070902263,2026-07-09,2026-07-14,07105,55401,885,553.9,408.52,2026-07-15
NWF26070902264,2026-07-09,2026-07-15,75201,84101,930,594.61,486.46,2026-07-16
NWF26070902265,2026-07-09,2026-07-13,80202,64105,3134,1180.87,951.5,2026-07-15
NWF26070902266,2026-07-09,2026-07-14,84101,75201,2446,1736.09,1372.43,2026-07-16
NWF26070902267,2026-07-09,2026-07-16,46204,97209,1823,1672.45,1190.78,2026-07-16
NWF26070902268,2026-07-09,2026-07-13,46204,55401,1376,510.53,426.93,2026-07-15
NWF26070902269,2026-07-09,2026-07-16,46204,97209,903,741.72,543.31,2026-07-18
NWF26070902270,2026-07-09,2026-07-16,19104,90021,770,784.02,637.09,2026-07-18
NWF26070902271,2026-07-09,2026-07-10,37203,75201,5341,1975.77,1679.88,2026-07-12
NWF26070902272,2026-07-09,2026-07-14,55401,75201,879,499.79,365.51,2026-07-16
NWF26070902273,2026-07-09,2026-07-15,84101,55401,926,493.53,382.21,2026-07-17
NWF26070902274,2026-07-09,2026-07-14,37203,75201,998,395.31,334.58,2026-07-14
NWF26070902275,2026-07-09,2026-07-16,64105,98108,1028,770.0,586.96,2026-07-17
NWF26070902276,2026-07-09,2026-07-10,90021,97209,932,421.34,379.58,2026-07-10
NWF26070902277,2026-07-09,2026-07-16,55401,98108,915,665.37,756.02,2026-07-16
NWF26070902278,2026-07-09,2026-07-16,90021,46204,937,743.69,656.43,2026-07-16
NWF26070902279,2026-07-09,2026-07-13,84101,97209,2458,1223.72,1097.88,2026-07-13
NWF26070902280,2026-07-09,2026-07-13,84101,97209,1509,755.66,680.16,2026-07-13
NWF26070902281,2026-07-09,2026-07-15,84101,55401,1567,919.0,832.53,2026-07-16
NWF26070902282,2026-07-09,2026-07-16,46204,97209,1591,1281.33,924.96,2026-07-16
NWF26070902283,2026-07-09,2026-07-10,46204,55401,3162,1150.61,837.54,2026-07-10
NWF26070902284,2026-07-09,2026-07-13,30303,19104,797,305.93,246.83,2026-07-13
NWF26070902285,2026-07-09,2026-07-15,64105,98108,1142,713.55,685.28,2026-07-17
NWF26070902286,2026-07-09,2026-07-17,98108,07105,2705,3643.54,3286.48,2026-07-17
NWF26070902287,2026-07-09,2026-07-16,48226,85004,1489,1257.02,1047.38,2026-07-16
NWF26070902288,2026-07-09,2026-07-15,55401,85004,1528,1260.9,958.95,2026-07-15
NWF26070902289,2026-07-09,2026-07-16,19104,97209,851,918.67,852.19,2026-07-17
NWF26070902290,2026-07-09,2026-07-17,90021,19104,2134,2206.41,1559.9,2026-07-22
NWF26070902291,2026-07-09,2026-07-13,90021,97209,6998,3786.49,2768.18,2026-07-14
NWF26070902292,2026-07-09,2026-07-13,75201,60607,1280,739.4,721.15,2026-07-14
NWF26070902293,2026-07-09,2026-07-10,46204,37203,842,283.05,199.35,2026-07-12
NWF26070902294,2026-07-09,2026-07-13,84101,97209,2549,1331.59,1261.45,2026-07-13
NWF26071002295,2026-07-10,2026-07-16,84101,75201,1046,654.95,499.67,2026-07-16
NWF26071002296,2026-07-10,2026-07-20,19104,97209,1712,1986.82,1930.68,2026-07-21
NWF26071002297,2026-07-10,2026-07-14,77002,85004,919,473.85,336.61,2026-07-16
NWF26071002298,2026-07-10,2026-07-14,84101,64105,5395,2992.55,2170.97,2026-07-15
NWF26071002299,2026-07-10,2026-07-13,75201,80202,3969,2137.33,2025.7,2026-07-14
NWF26071002300,2026-07-10,2026-07-15,55401,84101,4431,2583.17,1962.93,2026-07-15
NWF26071002301,2026-07-10,2026-07-13,55401,46204,781,237.2,215.8,2026-07-13
NWF26071002302,2026-07-10,2026-07-14,55401,07105,217,125.0,137.61,2026-07-14
NWF26071002303,2026-07-10,2026-07-14,30303,48226,3486,1274.12,1047.8,2026-07-16
NWF26071002304,2026-07-10,2026-07-20,30303,98108,1181,1122.8,1141.3,2026-07-20
NWF26071002305,2026-07-10,2026-07-15,84101,55401,1161,622.14,438.03,2026-07-15
NWF26071002306,2026-07-10,2026-07-15,90021,97209,1557,810.98,736.58,2026-07-15
NWF26071002307,2026-07-10,2026-07-14,60607,46204,1586,450.77,326.9,2026-07-14
NWF26071002308,2026-07-10,2026-07-15,80202,64105,736,283.2,263.3,2026-07-15
NWF26071002309,2026-07-10,2026-07-15,55401,98108,3100,2208.19,2023.88,2026-07-15
NWF26071002310,2026-07-10,2026-07-13,30303,48226,1735,638.28,623.55,2026-07-14
NWF26071002311,2026-07-10,2026-07-14,75201,84101,901,519.65,497.82,2026-07-16
NWF26071002312,2026-07-10,2026-07-20,77002,98108,708,641.76,579.15,2026-07-20
NWF26071002313,2026-07-10,2026-07-14,19104,37203,1450,533.39,463.6,2026-07-15
NWF26071002314,2026-07-10,2026-07-14,55401,46204,786,282.22,198.5,2026-07-21
NWF26071002315,2026-07-10,2026-07-17,77002,98108,1123,920.62,792.59,2026-07-19
NWF26071002316,2026-07-10,2026-07-17,90021,19104,830,905.05,815.0,2026-07-17
NWF26071002317,2026-07-10,2026-07-13,84101,97209,1711,776.16,710.65,2026-07-13
NWF26071002318,2026-07-10,2026-07-14,19104,37203,2153,878.91,804.01,2026-07-15
NWF26071002319,2026-07-10,2026-07-13,07105,19104,1524,331.8,256.61,2026-07-14
NWF26071002320,2026-07-10,2026-07-14,64105,30303,6670,3289.0,2589.24,2026-07-15
NWF26071002321,2026-07-10,2026-07-14,75201,80202,547,258.85,188.06,2026-07-16
NWF26071002322,2026-07-10,2026-07-13,37203,46204,1241,288.8,253.23,2026-07-13
NWF26071002323,2026-07-10,2026-07-15,07105,55401,3224,2391.31,1714.65,2026-07-15
NWF26071002324,2026-07-10,2026-07-16,30303,85004,1225,822.8,631.79,2026-07-16
NWF26071002325,2026-07-10,2026-07-14,80202,60607,1688,806.02,570.84,2026-07-16
NWF26071002326,2026-07-10,2026-07-14,30303,48226,1392,560.24,427.37,2026-07-15
NWF26071002327,2026-07-10,2026-07-14,30303,48226,10395,4364.55,3567.19,2026-07-15
NWF26071002328,2026-07-10,2026-07-16,77002,85004,1394,798.87,605.06,2026-07-16
NWF26071002329,2026-07-10,2026-07-17,30303,85004,1482,1036.31,754.88,2026-07-19
NWF26071002330,2026-07-10,2026-07-15,37203,75201,1523,627.35,507.2,2026-07-20
NWF26071002331,2026-07-10,2026-07-20,46204,97209,1003,937.15,886.75,2026-07-22
NWF26071002332,2026-07-10,2026-07-13,46204,38103,2734,1060.39,882.8,2026-07-15
NWF26071002333,2026-07-10,2026-07-17,90021,48226,236,288.15,226.18,2026-07-17
NWF26071002334,2026-07-10,2026-07-21,98108,19104,984,1125.91,805.05,2026-07-23
NWF26071002335,2026-07-10,2026-07-20,30303,98108,2828,2726.07,2471.76,2026-07-21
NWF26071002336,2026-07-10,2026-07-13,60607,46204,1896,508.57,472.53,2026-07-15
NWF26071002337,2026-07-10,2026-07-13,37203,46204,1383,347.56,294.99,2026-07-15
NWF26071002338,2026-07-10,2026-07-13,46204,38103,938,361.19,281.91,2026-07-13
NWF26071002339,2026-07-10,2026-07-16,84101,55401,1477,902.66,767.54,2026-07-17
NWF26071002340,2026-07-10,2026-07-17,46204,97209,831,769.52,605.67,2026-07-17
NWF26071002341,2026-07-10,2026-07-17,98108,46204,583,536.39,487.21,2026-07-17
NWF26071002342,2026-07-10,2026-07-16,55401,85004,3213,2745.88,2077.91,2026-07-16
NWF26071002343,2026-07-10,2026-07-13,60607,46204,1660,475.18,460.09,2026-07-13
NWF26071002344,2026-07-10,2026-07-15,55401,98108,1346,877.8,784.02,2026-07-21
NWF26071002345,2026-07-10,2026-07-14,90021,97209,1514,782.02,741.11,2026-07-15
NWF26071002346,2026-07-10,2026-07-15,84101,75201,2667,1578.1,1328.84,2026-07-17
NWF26071002347,2026-07-10,2026-07-16,55401,75201,1792,1011.52,886.12,2026-07-17
NWF26071002348,2026-07-10,2026-07-15,64105,30303,1611,765.61,733.71,2026-07-17
NWF26071002349,2026-07-10,2026-07-15,84101,55401,1173,689.47,493.49,2026-07-16
NWF26071002350,2026-07-10,2026-07-14,84101,64105,349,195.51,145.32,2026-07-16
NWF26071002351,2026-07-10,2026-07-13,60607,46204,1030,304.69,258.97,2026-07-13
NWF26071002352,2026-07-10,2026-07-14,55401,75201,622,349.7,245.47,2026-07-14
NWF26071002353,2026-07-10,2026-07-15,84101,75201,2236,1410.57,1329.88,2026-07-15
NWF26071002354,2026-07-10,2026-07-20,19104,97209,1944,2363.67,1743.88,2026-07-20
NWF26071002355,2026-07-10,2026-07-16,55401,07105,400,235.9,190.53,2026-07-18
NWF26071002356,2026-07-10,2026-07-17,90021,46204,1265,1100.84,890.47,2026-07-17
NWF26071002357,2026-07-10,2026-07-13,46204,38103,1978,801.04,765.81,2026-07-13
NWF26071002358,2026-07-10,2026-07-20,19104,90021,10413,11629.24,10821.78,2026-07-21
NWF26071002359,2026-07-10,2026-07-14,19104,37203,761,333.99,323.1,2026-07-14
NWF26071002360,2026-07-10,2026-07-17,77002,98108,291,225.71,192.01,2026-07-18
NWF26071002361,2026-07-10,2026-07-17,64105,98108,1032,640.22,502.19,2026-07-19
NWF26071002362,2026-07-10,2026-07-17,98108,46204,766,771.07,693.97,2026-07-18
NWF26071002363,2026-07-10,2026-07-13,75201,64105,488,214.81,202.24,2026-07-13
NWF26071002364,2026-07-10,2026-07-15,80202,60607,370,207.12,161.0,2026-07-15
NWF26071002365,2026-07-10,2026-07-15,75201,84101,4039,2520.86,2441.61,2026-07-17
NWF26071102366,2026-07-11,2026-07-14,19104,37203,432,158.36,130.76,2026-07-14
NWF26071102367,2026-07-11,2026-07-16,97209,80202,937,487.8,388.08,2026-07-18
NWF26071102368,2026-07-11,2026-07-14,30303,19104,2515,978.31,1050.61,2026-07-21
NWF26071102369,2026-07-11,2026-07-14,90021,97209,2952,1388.53,1272.57,2026-07-15
NWF26071202370,2026-07-12,2026-07-15,64105,46204,508,175.26,147.22,2026-07-16
NWF26071202371,2026-07-12,2026-07-15,84101,55401,2731,1644.25,1250.65,2026-07-15
NWF26071202372,2026-07-12,2026-07-14,55401,46204,1035,333.67,312.67,2026-07-15
NWF26071202373,2026-07-12,2026-07-14,30303,19104,1592,700.29,567.55,2026-07-15
NWF26071202374,2026-07-12,2026-07-14,46204,55401,1445,511.56,417.76,2026-07-15
NWF26071202375,2026-07-12,2026-07-20,19104,97209,1132,1293.2,929.72,2026-07-21
NWF26071202376,2026-07-12,2026-07-14,64105,30303,3245,1696.7,1516.27,2026-07-14
NWF26071202377,2026-07-12,2026-07-20,90021,19104,1157,1270.18,907.66,2026-07-21
NWF26071302378,2026-07-13,2026-07-15,75201,80202,1648,762.8,605.43,2026-07-21
NWF26071302379,2026-07-13,2026-07-15,80202,64105,4960,2026.1,1760.91,2026-07-17
NWF26071302380,2026-07-13,2026-07-15,48226,07105,1779,727.37,667.31,2026-07-16
NWF26071302381,2026-07-13,2026-07-16,55401,75201,2681,1502.32,1261.87,2026-07-21
NWF26071302382,2026-07-13,2026-07-14,46204,38103,1462,518.05,393.11,2026-07-15
NWF26071302383,2026-07-13,2026-07-16,84101,55401,314,169.24,148.96,2026-07-25
NWF26071302384,2026-07-13,2026-07-15,75201,60607,5132,3014.71,2622.47,2026-07-16
NWF26071302385,2026-07-13,2026-07-16,30303,84101,2207,2007.55,1614.36,2026-07-17
NWF26071302386,2026-07-13,2026-07-14,60607,46204,778,237.35,221.67,2026-07-22
NWF26071302387,2026-07-13,2026-07-14,60607,46204,2348,710.85,646.25,2026-07-16
NWF26071302388,2026-07-13,2026-07-15,80202,64105,682,255.65,184.5,2026-07-15
NWF26071302389,2026-07-13,2026-07-16,55401,75201,999,560.46,499.85,2026-07-18
NWF26071302390,2026-07-13,2026-07-15,46204,55401,1125,404.18,374.41,2026-07-16
NWF26071302391,2026-07-13,2026-07-14,46204,38103,630,240.36,264.26,2026-07-20
NWF26071302392,2026-07-13,2026-07-17,90021,48226,5459,6422.2,6269.74,2026-07-17
NWF26071302393,2026-07-13,2026-07-16,84101,55401,693,372.12,339.48,2026-07-16
NWF26071302394,2026-07-13,2026-07-20,90021,19104,594,635.45,453.31,2026-07-21
NWF26071302395,2026-07-13,2026-07-21,90021,48226,7012,7990.77,7038.64,2026-07-21
NWF26071302396,2026-07-13,2026-07-16,64105,98108,1650,1187.73,1402.35,2026-07-18
NWF26071302397,2026-07-13,2026-07-14,46204,38103,2952,1116.25,894.95,2026-07-14
NWF26071302398,2026-07-13,2026-07-15,30303,19104,4498,1751.59,1604.57,2026-07-15
NWF26071302399,2026-07-13,2026-07-14,60607,46204,722,219.21,189.34,2026-07-15
NWF26071302400,2026-07-13,2026-07-15,37203,75201,920,397.45,305.44,2026-07-16
NWF26071302401,2026-07-13,2026-07-16,80202,30303,2652,1846.37,1351.15,2026-07-17
NWF26071302402,2026-07-13,2026-07-15,07105,55401,5046,3151.78,2961.07,2026-07-17
NWF26071302403,2026-07-13,2026-07-16,07105,55401,3936,2849.83,2190.86,2026-07-16
NWF26071302404,2026-07-13,2026-07-14,30303,48226,625,215.9,183.61,2026-07-16
NWF26071302405,2026-07-13,2026-07-15,64105,30303,907,444.29,383.13,2026-07-17
NWF26071302406,2026-07-13,2026-07-15,30303,48226,5914,2318.27,2240.35,2026-07-16
NWF26071302407,2026-07-13,2026-07-15,30303,48226,475,185.22,144.07,2026-07-16
NWF26071302408,2026-07-13,2026-07-14,46204,55401,2344,838.44,634.6,2026-07-14
NWF26071302409,2026-07-13,2026-07-15,60607,46204,634,184.99,134.67,2026-07-15
NWF26071302410,2026-07-13,2026-07-20,48226,84101,2738,2414.86,2141.93,2026-07-21
NWF26071302411,2026-07-13,2026-07-15,30303,48226,2038,840.21,800.45,2026-07-16
NWF26071302412,2026-07-13,2026-07-20,90021,48226,838,935.93,715.5,2026-07-21
NWF26071302413,2026-07-13,2026-07-16,80202,60607,244,125.0,109.89,2026-07-18
NWF26071302414,2026-07-13,2026-07-15,60607,64105,1331,477.04,368.78,2026-07-16
NWF26071302415,2026-07-13,2026-07-17,80202,19104,945,783.75,658.73,2026-07-25
NWF26071302416,2026-07-13,2026-07-15,55401,84101,3717,2305.47,2239.43,2026-07-16
NWF26071302417,2026-07-13,2026-07-17,55401,85004,1082,898.08,678.51,2026-07-17
NWF26071302418,2026-07-13,2026-07-14,60607,46204,4513,1163.01,1098.27,2026-07-15
NWF26071302419,2026-07-13,2026-07-15,55401,75201,1521,781.27,559.43,2026-07-16
NWF26071302420,2026-07-13,2026-07-17,84101,55401,1788,1039.15,1010.42,2026-07-19
NWF26071302421,2026-07-13,2026-07-16,55401,84101,365,211.77,155.67,2026-07-17
NWF26071302422,2026-07-13,2026-07-20,19104,90021,238,264.83,240.04,2026-07-21
NWF26071302423,2026-07-13,2026-07-16,75201,85004,789,426.93,389.1,2026-07-18
NWF26071302424,2026-07-13,2026-07-15,55401,84101,3812,2373.87,2318.99,2026-07-16
NWF26071302425,2026-07-13,2026-07-15,46204,55401,1745,740.08,682.37,2026-07-15
NWF26071302426,2026-07-13,2026-07-17,07105,55401,1794,1307.09,1136.56,2026-07-17
NWF26071302427,2026-07-13,2026-07-15,75201,60607,1279,737.54,570.44,2026-07-15
NWF26071302428,2026-07-13,2026-07-15,37203,75201,1105,399.46,373.12,2026-07-17
NWF26071302429,2026-07-13,2026-07-15,64105,30303,674,344.96,260.87,2026-07-15
NWF26071302430,2026-07-13,2026-07-14,46204,37203,1325,440.56,445.71,2026-07-16
NWF26071302431,2026-07-13,2026-07-15,07105,19104,1372,320.27,260.08,2026-07-15
NWF26071402432,2026-07-14,2026-07-16,37203,64105,1265,475.89,427.56,2026-07-16
NWF26071402433,2026-07-14,2026-07-17,80202,64105,896,316.0,258.69,2026-07-19
NWF26071402434,2026-07-14,2026-07-15,07105,19104,912,238.23,225.86,2026-07-15
NWF26071402435,2026-07-14,2026-07-22,19104,97209,2406,2878.0,2792.23,2026-07-24
NWF26071402436,2026-07-14,2026-07-17,80202,60607,176,125.0,119.54,2026-07-18
NWF26071402437,2026-07-14,2026-07-17,55401,75201,4362,2260.23,1848.11,2026-07-18
NWF26071402438,2026-07-14,2026-07-22,46204,97209,820,676.62,723.55,2026-07-22
NWF26071402439,2026-07-14,2026-07-15,37203,64105,1502,542.03,507.85,2026-07-15
NWF26071402440,2026-07-14,2026-07-17,75201,85004,1856,966.68,828.35,2026-07-18
NWF26071402441,2026-07-14,2026-07-15,46204,19104,1390,636.06,584.32,2026-07-16
NWF26071402442,2026-07-14,2026-07-15,60607,46204,1042,263.59,211.0,2026-07-16
NWF26071402443,2026-07-14,2026-07-20,84101,55401,696,394.6,338.95,2026-07-20
NWF26071402444,2026-07-14,2026-07-15,46204,55401,1028,365.33,256.97,2026-07-16
NWF26071402445,2026-07-14,2026-07-16,64105,30303,5527,2795.25,2537.35,2026-07-17
NWF26071402446,2026-07-14,2026-07-20,84101,55401,266,156.49,187.05,2026-07-22
NWF26071402447,2026-07-14,2026-07-16,46204,19104,1794,845.22,744.9,2026-07-17
NWF26071402448,2026-07-14,2026-07-17,64105,30303,1510,755.58,573.81,2026-07-17
NWF26071402449,2026-07-14,2026-07-21,64105,98108,1155,848.39,802.56,2026-07-22
NWF26071402450,2026-07-14,2026-07-22,98108,19104,244,320.2,294.27,2026-07-24
NWF26071402451,2026-07-14,2026-07-20,80202,60607,974,517.71,367.26,2026-07-21
NWF26071402452,2026-07-14,2026-07-16,19104,37203,660,272.25,254.43,2026-07-16
NWF26071402453,2026-07-14,2026-07-22,90021,46204,2569,2175.05,1544.77,2026-07-23
NWF26071402454,2026-07-14,2026-07-16,19104,37203,1655,600.13,501.26,2026-07-16
NWF26071402455,2026-07-14,2026-07-21,98108,46204,1156,1194.85,1019.73,2026-07-22
NWF26071402456,2026-07-14,2026-07-15,55401,48226,3350,1587.19,1453.72,2026-07-16
NWF26071402457,2026-07-14,2026-07-22,19104,90021,1406,1483.82,1382.04,2026-07-24
NWF26071402458,2026-07-14,2026-07-15,55401,48226,333,160.3,143.34,2026-07-16
NWF26071402459,2026-07-14,2026-07-20,90021,30303,4342,4590.47,4297.94,2026-07-20
NWF26071402460,2026-07-14,2026-07-22,98108,19104,534,617.87,580.68,2026-07-24
NWF26071402461,2026-07-14,2026-07-21,46204,97209,2196,1855.42,1405.78,2026-07-22
NWF26071402462,2026-07-14,2026-07-15,90021,97209,12000,6371.97,4486.84,2026-07-17
NWF26071402463,2026-07-14,2026-07-16,46204,55401,1359,520.59,411.47,2026-07-16
NWF26071402464,2026-07-14,2026-07-16,55401,75201,708,332.17,271.85,2026-07-17
NWF26071402465,2026-07-14,2026-07-17,75201,85004,1614,847.4,758.19,2026-07-17
NWF26071402466,2026-07-14,2026-07-17,84101,75201,819,552.35,485.59,2026-07-18
NWF26071402467,2026-07-14,2026-07-21,90021,46204,1618,1370.6,1166.12,2026-07-22
NWF26071402468,2026-07-14,2026-07-16,75201,80202,3847,1864.25,1598.03,2026-07-18
NWF26071402469,2026-07-14,2026-07-17,55401,84101,5755,3601.49,3220.62,2026-07-18
NWF26071402470,2026-07-14,2026-07-17,84101,55401,510,315.13,221.08,2026-07-23
NWF26071402471,2026-07-14,2026-07-16,64105,30303,1850,1022.27,979.25,2026-07-18
NWF26071402472,2026-07-14,2026-07-16,19104,37203,12000,4954.07,6117.64,2026-07-16
NWF26071402473,2026-07-14,2026-07-16,37203,64105,1179,458.83,531.0,2026-07-25
NWF26071402474,2026-07-14,2026-07-15,60607,46204,1260,355.33,308.49,2026-07-17
NWF26071402475,2026-07-14,2026-07-22,46204,97209,938,811.82,984.46,2026-07-22
NWF26071402476,2026-07-14,2026-07-16,55401,46204,2418,744.97,919.49,2026-07-18
NWF26071402477,2026-07-14,2026-07-15,60607,46204,595,163.23,168.68,2026-07-15
NWF26071402478,2026-07-14,2026-07-15,60607,46204,1187,353.1,345.47,2026-07-16
NWF26071402479,2026-07-14,2026-07-15,84101,97209,776,389.27,292.53,2026-07-24
NWF26071402480,2026-07-14,2026-07-21,98108,46204,1370,1225.8,1110.6,2026-07-22
NWF26071402481,2026-07-14,2026-07-20,30303,84101,2705,2329.64,2012.71,2026-07-20
NWF26071402482,2026-07-14,2026-07-17,55401,75201,917,516.49,443.95,2026-07-17
NWF26071402483,2026-07-14,2026-07-15,60607,46204,2029,527.04,480.23,2026-07-15
NWF26071402484,2026-07-14,2026-07-16,75201,60607,3043,1738.07,1324.83,2026-07-18
NWF26071402485,2026-07-14,2026-07-17,84101,55401,6176,3766.16,3457.66,2026-07-17
NWF26071402486,2026-07-14,2026-07-21,46204,97209,2593,2400.71,2023.33,2026-07-23
NWF26071402487,2026-07-14,2026-07-16,60607,46204,1190,313.49,230.61,2026-07-17
NWF26071402488,2026-07-14,2026-07-21,98108,46204,2050,1971.56,1536.7,2026-07-23
NWF26071402489,2026-07-14,2026-07-22,19104,90021,6043,5847.5,5318.76,2026-07-24
NWF26071402490,2026-07-14,2026-07-15,55401,46204,1547,507.26,411.63,2026-07-17
NWF26071402491,2026-07-14,2026-07-20,48226,85004,730,650.82,563.09,2026-07-22
NWF26071402492,2026-07-14,2026-07-21,98108,46204,2216,2242.31,2030.47,2026-07-23
NWF26071402493,2026-07-14,2026-07-17,84101,55401,3226,1864.96,1676.29,2026-07-18
NWF26071402494,2026-07-14,2026-07-16,19104,37203,1229,467.31,578.01,2026-07-18
NWF26071402495,2026-07-14,2026-07-21,98108,46204,699,672.11,506.16,2026-07-27
NWF26071402496,2026-07-14,2026-07-22,90021,30303,1219,1300.48,1618.73,2026-07-23
NWF26071402497,2026-07-14,2026-07-15,07105,19104,2640,574.43,529.55,2026-07-15
NWF26071402498,2026-07-14,2026-07-20,46204,97209,2897,2353.23,1725.15,2026-07-21
NWF26071402499,2026-07-14,2026-07-23,19104,90021,1341,1419.41,1166.38,2026-07-24
NWF26071402500,2026-07-14,2026-07-21,30303,98108,1738,1650.64,1311.13,2026-07-22
NWF26071402501,2026-07-14,2026-07-15,75201,80202,252,125.0,120.51,2026-07-16
NWF26071402502,2026-07-14,2026-07-22,98108,19104,3758,4996.89,4640.15,2026-07-23
NWF26071402503,2026-07-14,2026-07-16,55401,46204,1869,682.04,563.09,2026-07-18
NWF26071502504,2026-07-15,2026-07-20,75201,84101,3863,2561.83,2484.48,2026-07-21
NWF26071502505,2026-07-15,2026-07-21,30303,85004,4574,3067.42,2287.51,2026-07-23
NWF26071502506,2026-07-15,2026-07-20,46204,55401,1931,737.6,518.95,2026-07-20
NWF26071502507,2026-07-15,2026-07-23,19104,97209,1072,1128.21,971.58,2026-07-23
NWF26071502508,2026-07-15,2026-07-16,37203,46204,8372,2117.88,1910.8,2026-07-17
NWF26071502509,2026-07-15,2026-07-17,46204,55401,1307,532.54,493.61,2026-07-18
NWF26071502510,2026-07-15,2026-07-16,75201,60607,662,411.45,488.58,2026-07-17
NWF26071502511,2026-07-15,2026-07-23,46204,97209,2426,1907.13,2306.17,2026-07-24
NWF26071502512,2026-07-15,2026-07-16,46204,19104,2046,960.56,681.57,2026-07-17
NWF26071502513,2026-07-15,2026-07-20,80202,60607,519,261.73,202.85,2026-07-20
NWF26071502514,2026-07-15,2026-07-16,60607,46204,1426,403.42,291.32,2026-07-17
NWF26071502515,2026-07-15,2026-07-22,90021,19104,1278,1494.83,1210.62,2026-07-29
NWF26071502516,2026-07-15,2026-07-16,75201,37203,943,500.89,351.0,2026-07-16
NWF26071502517,2026-07-15,2026-07-23,90021,19104,6025,6406.66,5043.91,2026-07-29
NWF26071502518,2026-07-15,2026-07-17,60607,46204,3347,878.1,923.98,2026-07-18
NWF26071502519,2026-07-15,2026-07-16,90021,97209,5687,2540.53,2143.82,2026-07-18
NWF26071502520,2026-07-15,2026-07-17,30303,48226,1187,423.16,334.33,2026-07-17
NWF26071502521,2026-07-15,2026-07-20,55401,07105,827,480.35,364.04,2026-07-21
NWF26071502522,2026-07-15,2026-07-21,84101,55401,224,129.19,108.78,2026-07-22
NWF26071502523,2026-07-15,2026-07-17,30303,19104,3005,1249.71,1213.81,2026-07-19
NWF26071502524,2026-07-15,2026-07-17,75201,64105,1996,814.78,735.27,2026-07-17
NWF26071502525,2026-07-15,2026-07-20,48226,80202,630,359.95,285.76,2026-07-22
NWF26071502526,2026-07-15,2026-07-20,30303,19104,648,253.45,185.88,2026-07-20
NWF26071502527,2026-07-15,2026-07-16,46204,37203,1150,412.11,305.41,2026-07-17
NWF26071502528,2026-07-15,2026-07-20,84101,75201,706,446.43,347.31,2026-07-22
NWF26071502529,2026-07-15,2026-07-20,84101,75201,1861,1243.85,939.2,2026-07-21
NWF26071502530,2026-07-15,2026-07-20,30303,48226,302,125.0,96.04,2026-07-21
NWF26071502531,2026-07-15,2026-07-17,75201,80202,597,287.89,258.2,2026-07-18
NWF26071502532,2026-07-15,2026-07-21,97209,80202,398,186.91,150.41,2026-07-21
NWF26071502533,2026-07-15,2026-07-17,64105,30303,1083,549.74,509.89,2026-07-18
NWF26071502534,2026-07-15,2026-07-17,30303,48226,1277,444.72,402.32,2026-07-19
NWF26071502535,2026-07-15,2026-07-16,60607,46204,1501,451.15,389.91,2026-07-16
NWF26071502536,2026-07-15,2026-07-23,98108,46204,1157,1053.73,784.25,2026-07-24
NWF26071502537,2026-07-15,2026-07-17,60607,46204,2141,643.26,553.75,2026-07-17
NWF26071502538,2026-07-15,2026-07-20,30303,19104,2359,912.16,885.49,2026-07-21
NWF26071502539,2026-07-15,2026-07-17,84101,75201,886,590.98,633.21,2026-07-19
NWF26071502540,2026-07-15,2026-07-21,77002,98108,902,760.49,867.16,2026-07-23
NWF26071502541,2026-07-15,2026-07-17,30303,48226,2040,747.86,699.18,2026-07-18
NWF26071502542,2026-07-15,2026-07-17,46204,77002,795,506.75,407.37,2026-07-18
NWF26071502543,2026-07-15,2026-07-20,30303,19104,2176,859.87,797.32,2026-07-20
NWF26071502544,2026-07-15,2026-07-24,19104,90021,1156,1147.83,1081.07,2026-07-25
NWF26071502545,2026-07-15,2026-07-17,80202,64105,417,141.66,114.02,2026-07-17
NWF26071502546,2026-07-15,2026-07-17,46204,38103,2747,954.52,801.0,2026-07-17
NWF26071502547,2026-07-15,2026-07-23,98108,07105,1282,1507.43,1163.11,2026-07-30
NWF26071502548,2026-07-15,2026-07-23,19104,90021,1257,1355.68,1316.66,2026-07-23
NWF26071502549,2026-07-15,2026-07-21,80202,60607,5674,3239.41,2691.66,2026-07-21
NWF26071502550,2026-07-15,2026-07-17,60607,46204,5332,1624.39,1426.9,2026-07-19
NWF26071502551,2026-07-15,2026-07-20,55401,98108,3119,2081.71,1649.6,2026-07-20
NWF26071502552,2026-07-15,2026-07-16,46204,55401,752,279.0,247.68,2026-07-16
NWF26071502553,2026-07-15,2026-07-20,30303,48226,1159,485.93,475.37,2026-07-22
NWF26071502554,2026-07-15,2026-07-21,80202,60607,2231,1087.59,769.09,2026-07-21
NWF26071502555,2026-07-15,2026-07-17,64105,30303,2454,1342.57,1202.42,2026-07-17
NWF26071502556,2026-07-15,2026-07-16,60607,46204,2808,714.91,674.31,2026-07-16
NWF26071502557,2026-07-15,2026-07-17,90021,97209,3829,1928.07,1670.18,2026-07-18
NWF26071502558,2026-07-15,2026-07-17,37203,64105,262,125.0,132.45,2026-07-24
NWF26071502559,2026-07-15,2026-07-16,60607,46204,295,125.0,115.44,2026-07-16
NWF26071502560,2026-07-15,2026-07-17,64105,30303,617,330.96,280.35,2026-07-19
NWF26071502561,2026-07-15,2026-07-21,75201,84101,1014,622.28,591.83,2026-07-22
NWF26071502562,2026-07-15,2026-07-16,46204,38103,2789,992.67,961.53,2026-07-18
NWF26071502563,2026-07-15,2026-07-17,75201,60607,879,545.68,448.05,2026-07-17
NWF26071502564,2026-07-15,2026-07-21,55401,85004,1322,1119.87,913.78,2026-07-22
NWF26071502565,2026-07-15,2026-07-17,30303,48226,824,342.63,282.33,2026-07-17
NWF26071502566,2026-07-15,2026-07-20,97209,80202,2587,1294.73,1132.49,2026-07-22
NWF26071502567,2026-07-15,2026-07-20,07105,55401,1232,887.41,654.06,2026-07-22
NWF26071502568,2026-07-15,2026-07-23,19104,97209,926,1034.19,772.3,2026-07-24
NWF26071502569,2026-07-15,2026-07-17,60607,46204,590,181.39,159.19,2026-07-18
NWF26071502570,2026-07-15,2026-07-20,48226,84101,2169,1964.35,1548.34,2026-07-20
NWF26071602571,2026-07-16,2026-07-21,84101,64105,2644,1348.19,1160.53,2026-07-23
NWF26071602572,2026-07-16,2026-07-21,55401,84101,1412,876.49,831.65,2026-07-22
NWF26071602573,2026-07-16,2026-07-17,60607,46204,2355,703.07,644.73,2026-07-17
NWF26071602574,2026-07-16,2026-07-23,98108,19104,552,723.3,526.85,2026-07-25
NWF26071602575,2026-07-16,2026-07-17,37203,46204,340,125.0,99.38,2026-07-19
NWF26071602576,2026-07-16,2026-07-20,46204,19104,2197,1078.72,1032.74,2026-07-22
NWF26071602577,2026-07-16,2026-07-21,55401,07105,2090,1164.64,871.54,2026-07-27
NWF26071602578,2026-07-16,2026-07-17,30303,48226,1257,480.88,450.7,2026-07-17
NWF26071602579,2026-07-16,2026-07-20,80202,30303,554,362.42,319.54,2026-07-21
NWF26071602580,2026-07-16,2026-07-20,64105,46204,1470,508.92,460.45,2026-07-22
NWF26071602581,2026-07-16,2026-07-24,19104,97209,1084,1363.07,1182.94,2026-07-25
NWF26071602582,2026-07-16,2026-07-21,80202,64105,2327,905.69,792.11,2026-07-21
NWF26071602583,2026-07-16,2026-07-24,90021,19104,10059,11888.98,11178.76,2026-07-25
NWF26071602584,2026-07-16,2026-07-24,98108,46204,363,352.23,260.44,2026-07-24
NWF26071602585,2026-07-16,2026-07-20,80202,64105,1177,425.59,351.49,2026-07-21
NWF26071602586,2026-07-16,2026-07-20,55401,46204,524,170.93,143.27,2026-07-21
NWF26071502510,2026-07-15,2026-07-16,75201,60607,662,415.24,493.08,2026-07-19
NWF26071602587,2026-07-16,2026-07-20,37203,64105,1056,417.18,386.56,2026-07-21
NWF26071602588,2026-07-16,2026-07-21,84101,75201,1002,632.24,500.12,2026-07-26
NWF26071602589,2026-07-16,2026-07-22,30303,85004,3445,2486.19,1946.46,2026-07-22
NWF26071602590,2026-07-16,2026-07-20,55401,46204,294,125.0,89.1,2026-07-20
NWF26071602591,2026-07-16,2026-07-20,19104,37203,1442,539.79,498.36,2026-07-22
NWF26071602592,2026-07-16,2026-07-17,60607,46204,1470,421.15,397.71,2026-07-18
NWF26071602593,2026-07-16,2026-07-20,84101,75201,4097,2650.48,2215.11,2026-07-21
NWF26071602594,2026-07-16,2026-07-24,98108,19104,1524,1800.47,1567.54,2026-07-25
NWF26071602595,2026-07-16,2026-07-17,19104,37203,1297,547.51,498.51,2026-07-17
NWF26071602596,2026-07-16,2026-07-17,60607,46204,1390,368.15,399.14,2026-07-17
NWF26071602597,2026-07-16,2026-07-17,07105,19104,2084,461.38,435.6,2026-07-17
NWF26071602598,2026-07-16,2026-07-23,90021,46204,7426,6030.49,5100.37,2026-07-24
NWF26071502526,2026-07-15,2026-07-20,30303,19104,648,242.52,177.87,2026-07-21
NWF26071602599,2026-07-16,2026-07-21,46204,55401,1070,383.02,347.92,2026-07-22
NWF26071602600,2026-07-16,2026-07-17,55401,46204,1217,445.78,326.23,2026-07-18
NWF26071602601,2026-07-16,2026-07-20,84101,55401,2049,1181.25,1076.46,2026-07-21
NWF26071602602,2026-07-16,2026-07-22,55401,84101,1465,870.2,837.58,2026-07-28
NWF26071602603,2026-07-16,2026-07-21,30303,85004,2173,1700.42,1205.12,2026-07-22
NWF26071602604,2026-07-16,2026-07-20,75201,64105,2135,850.63,709.9,2026-07-20
NWF26071602605,2026-07-16,2026-07-20,60607,64105,1081,368.3,276.56,2026-07-21
NWF26071602606,2026-07-16,2026-07-22,80202,60607,2195,1151.18,854.04,2026-07-23
NWF26071602607,2026-07-16,2026-07-21,77002,85004,1623,916.1,855.71,2026-07-21
NWF26071602608,2026-07-16,2026-07-23,98108,19104,2079,2512.31,2075.39,2026-07-23
NWF26071602609,2026-07-16,2026-07-22,46204,77002,2770,1727.34,2078.23,2026-07-23
NWF26071602610,2026-07-16,2026-07-22,77002,85004,1923,1111.74,950.11,2026-07-29
NWF26071602611,2026-07-16,2026-07-23,19104,90021,577,590.7,495.6,2026-07-25
NWF26071602612,2026-07-16,2026-07-20,46204,19104,1672,843.68,767.5,2026-07-21
NWF26071602613,2026-07-16,2026-07-17,60607,46204,753,213.58,167.6,2026-07-19
NWF26071602614,2026-07-16,2026-07-17,60607,46204,815,229.06,186.71,2026-07-17
NWF26071602615,2026-07-16,2026-07-20,84101,75201,1188,786.79,700.83,2026-07-20
NWF26071602616,2026-07-16,2026-07-17,60607,46204,1090,328.77,280.48,2026-07-19
NWF26071602617,2026-07-16,2026-07-21,55401,84101,1473,899.62,821.78,2026-07-21
NWF26071602618,2026-07-16,2026-07-24,19104,97209,1160,1301.18,1187.87,2026-07-24
NWF26071602619,2026-07-16,2026-07-17,30303,19104,1628,717.32,620.52,2026-07-19
NWF26071602620,2026-07-16,2026-07-24,90021,19104,1748,1904.14,1494.86,2026-07-24
NWF26071602621,2026-07-16,2026-07-20,75201,64105,409,164.29,143.25,2026-07-20
NWF26071602622,2026-07-16,2026-07-24,98108,07105,1367,1597.87,1194.93,2026-07-24
NWF26071602623,2026-07-16,2026-07-24,19104,90021,1113,1231.36,971.7,2026-07-25
NWF26071602624,2026-07-16,2026-07-24,98108,19104,480,595.17,562.8,2026-07-30
NWF26071602625,2026-07-16,2026-07-21,77002,85004,873,535.04,455.03,2026-07-22
NWF26071602626,2026-07-16,2026-07-20,64105,46204,2808,1115.62,1073.39,2026-07-20
NWF26071602627,2026-07-16,2026-07-17,46204,55401,1529,574.47,522.78,2026-07-19
NWF26071602628,2026-07-16,2026-07-20,46204,19104,3600,1681.7,1202.35,2026-07-22
NWF26071602629,2026-07-16,2026-07-22,55401,07105,4296,2326.6,1962.41,2026-07-31
NWF26071602630,2026-07-16,2026-07-23,98108,46204,278,277.82,227.71,2026-07-23
NWF26071602631,2026-07-16,2026-07-17,46204,38103,6613,2492.89,2274.38,2026-07-17
NWF26071602632,2026-07-16,2026-07-23,90021,46204,3667,3341.47,2488.88,2026-07-25
NWF26071602633,2026-07-16,2026-07-17,46204,38103,572,219.08,198.94,2026-07-19
NWF26071602634,2026-07-16,2026-07-20,75201,60607,970,594.38,466.71,2026-07-20
NWF26071602635,2026-07-16,2026-07-17,46204,55401,1983,748.55,678.84,2026-07-18
NWF26071602636,2026-07-16,2026-07-22,55401,84101,411,229.18,179.14,2026-07-27
NWF26071602637,2026-07-16,2026-07-22,30303,85004,844,642.26,552.5,2026-07-24
NWF26071602638,2026-07-16,2026-07-21,75201,84101,1819,1139.32,904.92,2026-07-21
NWF26071602639,2026-07-16,2026-07-20,55401,46204,389,125.0,116.69,2026-07-20
NWF26071602640,2026-07-16,2026-07-20,55401,84101,959,565.69,506.71,2026-07-21
NWF26071602641,2026-07-16,2026-07-22,98108,46204,633,599.19,423.77,2026-07-24
NWF26071602642,2026-07-16,2026-07-23,46204,97209,1500,1326.71,1018.36,2026-07-23
NWF26071602643,2026-07-16,2026-07-17,48226,07105,2941,1198.35,848.76,2026-07-18
NWF26071602644,2026-07-16,2026-07-17,37203,46204,530,125.0,100.7,2026-07-19
NWF26071602645,2026-07-16,2026-07-21,30303,48226,1139,399.62,295.35,2026-07-21
NWF26071602646,2026-07-16,2026-07-23,77002,98108,283,260.73,202.13,2026-07-23
NWF26071602647,2026-07-16,2026-07-24,90021,19104,687,746.35,568.57,2026-07-26
NWF26071602648,2026-07-16,2026-07-21,84101,55401,1767,1046.13,813.16,2026-07-22
NWF26071702649,2026-07-17,2026-07-24,30303,85004,897,632.79,599.17,2026-07-24
NWF26071702650,2026-07-17,2026-07-22,84101,64105,1024,484.83,369.0,2026-07-24
NWF26071702651,2026-07-17,2026-07-27,90021,19104,919,980.44,846.26,2026-07-28
NWF26071702652,2026-07-17,2026-07-21,84101,75201,334,230.68,243.15,2026-07-22
NWF26071702653,2026-07-17,2026-07-21,80202,64105,633,260.24,242.78,2026-07-22
NWF26071702654,2026-07-17,2026-07-21,19104,37203,665,265.33,199.14,2026-07-23
NWF26071702655,2026-07-17,2026-07-22,80202,64105,1323,469.92,362.2,2026-07-24
NWF26071702656,2026-07-17,2026-07-21,84101,55401,263,140.95,102.32,2026-07-22
NWF26071702657,2026-07-17,2026-07-21,55401,46204,1078,341.16,251.61,2026-07-21
NWF26071702658,2026-07-17,2026-07-20,60607,46204,826,238.59,195.4,2026-07-22
NWF26071702659,2026-07-17,2026-07-21,55401,46204,1166,360.1,322.32,2026-07-21
NWF26071702660,2026-07-17,2026-07-24,19104,90021,1654,1862.14,1433.94,2026-07-25
NWF26071702661,2026-07-17,2026-07-23,75201,85004,1341,755.31,549.3,2026-07-25
NWF26071702662,2026-07-17,2026-07-20,55401,46204,1240,438.0,409.49,2026-07-22
NWF26071702663,2026-07-17,2026-07-21,75201,60607,594,355.1,268.25,2026-07-22
NWF26071702664,2026-07-17,2026-07-23,55401,98108,252,160.97,114.17,2026-07-23
NWF26071702665,2026-07-17,2026-07-21,37203,75201,1215,495.04,477.15,2026-07-23
NWF26071702666,2026-07-17,2026-07-27,19104,90021,2416,2621.29,1905.24,2026-07-28
NWF26071702667,2026-07-17,2026-07-24,48226,85004,553,458.85,416.08,2026-07-24
NWF26071702668,2026-07-17,2026-07-22,46204,77002,398,225.5,204.58,2026-07-22
NWF26071702669,2026-07-17,2026-07-24,77002,98108,544,491.16,424.55,2026-07-24
NWF26071702670,2026-07-17,2026-07-21,30303,48226,717,276.63,209.84,2026-07-21
NWF26071702671,2026-07-17,2026-07-27,19104,97209,950,1189.3,871.39,2026-07-29
NWF26071702672,2026-07-17,2026-07-20,60607,46204,279,125.0,99.16,2026-07-22
NWF26071702673,2026-07-17,2026-07-20,30303,48226,2385,903.46,833.04,2026-07-22
NWF26071702674,2026-07-17,2026-07-20,46204,38103,841,289.96,268.75,2026-07-21
NWF26071702675,2026-07-17,2026-07-21,84101,55401,1999,1245.53,1158.18,2026-07-23
NWF26071702676,2026-07-17,2026-07-20,60607,46204,843,252.0,201.53,2026-07-21
NWF26071702677,2026-07-17,2026-07-24,80202,19104,690,529.58,380.54,2026-07-24
NWF26071702678,2026-07-17,2026-07-24,90021,46204,532,424.64,406.17,2026-07-25
NWF26071702679,2026-07-17,2026-07-21,37203,64105,1022,391.67,305.81,2026-07-22
NWF26071702680,2026-07-17,2026-07-21,46204,38103,1010,359.99,310.51,2026-07-21
NWF26071702681,2026-07-17,2026-07-21,90021,97209,4808,2549.21,2318.31,2026-07-23
NWF26071702682,2026-07-17,2026-07-22,84101,55401,187,125.0,91.11,2026-07-24
NWF26071702683,2026-07-17,2026-07-21,55401,75201,1521,755.64,727.87,2026-07-22
NWF26071702684,2026-07-17,2026-07-20,55401,46204,1043,316.95,291.51,2026-07-20
NWF26071702685,2026-07-17,2026-07-20,46204,37203,1250,417.59,380.24,2026-07-21
NWF26071702686,2026-07-17,2026-07-21,80202,60607,6379,3318.42,2417.21,2026-07-23
NWF26071702687,2026-07-17,2026-07-22,46204,55401,1326,467.1,432.44,2026-07-22
NWF26071702688,2026-07-17,2026-07-20,37203,64105,1526,598.16,511.48,2026-07-20
NWF26071702689,2026-07-17,2026-07-21,30303,48226,948,336.52,247.11,2026-07-23
NWF26071702690,2026-07-17,2026-07-20,90021,97209,2808,1294.21,1138.75,2026-07-22
NWF26071702691,2026-07-17,2026-07-22,30303,84101,2730,2422.21,1834.66,2026-07-22
NWF26071702692,2026-07-17,2026-07-22,55401,75201,3180,1757.0,1540.13,2026-07-23
NWF26071702693,2026-07-17,2026-07-27,98108,46204,167,146.27,129.74,2026-07-29
NWF26071702694,2026-07-17,2026-07-22,80202,30303,2799,1633.63,1331.08,2026-07-23
NWF26071702695,2026-07-17,2026-07-23,84101,75201,1530,939.09,686.53,2026-07-23
NWF26071702696,2026-07-17,2026-07-21,75201,85004,3488,1795.25,1646.78,2026-07-22
NWF26071702697,2026-07-17,2026-07-23,84101,55401,811,511.59,388.98,2026-07-24
NWF26071702698,2026-07-17,2026-07-27,19104,97209,386,445.86,508.66,2026-07-27
NWF26071702699,2026-07-17,2026-07-22,84101,55401,1384,729.76,562.13,2026-07-23
NWF26071702700,2026-07-17,2026-07-21,80202,64105,591,225.75,199.6,2026-07-22
NWF26071702701,2026-07-17,2026-07-27,19104,97209,364,445.29,363.72,2026-07-28
NWF26071702702,2026-07-17,2026-07-21,19104,37203,297,125.0,97.72,2026-07-22
NWF26071702703,2026-07-17,2026-07-21,55401,46204,2300,780.37,740.33,2026-07-22
NWF26071702704,2026-07-17,2026-07-20,46204,55401,1000,394.5,350.3,2026-07-20
NWF26071702705,2026-07-17,2026-07-21,64105,30303,1491,755.79,630.74,2026-07-22
NWF26071702706,2026-07-17,2026-07-21,75201,37203,963,448.1,430.71,2026-07-22
NWF26071702707,2026-07-17,2026-07-23,80202,60607,474,263.89,206.82,2026-07-25
NWF26071702708,2026-07-17,2026-07-22,46204,19104,2960,1379.86,1293.97,2026-07-23
NWF26071702709,2026-07-17,2026-07-24,46204,97209,11004,8597.08,7551.69,2026-07-26
NWF26071702710,2026-07-17,2026-07-24,90021,30303,410,387.92,298.65,2026-07-25
NWF26071702711,2026-07-17,2026-07-23,46204,97209,652,608.47,463.03,2026-07-25
NWF26071702712,2026-07-17,2026-07-20,46204,38103,2013,747.68,576.39,2026-07-26
NWF26071702713,2026-07-17,2026-07-21,46204,55401,3185,1337.83,937.23,2026-07-22
NWF26071702714,2026-07-17,2026-07-22,84101,55401,1862,1097.64,928.35,2026-07-23
NWF26071702715,2026-07-17,2026-07-21,30303,48226,698,291.53,222.1,2026-07-21
NWF26071702716,2026-07-17,2026-07-21,60607,46204,2695,745.5,594.47,2026-07-21
NWF26071702717,2026-07-17,2026-07-24,90021,46204,2408,1957.9,1913.54,2026-07-25
NWF26071702718,2026-07-17,2026-07-27,30303,98108,808,796.72,639.56,2026-07-28
NWF26071702719,2026-07-17,2026-07-21,80202,64105,575,237.27,227.27,2026-07-21
NWF26071702720,2026-07-17,2026-07-23,90021,30303,869,938.12,882.88,2026-07-24
NWF26071702721,2026-07-17,2026-07-22,55401,84101,1075,580.56,450.6,2026-07-23
NWF26071702722,2026-07-17,2026-07-27,98108,19104,550,623.84,524.29,2026-07-29
NWF26071702723,2026-07-17,2026-07-22,30303,84101,610,482.51,412.88,2026-07-23
NWF26071702724,2026-07-17,2026-07-21,37203,64105,4043,1545.32,1343.93,2026-07-21
NWF26071702725,2026-07-17,2026-07-21,84101,97209,624,281.63,226.56,2026-07-21
NWF26071702726,2026-07-17,2026-07-27,98108,07105,2233,3101.13,2990.2,2026-07-29
NWF26071702727,2026-07-17,2026-07-22,55401,46204,2848,882.96,791.19,2026-07-24
NWF26071702728,2026-07-17,2026-07-22,46204,77002,1803,1029.02,757.09,2026-07-22
NWF26071802729,2026-07-18,2026-07-27,90021,19104,650,769.74,742.11,2026-07-29
NWF26071802730,2026-07-18,2026-07-27,98108,07105,7410,9431.28,8995.45,2026-07-28
NWF26071802731,2026-07-18,2026-07-22,55401,75201,1116,608.04,532.68,2026-07-22
NWF26071802732,2026-07-18,2026-07-27,19104,97209,754,909.44,763.35,2026-07-29
NWF26071802733,2026-07-18,2026-07-20,75201,80202,1245,583.58,432.35,2026-07-22
NWF26071802734,2026-07-18,2026-07-21,80202,30303,464,318.94,296.67,2026-07-21
NWF26071902735,2026-07-19,2026-07-27,19104,90021,918,925.91,796.47,2026-08-01
NWF26071902736,2026-07-19,2026-07-22,90021,97209,579,307.31,259.84,2026-07-22
NWF26071902737,2026-07-19,2026-07-21,30303,48226,2334,880.15,675.39,2026-07-22
NWF26071902738,2026-07-19,2026-07-23,55401,75201,493,238.38,194.52,2026-07-25
NWF26071902739,2026-07-19,2026-07-24,64105,98108,545,383.8,323.68,2026-07-26
NWF26072002740,2026-07-20,2026-07-22,60607,46204,4999,1344.46,1054.55,2026-07-22
NWF26072002741,2026-07-20,2026-07-28,19104,90021,970,1053.03,1002.77,2026-07-30
NWF26072002742,2026-07-20,2026-07-23,80202,64105,2120,830.45,660.84,2026-07-25
NWF26072002743,2026-07-20,2026-07-24,84101,64105,1500,733.77,710.19,2026-07-24
NWF26072002744,2026-07-20,2026-07-22,75201,60607,1609,883.07,658.83,2026-07-22
NWF26072002745,2026-07-20,2026-07-21,64105,30303,1967,967.59,737.52,2026-07-21
NWF26072002746,2026-07-20,2026-07-22,55401,46204,831,301.93,223.17,2026-07-24
NWF26072002747,2026-07-20,2026-07-22,60607,46204,927,265.14,270.91,2026-07-24
NWF26072002748,2026-07-20,2026-07-23,19104,37203,846,351.33,304.0,2026-07-25
NWF26072002749,2026-07-20,2026-07-22,64105,30303,8171,4697.6,3447.62,2026-07-24
NWF26072002750,2026-07-20,2026-07-21,30303,19104,2808,1138.57,1165.67,2026-07-26
NWF26072002751,2026-07-20,2026-07-23,84101,64105,872,434.76,331.81,2026-07-25
NWF26072002752,2026-07-20,2026-07-22,64105,46204,3159,1178.08,948.94,2026-07-23
NWF26072002753,2026-07-20,2026-07-21,75201,64105,3146,1162.74,1054.82,2026-07-22
NWF26072002754,2026-07-20,2026-07-22,80202,64105,2306,778.77,718.26,2026-07-22
NWF26072002755,2026-07-20,2026-07-23,84101,55401,551,325.7,270.44,2026-07-24
NWF26072002756,2026-07-20,2026-07-28,98108,07105,473,641.35,528.67,2026-07-30
NWF26072002757,2026-07-20,2026-07-22,46204,37203,2170,724.7,692.44,2026-07-23
NWF26072002758,2026-07-20,2026-07-22,46204,38103,1157,399.25,299.24,2026-07-22
NWF26072002759,2026-07-20,2026-07-27,98108,19104,2225,2479.42,2221.76,2026-08-05
NWF26072002760,2026-07-20,2026-07-28,48226,85004,1311,1241.33,877.29,2026-07-30
NWF26072002761,2026-07-20,2026-07-21,46204,38103,1077,383.06,320.3,2026-07-21
NWF26072002762,2026-07-20,2026-07-22,46204,19104,1445,684.05,558.15,2026-07-22
NWF26072002763,2026-07-20,2026-07-24,07105,55401,699,435.46,308.35,2026-07-25
NWF26072002764,2026-07-20,2026-07-22,90021,97209,341,169.94,152.12,2026-07-22
NWF26072002765,2026-07-20,2026-07-21,07105,19104,1129,275.72,258.74,2026-07-21
NWF26072002766,2026-07-20,2026-07-24,55401,07105,2973,1577.18,1320.81,2026-07-31
NWF26072002767,2026-07-20,2026-07-29,98108,07105,4424,5091.12,4116.65,2026-07-30
NWF26072002768,2026-07-20,2026-07-21,46204,37203,691,242.61,229.03,2026-07-22
NWF26072002769,2026-07-20,2026-07-23,46204,55401,190,125.0,120.76,2026-07-24
NWF26072002770,2026-07-20,2026-07-21,19104,37203,1042,409.87,347.61,2026-07-22
NWF26072002771,2026-07-20,2026-07-28,30303,98108,301,292.3,234.7,2026-07-29
NWF26072002772,2026-07-20,2026-07-21,60607,46204,1168,355.59,334.42,2026-07-22
NWF26072002773,2026-07-20,2026-07-21,90021,97209,1992,1067.22,968.09,2026-07-22
NWF26072002774,2026-07-20,2026-07-21,60607,46204,405,125.0,92.35,2026-07-22
NWF26072002775,2026-07-20,2026-07-22,46204,38103,2594,884.5,655.64,2026-07-23
NWF26072002776,2026-07-20,2026-07-23,64105,98108,3853,2381.11,2273.95,2026-07-24
NWF26072002777,2026-07-20,2026-07-24,46204,97209,1531,1199.93,848.09,2026-07-26
NWF26072002778,2026-07-20,2026-07-28,98108,19104,737,956.35,922.15,2026-07-28
NWF26072002779,2026-07-20,2026-07-23,55401,75201,2038,966.79,830.34,2026-07-23
NWF26072002780,2026-07-20,2026-07-22,75201,64105,1100,465.86,327.64,2026-07-24
NWF26072002781,2026-07-20,2026-07-21,07105,19104,1449,318.42,311.03,2026-07-21
NWF26072002782,2026-07-20,2026-07-23,77002,85004,2619,1465.01,1135.61,2026-07-25
NWF26072002783,2026-07-20,2026-07-21,64105,30303,6134,3146.12,3036.5,2026-07-23
NWF26072002784,2026-07-20,2026-07-27,48226,85004,3271,2965.89,2392.68,2026-07-29
NWF26072002785,2026-07-20,2026-07-22,19104,37203,1610,707.4,676.86,2026-07-22
NWF26072002786,2026-07-20,2026-07-27,46204,97209,387,350.73,254.7,2026-07-28
NWF26072002787,2026-07-20,2026-07-23,30303,19104,9453,3550.98,2593.35,2026-07-23
NWF26072002788,2026-07-20,2026-07-22,37203,64105,3240,1323.29,1188.81,2026-07-22
NWF26072002789,2026-07-20,2026-07-22,37203,75201,2989,1243.93,1126.86,2026-07-22
NWF26072002790,2026-07-20,2026-07-27,77002,98108,1002,826.59,785.44,2026-07-28
NWF26072002791,2026-07-20,2026-07-22,46204,55401,1719,671.39,510.81,2026-07-23
NWF26072002792,2026-07-20,2026-07-22,55401,46204,462,139.96,134.11,2026-07-23
NWF26072002793,2026-07-20,2026-07-27,77002,98108,1277,985.92,1204.93,2026-07-28
NWF26072002794,2026-07-20,2026-07-28,90021,19104,1523,1748.64,1460.9,2026-07-28
NWF26072002795,2026-07-20,2026-07-24,90021,46204,3882,3600.17,3505.76,2026-07-26
NWF26072002796,2026-07-20,2026-07-23,55401,75201,3148,1664.79,1497.62,2026-07-23
NWF26072002797,2026-07-20,2026-07-21,55401,48226,1353,604.25,427.73,2026-07-21
NWF26072002798,2026-07-20,2026-07-22,30303,48226,546,191.11,152.38,2026-08-01
NWF26072002799,2026-07-20,2026-07-24,90021,46204,1096,910.67,804.77,2026-07-24
NWF26072002800,2026-07-20,2026-07-27,77002,98108,891,688.36,656.36,2026-07-29
NWF26072002801,2026-07-20,2026-07-21,30303,19104,2403,956.18,783.2,2026-07-21
NWF26072002802,2026-07-20,2026-07-23,80202,64105,2668,931.29,786.31,2026-07-23
NWF26072002803,2026-07-20,2026-07-22,37203,64105,948,396.15,301.93,2026-07-24
NWF26072002804,2026-07-20,2026-07-21,37203,46204,826,206.24,198.85,2026-07-21
NWF26072002805,2026-07-20,2026-07-28,98108,46204,1324,1371.15,1165.27,2026-07-28
NWF26072002806,2026-07-20,2026-07-28,90021,19104,5143,5975.6,4557.31,2026-07-29
NWF26072002807,2026-07-20,2026-07-22,55401,84101,825,532.64,390.14,2026-07-23
NWF26072002808,2026-07-20,2026-07-21,07105,19104,212,125.0,102.99,2026-07-21
NWF26072002809,2026-07-20,2026-07-23,77002,85004,2112,1108.23,985.26,2026-07-31
NWF26072002810,2026-07-20,2026-07-22,84101,55401,1232,733.16,715.51,2026-07-24
NWF26072002811,2026-07-20,2026-07-29,90021,19104,1737,1868.98,1679.72,2026-07-30
NWF26072002812,2026-07-20,2026-07-22,90021,97209,1225,615.89,548.6,2026-07-22
NWF26072002813,2026-07-20,2026-07-24,07105,55401,1977,1480.76,1384.66,2026-07-26
NWF26072002814,2026-07-20,2026-07-22,75201,64105,647,246.27,220.28,2026-07-24
NWF26072002815,2026-07-20,2026-07-23,46204,19104,2344,1076.25,839.12,2026-07-23
NWF26072002816,2026-07-20,2026-07-22,90021,97209,478,239.26,173.01,2026-07-24
NWF26072002817,2026-07-20,2026-07-21,37203,46204,495,131.25,147.79,2026-07-22
NWF26072002818,2026-07-20,2026-07-28,90021,46204,1585,1320.91,1098.0,2026-07-30
NWF26072002819,2026-07-20,2026-07-22,19104,37203,770,308.85,277.92,2026-07-24
NWF26072002820,2026-07-20,2026-07-21,46204,55401,851,336.03,312.2,2026-07-22
NWF26072002821,2026-07-20,2026-07-28,90021,30303,1128,1188.89,1250.61,2026-07-30
NWF26072102822,2026-07-21,2026-07-22,48226,07105,510,184.0,156.55,2026-07-22
NWF26072102823,2026-07-21,2026-07-28,90021,30303,1395,1241.66,1151.06,2026-08-03
NWF26072102824,2026-07-21,2026-07-27,64105,98108,1791,1268.99,1296.28,2026-07-29
NWF26072102825,2026-07-21,2026-07-23,90021,97209,251,125.0,91.51,2026-07-31
NWF26072102826,2026-07-21,2026-07-28,90021,48226,2889,3648.43,2881.08,2026-07-29
NWF26072102827,2026-07-21,2026-07-22,60607,46204,2239,572.34,516.41,2026-07-24
NWF26072102828,2026-07-21,2026-07-22,60607,46204,480,125.0,87.62,2026-07-22
NWF26072102829,2026-07-21,2026-07-24,75201,85004,377,228.94,208.72,2026-07-26
NWF26072102830,2026-07-21,2026-07-24,84101,55401,605,329.24,271.35,2026-07-25
NWF26072102831,2026-07-21,2026-07-23,30303,48226,1594,612.27,567.58,2026-07-25
NWF26072102832,2026-07-21,2026-07-23,60607,46204,1460,449.02,410.0,2026-07-25
NWF26072102833,2026-07-21,2026-07-24,46204,77002,1905,1078.64,890.32,2026-07-24
NWF26072102834,2026-07-21,2026-07-27,64105,98108,595,386.19,378.32,2026-07-29
NWF26072102835,2026-07-21,2026-07-22,80202,64105,2372,887.45,740.22,2026-07-23
NWF26072102836,2026-07-21,2026-07-23,37203,64105,2500,989.55,917.25,2026-07-24
NWF26072102837,2026-07-21,2026-07-27,64105,98108,7454,4625.21,4181.37,2026-07-28
NWF26072102838,2026-07-21,2026-07-22,19104,37203,819,323.1,265.52,2026-07-22
NWF26072102839,2026-07-21,2026-07-22,60607,46204,2232,612.97,592.06,2026-07-22
NWF26072102840,2026-07-21,2026-07-24,46204,55401,5897,2476.32,2106.3,2026-07-25
NWF26072102841,2026-07-21,2026-07-23,60607,46204,832,234.95,173.38,2026-07-24
NWF26072102842,2026-07-21,2026-07-24,55401,75201,2945,1387.5,1297.05,2026-07-26
NWF26072102843,2026-07-21,2026-07-24,55401,46204,395,125.0,120.65,2026-07-26
NWF26072102844,2026-07-21,2026-07-23,60607,46204,11550,3004.84,2908.79,2026-07-24
NWF26072102845,2026-07-21,2026-07-27,55401,84101,1523,928.83,869.03,2026-08-01
NWF26072102846,2026-07-21,2026-07-27,90021,48226,3510,3637.95,3161.28,2026-07-29
NWF26072102847,2026-07-21,2026-07-22,60607,46204,1481,443.12,371.14,2026-07-24
NWF26072102848,2026-07-21,2026-07-24,97209,80202,870,473.22,351.12,2026-07-26
NWF26072102849,2026-07-21,2026-07-23,55401,46204,681,250.06,203.15,2026-07-23
NWF26072102850,2026-07-21,2026-07-23,75201,80202,1193,559.65,479.63,2026-07-23
NWF26072102851,2026-07-21,2026-07-27,55401,84101,1396,899.68,834.43,2026-07-29
NWF26072102852,2026-07-21,2026-07-22,37203,46204,265,125.0,100.22,2026-07-22
NWF26072102853,2026-07-21,2026-07-22,37203,46204,179,125.0,115.74,2026-07-23
NWF26072102854,2026-07-21,2026-07-27,48226,84101,3806,3419.16,3137.26,2026-07-29
NWF26072102855,2026-07-21,2026-07-23,30303,48226,1066,444.42,338.33,2026-07-28
NWF26072102856,2026-07-21,2026-07-22,30303,48226,1128,435.4,405.08,2026-07-22
NWF26072102857,2026-07-21,2026-07-24,84101,75201,3947,2713.0,2325.69,2026-07-26
NWF26072102858,2026-07-21,2026-07-28,64105,98108,1246,840.11,704.41,2026-07-29
NWF26072102859,2026-07-21,2026-07-22,55401,46204,2119,692.13,575.77,2026-07-30
NWF26072102860,2026-07-21,2026-07-27,30303,85004,4091,3130.02,2725.69,2026-07-28
NWF26072102861,2026-07-21,2026-07-27,30303,85004,4403,3257.29,2587.65,2026-07-27
NWF26072102862,2026-07-21,2026-07-23,90021,97209,2514,1127.94,1177.25,2026-07-24
NWF26072102863,2026-07-21,2026-07-23,55401,75201,1291,728.25,664.37,2026-07-23
NWF26072102864,2026-07-21,2026-07-22,37203,46204,595,147.74,109.29,2026-07-29
NWF26072102865,2026-07-21,2026-07-22,60607,46204,1528,421.74,334.79,2026-07-23
NWF26072102866,2026-07-21,2026-07-22,30303,19104,264,125.0,130.78,2026-07-22
NWF26072102867,2026-07-21,2026-07-29,19104,90021,217,208.41,172.96,2026-08-05
NWF26072102868,2026-07-21,2026-07-24,84101,55401,3754,2090.5,1509.4,2026-07-24
NWF26072102869,2026-07-21,2026-07-22,07105,19104,2326,529.1,499.1,2026-07-23
NWF26072102870,2026-07-21,2026-07-28,98108,46204,597,590.9,563.55,2026-07-28
NWF26072102871,2026-07-21,2026-07-27,80202,19104,1492,1137.39,972.61,2026-07-28
NWF26072102872,2026-07-21,2026-07-29,98108,07105,292,365.78,260.24,2026-07-31
NWF26072102873,2026-07-21,2026-07-24,97209,80202,482,270.73,212.59,2026-07-26
NWF26072102874,2026-07-21,2026-07-23,64105,30303,1311,725.29,535.26,2026-07-24
NWF26072102875,2026-07-21,2026-07-24,55401,75201,881,421.54,394.63,2026-07-25
NWF26072102876,2026-07-21,2026-07-23,30303,48226,958,394.23,294.37,2026-07-23
NWF26072102877,2026-07-21,2026-07-27,84101,55401,585,311.47,303.12,2026-08-05
NWF26072102878,2026-07-21,2026-07-23,80202,64105,1671,635.86,460.03,2026-07-23
NWF26072102879,2026-07-21,2026-07-24,55401,84101,539,308.78,222.52,2026-08-01
NWF26072102880,2026-07-21,2026-07-29,98108,07105,3979,5378.69,4578.12,2026-07-31
NWF26072102881,2026-07-21,2026-07-22,37203,46204,1211,319.61,308.53,2026-07-23
NWF26072102882,2026-07-21,2026-07-24,55401,84101,3653,2187.93,2117.99,2026-07-24
NWF26072102883,2026-07-21,2026-07-29,19104,97209,1742,1946.52,1807.26,2026-07-29
NWF26072102884,2026-07-21,2026-07-29,46204,97209,774,695.97,508.04,2026-07-30
NWF26072102885,2026-07-21,2026-07-23,90021,97209,1204,604.97,434.31,2026-07-25
NWF26072102886,2026-07-21,2026-07-23,80202,64105,940,380.57,321.95,2026-07-23
NWF26072102887,2026-07-21,2026-07-22,46204,38103,1716,687.9,652.3,2026-07-24
NWF26072102888,2026-07-21,2026-07-23,46204,77002,1365,845.15,667.5,2026-07-23
NWF26072102889,2026-07-21,2026-07-27,48226,84101,6370,5701.37,5239.74,2026-07-28
NWF26072102890,2026-07-21,2026-07-23,64105,30303,830,429.75,383.29,2026-07-25
NWF26072102891,2026-07-21,2026-07-22,55401,46204,527,164.77,142.73,2026-07-22
NWF26072102892,2026-07-21,2026-07-24,55401,84101,1095,640.16,534.87,2026-08-03
NWF26072102893,2026-07-21,2026-07-22,60607,46204,2281,632.18,494.22,2026-07-24
NWF26072102894,2026-07-21,2026-07-27,48226,80202,1009,665.3,498.79,2026-07-29
NWF26072102895,2026-07-21,2026-07-28,98108,46204,698,682.5,647.27,2026-07-30
NWF26072102896,2026-07-21,2026-07-29,98108,07105,310,393.97,325.7,2026-07-31
NWF26072102897,2026-07-21,2026-07-27,55401,84101,634,391.95,296.94,2026-07-29
NWF26072102898,2026-07-21,2026-07-27,90021,46204,2029,1854.98,1423.19,2026-07-27
NWF26072102899,2026-07-21,2026-07-23,30303,19104,2107,803.93,758.89,2026-07-23
NWF26072102900,2026-07-21,2026-07-27,77002,98108,370,289.92,203.18,2026-07-27
NWF26072102901,2026-07-21,2026-07-27,90021,46204,1525,1396.24,1321.98,2026-07-27
NWF26072102902,2026-07-21,2026-07-24,84101,55401,1783,1097.83,841.51,2026-07-26
NWF26072102903,2026-07-21,2026-07-24,55401,98108,1347,930.6,654.71,2026-07-26
NWF26072102904,2026-07-21,2026-07-29,19104,90021,1349,1269.61,896.95,2026-07-31
NWF26072202905,2026-07-22,2026-07-24,75201,64105,3977,1588.94,1231.93,2026-07-26
NWF26072202906,2026-07-22,2026-07-27,84101,75201,2770,1685.64,1396.48,2026-07-27
NWF26071702721,2026-07-17,2026-07-22,55401,84101,1075,580.56,450.6,2026-07-23
NWF26072202907,2026-07-22,2026-07-30,90021,19104,1587,1668.58,1468.23,2026-07-31
NWF26072202908,2026-07-22,2026-07-24,60607,46204,620,168.23,156.51,2026-07-25
NWF26072202909,2026-07-22,2026-07-27,55401,85004,728,587.8,430.6,2026-07-29
NWF26072202910,2026-07-22,2026-07-27,55401,48226,594,279.8,227.26,2026-07-28
NWF26072202911,2026-07-22,2026-07-24,19104,37203,1261,457.08,366.47,2026-07-24
NWF26072202912,2026-07-22,2026-07-28,64105,98108,3531,2317.82,2266.76,2026-07-28
NWF26072202913,2026-07-22,2026-07-28,84101,75201,876,520.38,407.56,2026-07-28
NWF26072202914,2026-07-22,2026-07-29,55401,85004,833,622.3,554.09,2026-07-30
NWF26072202915,2026-07-22,2026-07-27,55401,84101,1901,1164.46,937.26,2026-07-27
NWF26072202916,2026-07-22,2026-07-24,60607,46204,849,239.9,205.91,2026-07-24
NWF26072202917,2026-07-22,2026-07-27,64105,30303,1925,957.05,677.52,2026-07-29
NWF26072202918,2026-07-22,2026-07-23,60607,46204,1933,512.42,479.64,2026-07-23
NWF26072202919,2026-07-22,2026-07-27,84101,55401,1826,1144.08,923.65,2026-07-27
NWF26072202920,2026-07-22,2026-07-23,30303,19104,832,377.51,279.6,2026-07-24
NWF26072202921,2026-07-22,2026-07-27,75201,85004,1436,740.78,558.49,2026-07-28
NWF26072202922,2026-07-22,2026-07-23,37203,46204,5522,1368.5,1217.42,2026-07-25
NWF26072202923,2026-07-22,2026-07-28,30303,85004,3785,2791.62,2304.94,2026-07-28
NWF26072202924,2026-07-22,2026-07-24,19104,37203,523,193.14,164.74,2026-07-25
NWF26072202925,2026-07-22,2026-07-29,90021,46204,2904,2558.84,1864.28,2026-07-30
NWF26072202926,2026-07-22,2026-07-24,46204,19104,191,125.0,117.78,2026-07-24
NWF26072202927,2026-07-22,2026-07-24,75201,80202,888,459.62,447.99,2026-07-25
NWF26072202928,2026-07-22,2026-07-29,98108,46204,5466,4811.97,4172.32,2026-07-30
NWF26072202929,2026-07-22,2026-07-23,19104,37203,1415,605.15,459.4,2026-07-25
NWF26072202930,2026-07-22,2026-07-23,60607,46204,1697,521.33,620.86,2026-07-24
NWF26072202931,2026-07-22,2026-07-24,46204,19104,3936,1968.36,1761.23,2026-07-26
NWF26072202932,2026-07-22,2026-07-24,46204,55401,717,299.36,237.16,2026-07-25
NWF26072202933,2026-07-22,2026-07-28,80202,19104,2568,2013.72,1748.69,2026-07-30
NWF26072202934,2026-07-22,2026-07-23,90021,97209,1410,682.77,662.94,2026-07-25
NWF26072202935,2026-07-22,2026-07-28,64105,98108,2393,1755.94,1720.43,2026-07-28
NWF26072202936,2026-07-22,2026-07-27,80202,30303,319,212.61,168.04,2026-07-29
NWF26072202937,2026-07-22,2026-07-27,84101,55401,718,407.31,305.59,2026-07-29
NWF26072202938,2026-07-22,2026-07-24,46204,55401,2276,893.72,683.98,2026-07-25
NWF26072202939,2026-07-22,2026-07-27,80202,60607,240,125.0,95.68,2026-07-27
NWF26072202940,2026-07-22,2026-07-23,60607,46204,1308,378.61,300.82,2026-07-25
NWF26072202941,2026-07-22,2026-07-23,60607,46204,2061,622.05,536.33,2026-07-25
NWF26072202942,2026-07-22,2026-07-24,30303,19104,7588,3141.71,2758.72,2026-07-26
NWF26072202943,2026-07-22,2026-07-27,48226,84101,3824,3505.48,2519.15,2026-07-28
NWF26072202944,2026-07-22,2026-07-24,46204,55401,1265,511.55,375.42,2026-07-24
NWF26072202945,2026-07-22,2026-07-23,37203,46204,844,196.2,146.72,2026-07-23
NWF26072202946,2026-07-22,2026-07-28,80202,19104,1653,1308.57,1213.06,2026-07-28
NWF26072202947,2026-07-22,2026-07-27,84101,55401,1227,638.56,606.4,2026-07-28
NWF26072202948,2026-07-22,2026-07-24,84101,97209,2822,1426.42,1265.35,2026-07-24
NWF26072202949,2026-07-22,2026-07-28,98108,46204,1792,1662.46,1580.08,2026-07-29
NWF26072202950,2026-07-22,2026-07-30,19104,97209,4328,4741.45,4132.42,2026-07-31
NWF26072202951,2026-07-22,2026-07-28,55401,85004,560,454.1,431.95,2026-07-29
NWF26072202952,2026-07-22,2026-07-24,75201,60607,1977,1239.22,1001.23,2026-07-24
NWF26072202953,2026-07-22,2026-07-30,19104,97209,970,1061.15,965.45,2026-07-30
NWF26072202954,2026-07-22,2026-07-24,60607,46204,592,173.01,142.07,2026-07-26
NWF26072202955,2026-07-22,2026-07-27,75201,85004,696,367.4,296.65,2026-07-27
NWF26072202956,2026-07-22,2026-07-23,60607,46204,1768,506.54,356.88,2026-07-24
NWF26072202957,2026-07-22,2026-07-29,98108,19104,6227,7252.98,5845.86,2026-07-31
NWF26072202958,2026-07-22,2026-07-24,46204,55401,1199,448.21,378.68,2026-07-25
NWF26072202959,2026-07-22,2026-07-24,64105,30303,2371,1346.01,1492.28,2026-07-25
NWF26072202960,2026-07-22,2026-07-24,46204,55401,637,242.28,211.67,2026-07-25
NWF26072202961,2026-07-22,2026-07-23,80202,64105,865,346.15,298.29,2026-07-30
NWF26072202962,2026-07-22,2026-07-31,90021,19104,1522,1636.64,1270.29,2026-08-02
NWF26072202963,2026-07-22,2026-07-29,46204,97209,767,713.7,674.18,2026-07-29
NWF26072202964,2026-07-22,2026-07-30,19104,90021,1221,1253.22,1158.87,2026-07-30
NWF26072202965,2026-07-22,2026-07-24,90021,97209,2603,1187.54,1000.41,2026-07-25
NWF26072202966,2026-07-22,2026-07-24,84101,55401,1804,1014.31,983.48,2026-07-26
NWF26072202967,2026-07-22,2026-07-24,60607,46204,2326,698.3,614.43,2026-07-26
NWF26072202968,2026-07-22,2026-07-24,30303,19104,4909,2215.76,1601.16,2026-07-26
NWF26072202969,2026-07-22,2026-07-27,30303,85004,588,419.78,455.33,2026-07-29
NWF26072202970,2026-07-22,2026-07-24,55401,46204,875,279.68,265.23,2026-07-25
NWF26072202971,2026-07-22,2026-07-28,80202,19104,3881,3169.84,3091.7,2026-07-28
NWF26072202972,2026-07-22,2026-07-31,90021,19104,954,1127.67,971.44,2026-08-01
NWF26072202973,2026-07-22,2026-07-31,19104,90021,246,275.07,261.96,2026-07-31
NWF26072202974,2026-07-22,2026-07-24,37203,64105,2752,1169.14,1080.79,2026-07-24
NWF26072202975,2026-07-22,2026-07-31,98108,07105,827,1093.59,915.71,2026-08-01
NWF26072202976,2026-07-22,2026-07-23,55401,46204,4088,1443.87,1111.52,2026-07-23
NWF26072202977,2026-07-22,2026-07-24,90021,97209,1048,469.39,379.22,2026-07-24
NWF26072202978,2026-07-22,2026-07-24,80202,64105,1149,439.82,318.23,2026-07-24
NWF26072202979,2026-07-22,2026-07-27,90021,97209,2077,995.08,949.15,2026-07-28
NWF26072202980,2026-07-22,2026-07-29,90021,46204,1012,954.95,772.02,2026-07-29
NWF26072202981,2026-07-22,2026-07-24,84101,55401,799,440.4,385.82,2026-07-26
NWF26072202982,2026-07-22,2026-07-24,30303,48226,2160,762.31,548.98,2026-07-24
NWF26072202983,2026-07-22,2026-07-29,90021,46204,1834,1673.65,2043.02,2026-07-30
NWF26072202984,2026-07-22,2026-07-30,19104,90021,3558,3967.31,2969.36,2026-07-31
NWF26072202985,2026-07-22,2026-07-27,30303,85004,1016,766.31,645.72,2026-07-29
NWF26072202986,2026-07-22,2026-07-27,75201,84101,1364,944.96,888.67,2026-07-29
NWF26072202987,2026-07-22,2026-07-28,97209,80202,774,389.07,336.34,2026-07-30
NWF26072202988,2026-07-22,2026-07-28,55401,75201,201,125.0,113.86,2026-08-06
NWF26072202989,2026-07-22,2026-07-27,48226,07105,1352,544.73,384.75,2026-07-28
NWF26072302990,2026-07-23,2026-07-28,55401,75201,890,446.38,371.36,2026-07-28
NWF26072302991,2026-07-23,2026-07-27,60607,46204,2808,752.37,533.71,2026-07-28
NWF26072302992,2026-07-23,2026-07-29,84101,55401,2228,1290.73,1249.95,2026-07-30
NWF26072302993,2026-07-23,2026-07-29,30303,85004,2489,1774.34,1730.83,2026-07-29
NWF26072302994,2026-07-23,2026-07-29,30303,85004,1985,1508.4,1400.06,2026-07-30
NWF26072302995,2026-07-23,2026-07-27,46204,19104,2512,1186.61,1027.18,2026-07-27
NWF26072302996,2026-07-23,2026-07-28,80202,60607,1418,729.95,700.87,2026-07-29
NWF26072302997,2026-07-23,2026-07-27,84101,55401,1304,690.44,607.59,2026-07-28
NWF26072302998,2026-07-23,2026-07-29,84101,75201,800,528.77,429.35,2026-07-31
NWF26072302999,2026-07-23,2026-07-31,90021,19104,1144,1237.97,1205.57,2026-08-02
NWF26072303000,2026-07-23,2026-08-03,19104,97209,3430,3544.86,2660.54,2026-08-04
NWF26072303001,2026-07-23,2026-07-29,80202,30303,2854,1937.91,1725.74,2026-07-29
NWF26072303002,2026-07-23,2026-07-27,19104,37203,1501,578.11,454.45,2026-07-29
NWF26072303003,2026-07-23,2026-07-24,60607,46204,500,146.95,116.84,2026-07-25
NWF26072303004,2026-07-23,2026-07-28,77002,85004,973,590.69,536.91,2026-07-30
NWF26072303005,2026-07-23,2026-07-29,75201,84101,779,452.39,432.68,2026-07-30
NWF26072303006,2026-07-23,2026-07-31,19104,90021,3810,3787.91,2867.68,2026-07-31
NWF26072303007,2026-07-23,2026-07-28,55401,46204,850,286.15,215.98,2026-07-29
NWF26072303008,2026-07-23,2026-07-27,55401,46204,673,231.44,196.17,2026-07-29
NWF26072303009,2026-07-23,2026-07-24,75201,37203,1551,832.44,770.75,2026-07-26
NWF26072303010,2026-07-23,2026-08-03,19104,90021,417,460.95,448.24,2026-08-12
NWF26072303011,2026-07-23,2026-07-24,90021,97209,537,287.58,209.13,2026-07-29
NWF26072303012,2026-07-23,2026-07-28,80202,60607,816,404.03,362.42,2026-07-29
NWF26072303013,2026-07-23,2026-07-27,19104,37203,348,135.75,112.64,2026-07-29
NWF26072303014,2026-07-23,2026-07-29,84101,55401,864,467.45,339.08,2026-07-29
NWF26072303015,2026-07-23,2026-07-27,46204,55401,1095,388.36,278.68,2026-07-27
NWF26072303016,2026-07-23,2026-07-30,98108,46204,843,811.37,720.56,2026-08-01
NWF26072303017,2026-07-23,2026-07-28,75201,80202,2345,1202.47,1065.17,2026-07-29
NWF26072303018,2026-07-23,2026-07-28,84101,55401,2035,1243.4,983.72,2026-07-30
NWF26072303019,2026-07-23,2026-07-27,84101,55401,484,258.97,249.35,2026-07-28
NWF26072303020,2026-07-23,2026-07-31,98108,07105,580,675.08,589.39,2026-07-31
NWF26072303021,2026-07-23,2026-07-24,48226,07105,893,347.6,252.4,2026-07-26
NWF26072303022,2026-07-23,2026-07-30,98108,19104,1815,2310.72,1879.21,2026-07-30
NWF26072303023,2026-07-23,2026-07-30,30303,98108,810,767.29,705.14,2026-07-31
NWF26072303024,2026-07-23,2026-07-27,37203,75201,670,288.12,312.99,2026-07-27
NWF26072303025,2026-07-23,2026-07-28,84101,75201,12000,8498.91,6786.17,2026-07-30
NWF26072303026,2026-07-23,2026-07-24,60607,46204,2030,608.52,521.19,2026-07-25
NWF26072303027,2026-07-23,2026-07-30,98108,46204,5020,4459.07,3557.9,2026-08-01
NWF26072303028,2026-07-23,2026-07-30,98108,46204,687,596.99,510.23,2026-07-31
NWF26072303029,2026-07-23,2026-07-27,80202,64105,2876,1177.19,955.59,2026-07-27
NWF26072303030,2026-07-23,2026-07-27,75201,64105,1664,659.22,588.41,2026-07-28
NWF26072303031,2026-07-23,2026-07-30,98108,07105,3188,3753.12,3168.2,2026-08-01
NWF26072303032,2026-07-23,2026-07-24,46204,38103,3114,1225.15,1170.23,2026-07-24
NWF26072303033,2026-07-23,2026-07-24,64105,30303,1762,953.0,903.27,2026-07-24
NWF26072303034,2026-07-23,2026-07-31,90021,19104,4368,4346.08,3382.31,2026-08-02
NWF26072303035,2026-07-23,2026-07-28,84101,55401,1559,900.21,682.41,2026-08-03
NWF26072303036,2026-07-23,2026-07-24,60607,46204,3780,1006.05,751.69,2026-07-25
NWF26072303037,2026-07-23,2026-07-27,46204,19104,1947,911.95,994.4,2026-07-28
NWF26072303038,2026-07-23,2026-07-31,98108,19104,801,893.84,809.75,2026-08-02
NWF26072303039,2026-07-23,2026-07-30,98108,07105,457,568.11,398.92,2026-08-01
NWF26072303040,2026-07-23,2026-07-30,48226,85004,2794,2395.22,2212.97,2026-08-01
NWF26072303041,2026-07-23,2026-07-31,90021,19104,815,928.4,822.37,2026-08-02
NWF26072303042,2026-07-23,2026-07-29,80202,30303,2091,1254.96,964.73,2026-07-31
NWF26072303043,2026-07-23,2026-07-28,55401,46204,969,337.1,314.48,2026-07-30
NWF26072303044,2026-07-23,2026-07-28,55401,85004,302,221.94,215.86,2026-07-29
NWF26072303045,2026-07-23,2026-07-28,75201,60607,1344,748.53,657.3,2026-07-29
NWF26072303046,2026-07-23,2026-07-30,90021,19104,3330,3747.25,2789.52,2026-07-31
NWF26072303047,2026-07-23,2026-07-27,84101,97209,2085,1024.77,913.58,2026-07-28
NWF26072303048,2026-07-23,2026-07-28,55401,75201,3776,2012.5,1647.9,2026-07-30
NWF26072303049,2026-07-23,2026-07-30,48226,85004,2140,1813.78,1595.35,2026-08-01
NWF26072303050,2026-07-23,2026-07-29,48226,85004,1502,1424.28,1000.16,2026-07-29
NWF26072303051,2026-07-23,2026-07-30,90021,46204,1410,1316.58,1067.59,2026-07-30
NWF26072303052,2026-07-23,2026-07-27,90021,97209,891,450.59,337.18,2026-07-29
NWF26072303053,2026-07-23,2026-07-31,77002,98108,1750,1414.11,1252.32,2026-08-01
NWF26072303054,2026-07-23,2026-07-28,64105,98108,1699,1107.7,1130.63,2026-07-28
NWF26072303055,2026-07-23,2026-07-27,84101,97209,2311,1084.66,760.78,2026-07-27
NWF26072303056,2026-07-23,2026-07-24,46204,38103,249,125.0,101.51,2026-07-25
NWF26072303057,2026-07-23,2026-08-03,19104,90021,837,934.39,664.77,2026-08-04
NWF26072303058,2026-07-23,2026-07-27,19104,37203,2952,1229.69,1331.99,2026-07-28
NWF26072303059,2026-07-23,2026-07-24,19104,37203,2791,1134.2,827.95,2026-07-25
NWF26072403060,2026-07-24,2026-07-31,48226,85004,539,492.54,368.32,2026-08-01
NWF26072403061,2026-07-24,2026-07-30,84101,55401,5496,3266.96,2796.46,2026-07-31
NWF26072403062,2026-07-24,2026-08-03,98108,07105,1050,1444.08,1167.04,2026-08-05
NWF26072403063,2026-07-24,2026-07-30,90021,46204,1314,1101.26,892.81,2026-07-30
NWF26072403064,2026-07-24,2026-07-29,75201,60607,3383,2018.92,1469.8,2026-08-07
NWF26072403065,2026-07-24,2026-07-27,30303,48226,350,139.16,109.06,2026-07-27
NWF26072403066,2026-07-24,2026-08-03,98108,07105,2118,2569.34,2188.1,2026-08-05
NWF26072403067,2026-07-24,2026-07-29,55401,84101,830,469.2,386.9,2026-07-31
NWF26072403068,2026-07-24,2026-08-03,90021,19104,1345,1425.47,1242.4,2026-08-05
NWF26072403069,2026-07-24,2026-07-29,75201,60607,275,163.06,144.15,2026-07-31
NWF26072403070,2026-07-24,2026-07-28,46204,55401,2276,949.84,679.19,2026-07-29
NWF26072403071,2026-07-24,2026-07-31,46204,97209,1005,858.94,631.32,2026-07-31
NWF26072403072,2026-07-24,2026-07-28,75201,37203,1030,509.43,389.23,2026-07-28
NWF26072403073,2026-07-24,2026-07-29,84101,75201,5052,3411.89,2850.47,2026-07-30
NWF26072403074,2026-07-24,2026-07-29,37203,75201,1036,387.35,300.47,2026-07-30
NWF26072403075,2026-07-24,2026-07-29,80202,60607,2036,1032.46,784.58,2026-07-29
NWF26072403076,2026-07-24,2026-07-30,46204,97209,6288,5250.42,3701.24,2026-07-31
NWF26072403077,2026-07-24,2026-07-30,75201,84101,3125,1925.71,1618.45,2026-07-30
NWF26072403078,2026-07-24,2026-08-03,30303,98108,4484,4919.26,4308.58,2026-08-04
NWF26072403079,2026-07-24,2026-07-29,75201,85004,315,185.8,163.25,2026-07-29
NWF26072403080,2026-07-24,2026-07-29,55401,75201,239,136.79,112.78,2026-07-31
NWF26072403081,2026-07-24,2026-07-29,46204,77002,2207,1410.82,1311.7,2026-07-29
NWF26072403082,2026-07-24,2026-07-30,64105,98108,2777,2092.59,1768.44,2026-07-31
NWF26072403083,2026-07-24,2026-07-28,75201,64105,1201,440.13,383.08,2026-07-28
NWF26072403084,2026-07-24,2026-07-29,55401,75201,1649,917.94,837.38,2026-07-30
NWF26072403085,2026-07-24,2026-07-29,55401,75201,2417,1140.88,972.07,2026-07-31
NWF26072403086,2026-07-24,2026-07-31,19104,90021,2109,2271.93,1660.23,2026-07-31
NWF26072403087,2026-07-24,2026-07-30,84101,75201,1176,726.29,711.4,2026-07-30
NWF26072403088,2026-07-24,2026-08-03,90021,46204,2027,1783.47,1451.94,2026-08-03
NWF26072403089,2026-07-24,2026-08-03,98108,19104,1504,1675.55,1273.11,2026-08-03
NWF26072403090,2026-07-24,2026-07-28,60607,46204,680,194.62,185.87,2026-07-30
NWF26072403091,2026-07-24,2026-07-31,19104,90021,1846,2044.96,1959.9,2026-08-01
NWF26072403092,2026-07-24,2026-07-27,46204,38103,2441,835.66,749.59,2026-07-29
NWF26072403093,2026-07-24,2026-07-28,30303,19104,1129,499.83,458.23,2026-07-30
NWF26072403094,2026-07-24,2026-08-03,98108,46204,1198,1070.86,1004.41,2026-08-03
NWF26072403095,2026-07-24,2026-07-31,90021,19104,1269,1334.12,1224.66,2026-08-02
NWF26072403096,2026-07-24,2026-07-28,30303,48226,5131,2145.88,1980.85,2026-07-30
NWF26072403097,2026-07-24,2026-07-31,19104,97209,1047,1171.92,1123.31,2026-08-02
NWF26072403098,2026-07-24,2026-07-31,98108,46204,676,661.74,519.94,2026-08-01
NWF26072403099,2026-07-24,2026-07-28,37203,75201,1786,765.53,685.93,2026-07-29
NWF26072403100,2026-07-24,2026-07-29,07105,55401,416,303.62,270.99,2026-07-29
NWF26072403101,2026-07-24,2026-07-28,64105,30303,2852,1638.21,1461.94,2026-07-30
NWF26072403102,2026-07-24,2026-07-30,77002,85004,1742,991.91,817.81,2026-08-01
NWF26072403103,2026-07-24,2026-08-03,19104,90021,767,727.28,586.88,2026-08-03
NWF26072403104,2026-07-24,2026-07-30,30303,85004,1454,1017.95,990.4,2026-07-30
NWF26072403105,2026-07-24,2026-07-30,55401,75201,2671,1254.65,878.82,2026-07-31
NWF26072403106,2026-07-24,2026-07-30,55401,75201,1282,602.08,492.56,2026-07-30
NWF26072403107,2026-07-24,2026-07-30,55401,07105,713,369.23,408.09,2026-08-01
NWF26072403108,2026-07-24,2026-07-27,75201,60607,1762,952.86,706.3,2026-07-29
NWF26072403109,2026-07-24,2026-07-28,30303,48226,578,221.53,205.56,2026-07-30
NWF26072403110,2026-07-24,2026-07-30,30303,84101,5507,4928.17,3803.94,2026-07-30
NWF26072403111,2026-07-24,2026-07-27,60607,46204,3614,958.78,854.17,2026-07-29
NWF26072403112,2026-07-24,2026-07-28,30303,19104,1899,790.32,556.65,2026-08-07
NWF26072403113,2026-07-24,2026-07-28,75201,80202,2811,1479.58,1086.82,2026-08-03
NWF26072403114,2026-07-24,2026-07-27,60607,46204,624,190.87,158.32,2026-07-27
NWF26072403115,2026-07-24,2026-07-28,64105,46204,5864,2147.21,1606.38,2026-07-28
NWF26072403116,2026-07-24,2026-07-29,84101,64105,5588,2586.78,2323.43,2026-07-31
NWF26072403117,2026-07-24,2026-07-28,80202,64105,277,125.0,95.58,2026-07-28
NWF26072403118,2026-07-24,2026-07-29,84101,75201,1679,1071.49,884.64,2026-07-29
NWF26072403119,2026-07-24,2026-07-29,75201,84101,1039,668.15,612.03,2026-07-29
NWF26072403120,2026-07-24,2026-07-30,46204,97209,2223,2069.69,1892.21,2026-07-30
NWF26072403121,2026-07-24,2026-07-27,46204,55401,1634,693.74,598.84,2026-07-27
NWF26072403122,2026-07-24,2026-07-28,19104,37203,560,228.9,166.63,2026-07-29
NWF26072403123,2026-07-24,2026-07-27,37203,46204,734,182.63,174.25,2026-07-27
NWF26072403124,2026-07-24,2026-08-03,98108,19104,1014,1165.75,1023.16,2026-08-03
NWF26072403125,2026-07-24,2026-07-30,97209,80202,1131,618.12,511.18,2026-07-31
NWF26072403126,2026-07-24,2026-07-30,46204,97209,1274,1072.17,817.9,2026-08-01
NWF26072403127,2026-07-24,2026-07-29,55401,75201,4524,2516.65,2211.97,2026-07-29
NWF26072403128,2026-07-24,2026-07-28,64105,30303,487,251.79,234.67,2026-07-29
NWF26072403129,2026-07-24,2026-08-04,90021,19104,2476,2927.79,2530.38,2026-08-06
NWF26072403130,2026-07-24,2026-07-31,98108,46204,3915,4111.01,3323.19,2026-07-31
NWF26072403131,2026-07-24,2026-07-29,75201,84101,1058,681.67,656.46,2026-07-30
NWF26072403132,2026-07-24,2026-07-28,55401,48226,100,125.0,98.23,2026-07-30
NWF26072403133,2026-07-24,2026-07-30,84101,55401,1136,656.33,604.65,2026-08-01
NWF26072403134,2026-07-24,2026-07-27,60607,46204,917,279.92,249.27,2026-07-27
NWF26072403135,2026-07-24,2026-07-28,60607,46204,486,137.05,109.32,2026-07-29
NWF26072403136,2026-07-24,2026-07-29,84101,55401,2055,1271.09,1121.08,2026-07-29
NWF26072403137,2026-07-24,2026-07-29,55401,46204,1284,462.27,437.9,2026-07-31
NWF26072403138,2026-07-24,2026-07-27,30303,48226,3416,1284.47,1034.45,2026-07-27
NWF26072403139,2026-07-24,2026-07-30,46204,97209,472,385.08,308.11,2026-07-31
NWF26072403140,2026-07-24,2026-07-29,75201,85004,1758,988.39,941.22,2026-07-29
NWF26072503141,2026-07-25,2026-07-30,55401,98108,263,175.57,151.87,2026-07-31
NWF26072503142,2026-07-25,2026-07-27,80202,64105,879,298.64,279.97,2026-07-28
NWF26072503143,2026-07-25,2026-07-27,37203,46204,2183,509.54,419.11,2026-07-27
NWF26072503144,2026-07-25,2026-07-27,60607,46204,448,125.0,149.55,2026-07-28
NWF26072503145,2026-07-25,2026-07-28,55401,46204,2758,931.73,855.67,2026-07-28
NWF26072503146,2026-07-25,2026-07-28,37203,75201,3018,1199.37,842.85,2026-07-29
NWF26072603147,2026-07-26,2026-08-03,90021,19104,1458,1527.4,1259.1,2026-08-03
NWF26072603148,2026-07-26,2026-08-03,90021,46204,3094,2902.31,2804.6,2026-08-05
NWF26072603149,2026-07-26,2026-07-28,30303,48226,1808,723.6,699.19,2026-07-28
NWF26072603150,2026-07-26,2026-07-28,19104,37203,2523,975.3,792.3,2026-07-30
NWF26072603151,2026-07-26,2026-07-27,90021,97209,2268,1109.6,939.67,2026-07-28
NWF26072603152,2026-07-26,2026-07-29,64105,30303,2178,1213.31,1122.99,2026-07-29
NWF26072603153,2026-07-26,2026-07-27,60607,46204,1633,422.62,296.82,2026-07-29
NWF26072703154,2026-07-27,2026-07-29,80202,64105,623,218.73,182.98,2026-07-29
NWF26072703155,2026-07-27,2026-08-03,55401,98108,787,579.69,527.86,2026-08-04
NWF26072703156,2026-07-27,2026-07-28,46204,37203,757,229.24,215.98,2026-07-29
NWF26072703157,2026-07-27,2026-07-30,55401,48226,2979,1446.03,1328.0,2026-08-01
NWF26072703158,2026-07-27,2026-07-30,84101,75201,1266,876.56,670.0,2026-07-31
NWF26072703159,2026-07-27,2026-07-29,55401,46204,2349,795.32,765.79,2026-07-31
NWF26072703160,2026-07-27,2026-07-28,37203,75201,1429,611.08,545.61,2026-07-30
NWF26072703161,2026-07-27,2026-08-04,19104,97209,853,1050.07,833.71,2026-08-09
NWF26072703162,2026-07-27,2026-08-03,98108,19104,1362,1708.71,1359.84,2026-08-05
NWF26072703163,2026-07-27,2026-07-30,55401,75201,541,287.8,269.72,2026-07-30
NWF26072703164,2026-07-27,2026-07-28,60607,46204,867,221.04,207.24,2026-07-28
NWF26072703165,2026-07-27,2026-07-31,97209,80202,1306,647.57,570.7,2026-08-02
NWF26072703166,2026-07-27,2026-08-04,98108,07105,1866,2285.97,1680.12,2026-08-06
NWF26072703167,2026-07-27,2026-08-05,19104,97209,333,418.27,398.67,2026-08-06
NWF26072703168,2026-07-27,2026-07-29,37203,46204,1016,255.88,212.63,2026-07-29
NWF26072703169,2026-07-27,2026-07-29,30303,48226,1112,462.4,354.46,2026-07-31
NWF26072703170,2026-07-27,2026-07-29,60607,46204,1298,382.87,337.23,2026-07-30
NWF26072703171,2026-07-27,2026-07-30,75201,85004,2287,1310.22,989.63,2026-08-01
NWF26072703172,2026-07-27,2026-08-04,90021,19104,1444,1744.35,1404.88,2026-08-05
NWF26072703173,2026-07-27,2026-07-29,84101,55401,2603,1505.93,1564.92,2026-07-29
NWF26072703174,2026-07-27,2026-07-29,90021,97209,2457,1118.27,930.23,2026-07-31
NWF26072703175,2026-07-27,2026-07-29,80202,64105,588,225.09,183.97,2026-07-30
NWF26072703176,2026-07-27,2026-07-29,55401,48226,986,445.93,409.44,2026-08-06
NWF26072703177,2026-07-27,2026-07-31,90021,46204,7438,6145.56,5647.34,2026-07-31
NWF26072703178,2026-07-27,2026-07-29,75201,64105,215,125.0,119.43,2026-07-30
NWF26072703179,2026-07-27,2026-07-30,97209,80202,1033,525.89,502.33,2026-08-08
NWF26072703180,2026-07-27,2026-07-28,60607,46204,2057,533.62,464.74,2026-07-30
NWF26072703181,2026-07-27,2026-07-29,55401,46204,2524,814.46,606.13,2026-08-03
NWF26072703182,2026-07-27,2026-07-29,90021,97209,2323,1237.0,1032.6,2026-07-30
NWF26072703183,2026-07-27,2026-07-31,30303,85004,2604,1763.55,1614.29,2026-08-01
NWF26072703184,2026-07-27,2026-07-30,84101,55401,819,428.9,324.58,2026-08-01
NWF26072703185,2026-07-27,2026-07-29,30303,19104,848,323.26,302.38,2026-07-30
NWF26072703186,2026-07-27,2026-07-29,55401,46204,377,125.0,96.59,2026-07-29
NWF26072703187,2026-07-27,2026-08-05,19104,97209,362,423.56,382.37,2026-08-06
NWF26072703188,2026-07-27,2026-07-31,48226,84101,2509,2328.8,2035.73,2026-08-02
NWF26072703189,2026-07-27,2026-07-28,60607,46204,1652,495.99,449.87,2026-07-30
NWF26072703190,2026-07-27,2026-08-03,98108,07105,1459,1750.21,1448.94,2026-08-03
NWF26072703191,2026-07-27,2026-08-04,90021,19104,802,907.69,848.43,2026-08-04
NWF26072703192,2026-07-27,2026-07-28,48226,07105,719,258.47,215.35,2026-07-30
NWF26072703193,2026-07-27,2026-07-30,30303,48226,2412,842.01,1034.8,2026-07-30
NWF26072703194,2026-07-27,2026-08-04,98108,19104,2695,3482.66,2913.22,2026-08-05
NWF26072703195,2026-07-27,2026-07-29,55401,46204,1386,507.72,393.33,2026-07-30
NWF26072703196,2026-07-27,2026-08-04,30303,98108,1195,1234.57,918.22,2026-08-04
NWF26072703197,2026-07-27,2026-08-04,19104,90021,1514,1705.48,1561.87,2026-08-04
NWF26072703198,2026-07-27,2026-07-30,77002,85004,3278,1921.43,1737.32,2026-07-30
NWF26072703199,2026-07-27,2026-07-29,60607,46204,8992,2427.59,2036.58,2026-07-30
NWF26072703200,2026-07-27,2026-07-30,55401,84101,556,339.17,330.55,2026-07-31
NWF26072703201,2026-07-27,2026-07-29,75201,37203,632,288.58,256.12,2026-08-04
NWF26072703202,2026-07-27,2026-07-28,46204,38103,2839,1169.03,920.66,2026-08-06
NWF26072703203,2026-07-27,2026-07-29,60607,46204,2171,591.52,522.07,2026-07-29
NWF26072703204,2026-07-27,2026-08-03,19104,90021,3210,3271.14,3125.95,2026-08-03
NWF26072703205,2026-07-27,2026-07-30,84101,64105,623,334.87,303.11,2026-08-01
NWF26072703206,2026-07-27,2026-07-28,07105,19104,3639,876.74,745.78,2026-07-29
NWF26072703207,2026-07-27,2026-08-03,19104,97209,1138,1311.75,1067.94,2026-08-05
NWF26072703208,2026-07-27,2026-08-03,90021,46204,1577,1499.43,1630.83,2026-08-05
NWF26072703209,2026-07-27,2026-07-28,60607,46204,957,271.39,247.62,2026-07-30
NWF26072703210,2026-07-27,2026-07-28,30303,19104,1353,563.28,524.28,2026-07-28
NWF26072703211,2026-07-27,2026-07-31,84101,75201,3301,1997.62,1506.37,2026-08-01
NWF26072703212,2026-07-27,2026-07-29,80202,64105,1515,592.52,419.54,2026-07-30
NWF26072703213,2026-07-27,2026-07-28,60607,46204,5108,1460.47,1279.47,2026-07-30
NWF26072703214,2026-07-27,2026-07-31,30303,85004,659,438.01,354.13,2026-08-01
NWF26072703215,2026-07-27,2026-07-30,30303,48226,1450,541.48,510.7,2026-07-30
NWF26072703216,2026-07-27,2026-07-31,48226,80202,873,525.99,457.68,2026-07-31
NWF26072703217,2026-07-27,2026-07-29,75201,80202,351,178.37,170.62,2026-08-07
NWF26072703218,2026-07-27,2026-07-29,19104,37203,400,155.27,123.09,2026-07-30
NWF26072703219,2026-07-27,2026-07-28,37203,46204,1355,349.06,254.06,2026-07-29
NWF26072703220,2026-07-27,2026-07-30,84101,64105,660,336.27,249.86,2026-07-31
NWF26072703221,2026-07-27,2026-07-30,84101,75201,633,437.69,444.02,2026-07-31
NWF26072703222,2026-07-27,2026-07-29,60607,46204,3454,985.19,841.51,2026-07-30
NWF26072703223,2026-07-27,2026-07-28,60607,46204,670,174.16,140.32,2026-07-28
NWF26072703224,2026-07-27,2026-07-30,55401,84101,2300,1285.94,1472.48,2026-08-06
NWF26072703225,2026-07-27,2026-08-04,19104,90021,2117,2071.23,1460.16,2026-08-04
NWF26072703226,2026-07-27,2026-07-29,46204,38103,12000,4462.77,4361.48,2026-07-29
NWF26072703227,2026-07-27,2026-07-29,55401,46204,1391,429.58,373.55,2026-07-30
NWF26072803228,2026-07-28,2026-08-05,30303,98108,3946,3646.04,2721.63,2026-08-05
NWF26072803229,2026-07-28,2026-08-05,90021,19104,878,1015.88,839.58,2026-08-05
NWF26072803230,2026-07-28,2026-08-03,90021,46204,2204,2019.98,1881.2,2026-08-05
NWF26072803231,2026-07-28,2026-07-31,30303,84101,1217,1036.94,759.17,2026-07-31
NWF26072803232,2026-07-28,2026-08-03,75201,84101,1928,1218.33,1062.36,2026-08-03
NWF26072803233,2026-07-28,2026-07-30,55401,48226,890,421.44,392.85,2026-07-31
NWF26072803234,2026-07-28,2026-08-06,19104,90021,495,546.85,412.1,2026-08-06
NWF26072803235,2026-07-28,2026-07-30,55401,75201,1051,595.63,556.63,2026-07-30
NWF26072803236,2026-07-28,2026-07-29,37203,46204,1073,271.62,199.39,2026-08-04
NWF26072803237,2026-07-28,2026-07-30,90021,97209,2075,997.06,704.78,2026-08-01
NWF26072803238,2026-07-28,2026-07-29,60607,46204,10162,3028.7,2802.11,2026-07-30
NWF26072803239,2026-07-28,2026-07-30,37203,75201,1857,706.16,590.44,2026-07-31
NWF26072803240,2026-07-28,2026-07-30,64105,46204,601,217.34,164.19,2026-07-30
NWF26072803241,2026-07-28,2026-08-03,48226,84101,1991,1754.69,1285.2,2026-08-04
NWF26072803242,2026-07-28,2026-08-06,19104,90021,519,483.64,439.42,2026-08-07
NWF26072803243,2026-07-28,2026-07-31,80202,60607,2181,1140.58,820.51,2026-08-01
NWF26072803244,2026-07-28,2026-07-31,90021,97209,1122,510.64,466.76,2026-08-02
NWF26072803245,2026-07-28,2026-07-29,84101,97209,4789,2228.15,1951.12,2026-07-30
NWF26072803246,2026-07-28,2026-07-29,80202,64105,3136,1084.04,828.26,2026-07-30
NWF26072803247,2026-07-28,2026-07-31,80202,60607,2898,1447.38,1014.91,2026-07-31
NWF26072803248,2026-07-28,2026-07-29,46204,38103,2690,1107.83,993.49,2026-07-30
NWF26072803249,2026-07-28,2026-07-29,19104,37203,1198,512.09,370.11,2026-07-30
NWF26072803250,2026-07-28,2026-08-05,19104,97209,374,400.44,493.64,2026-08-05
NWF26072803251,2026-07-28,2026-08-03,77002,98108,768,641.07,502.65,2026-08-05
NWF26072803252,2026-07-28,2026-07-29,60607,46204,1435,399.74,380.35,2026-07-29
NWF26072803253,2026-07-28,2026-08-04,90021,30303,4053,3980.78,3626.4,2026-08-06
NWF26072803254,2026-07-28,2026-07-31,75201,84101,1622,965.63,730.55,2026-08-01
NWF26072803255,2026-07-28,2026-07-30,55401,46204,1162,410.28,382.79,2026-08-01
NWF26072803256,2026-07-28,2026-07-30,80202,64105,3088,1110.82,1071.44,2026-08-01
NWF26072803257,2026-07-28,2026-07-31,48226,07105,943,365.34,308.82,2026-08-02
NWF26072803258,2026-07-28,2026-07-30,19104,37203,1139,462.33,337.73,2026-08-05
NWF26072803259,2026-07-28,2026-07-30,84101,55401,178,125.0,114.0,2026-08-06
NWF26072803260,2026-07-28,2026-07-31,46204,55401,739,265.42,240.76,2026-07-31
NWF26072803261,2026-07-28,2026-07-31,84101,64105,275,151.04,138.02,2026-08-01
NWF26072803262,2026-07-28,2026-07-30,55401,46204,1991,724.29,667.78,2026-08-01
NWF26072803263,2026-07-28,2026-07-31,30303,48226,701,286.65,212.97,2026-08-02
NWF26072803264,2026-07-28,2026-08-03,55401,75201,948,456.45,417.3,2026-08-04
NWF26072803265,2026-07-28,2026-08-03,55401,98108,1204,862.28,628.05,2026-08-11
NWF26072803266,2026-07-28,2026-07-29,60607,46204,1110,304.6,282.42,2026-07-30
NWF26072803267,2026-07-28,2026-07-31,84101,55401,1096,672.12,571.19,2026-07-31
NWF26072803268,2026-07-28,2026-08-03,55401,98108,2552,1744.04,1458.16,2026-08-05
NWF26072803269,2026-07-28,2026-07-31,75201,64105,943,396.76,386.84,2026-08-01
NWF26072803270,2026-07-28,2026-07-30,37203,75201,1601,611.14,531.21,2026-07-31
NWF26072803271,2026-07-28,2026-07-30,80202,64105,3630,1240.38,884.9,2026-08-01
NWF26072803272,2026-07-28,2026-07-30,90021,97209,1171,616.01,510.49,2026-08-01
NWF26072803273,2026-07-28,2026-07-29,60607,46204,1432,368.42,436.57,2026-07-29
NWF26072803274,2026-07-28,2026-08-04,19104,97209,2016,2346.91,1676.51,2026-08-05
NWF26072803275,2026-07-28,2026-07-31,37203,64105,632,236.81,174.05,2026-08-02
NWF26072803276,2026-07-28,2026-07-31,30303,85004,1950,1312.8,1282.07,2026-08-02
NWF26072803277,2026-07-28,2026-08-05,98108,19104,604,770.52,652.91,2026-08-05
NWF26072803278,2026-07-28,2026-07-31,75201,84101,967,628.45,546.82,2026-08-01
NWF26072803279,2026-07-28,2026-07-30,19104,37203,1644,704.2,747.12,2026-08-01
NWF26072803280,2026-07-28,2026-07-30,84101,75201,4204,2819.71,2745.56,2026-07-30
NWF26072803281,2026-07-28,2026-08-04,90021,19104,1909,2086.91,1520.27,2026-08-04
NWF26072803282,2026-07-28,2026-07-31,55401,75201,165,125.0,117.1,2026-08-01
NWF26072803283,2026-07-28,2026-07-30,46204,55401,2712,1004.97,895.89,2026-08-01
NWF26072803284,2026-07-28,2026-07-29,60607,46204,5422,1500.57,1097.86,2026-07-29
NWF26072803285,2026-07-28,2026-08-06,19104,90021,1261,1359.44,960.94,2026-08-06
NWF26072803286,2026-07-28,2026-07-31,75201,60607,953,580.55,533.46,2026-08-02
NWF26072803287,2026-07-28,2026-08-04,90021,19104,3174,3802.38,2717.17,2026-08-04
NWF26072803288,2026-07-28,2026-08-03,80202,19104,1332,944.75,852.97,2026-08-03
NWF26072803289,2026-07-28,2026-07-29,07105,19104,992,237.96,167.02,2026-07-31
NWF26072803290,2026-07-28,2026-07-29,60607,46204,1679,496.17,447.56,2026-07-29
NWF26072803291,2026-07-28,2026-07-29,60607,46204,958,272.86,249.35,2026-07-30
NWF26072803292,2026-07-28,2026-08-03,84101,55401,990,520.92,463.16,2026-08-03
NWF26072803293,2026-07-28,2026-07-31,64105,30303,1463,746.39,722.65,2026-07-31
NWF26072803294,2026-07-28,2026-07-31,84101,64105,922,493.32,367.48,2026-08-02
NWF26072803295,2026-07-28,2026-07-30,30303,19104,1161,508.04,427.92,2026-08-05
NWF26072803296,2026-07-28,2026-08-03,30303,85004,1743,1256.38,1217.72,2026-08-03
NWF26072803297,2026-07-28,2026-07-30,30303,19104,1221,512.05,370.36,2026-08-01
NWF26072803298,2026-07-28,2026-07-29,46204,38103,113,125.0,129.18,2026-07-31
NWF26072803299,2026-07-28,2026-08-03,55401,75201,552,289.94,223.53,2026-08-05
NWF26072803300,2026-07-28,2026-07-30,75201,64105,1338,570.15,432.52,2026-07-30
NWF26072803301,2026-07-28,2026-07-29,60607,46204,2284,588.09,641.53,2026-07-29
NWF26072903302,2026-07-29,2026-08-04,80202,19104,4990,3501.63,3311.11,2026-08-04
NWF26072903303,2026-07-29,2026-07-30,64105,30303,411,199.92,157.98,2026-07-30
NWF26072903304,2026-07-29,2026-07-31,80202,64105,7513,2921.94,2762.99,2026-08-01
NWF26072903305,2026-07-29,2026-08-05,98108,07105,885,1109.37,954.58,2026-08-05
NWF26072903306,2026-07-29,2026-08-06,46204,97209,562,473.8,348.11,2026-08-08
NWF26072903307,2026-07-29,2026-07-31,30303,48226,1875,690.56,531.48,2026-08-01
NWF26072903308,2026-07-29,2026-08-05,77002,98108,1070,857.17,974.31,2026-08-07
NWF26072903309,2026-07-29,2026-08-05,98108,07105,532,696.76,583.29,2026-08-06
NWF26072903310,2026-07-29,2026-07-30,75201,60607,1053,560.07,487.68,2026-08-01
NWF26072903311,2026-07-29,2026-08-03,46204,77002,910,577.71,424.16,2026-08-04
NWF26072903312,2026-07-29,2026-08-06,30303,98108,921,964.0,939.22,2026-08-08
NWF26072903313,2026-07-29,2026-07-31,75201,60607,645,375.47,294.81,2026-08-02
NWF26072903314,2026-07-29,2026-08-05,90021,48226,3634,4178.36,3398.2,2026-08-07
NWF26072903315,2026-07-29,2026-08-05,90021,46204,2105,1994.84,1829.99,2026-08-07
NWF26072903316,2026-07-29,2026-08-03,84101,75201,3294,2228.85,1904.79,2026-08-09
NWF26072903317,2026-07-29,2026-08-03,48226,80202,1192,668.97,512.86,2026-08-05
NWF26072903318,2026-07-29,2026-08-06,90021,19104,1449,1628.42,1193.58,2026-08-07
NWF26072903319,2026-07-29,2026-08-03,77002,85004,383,230.92,185.44,2026-08-05
NWF26072903320,2026-07-29,2026-08-04,84101,55401,1645,915.18,843.95,2026-08-05
NWF26072903321,2026-07-29,2026-08-03,55401,75201,2368,1284.22,1171.73,2026-08-04
NWF26072903322,2026-07-29,2026-08-05,46204,97209,227,179.95,205.59,2026-08-07
NWF26072903323,2026-07-29,2026-07-31,60607,46204,197,125.0,112.33,2026-07-31
NWF26072903324,2026-07-29,2026-07-30,80202,64105,1437,531.9,483.78,2026-08-01
NWF26072903325,2026-07-29,2026-07-30,60607,46204,1483,393.15,350.82,2026-07-31
NWF26072903326,2026-07-29,2026-08-07,90021,19104,5178,5976.28,5140.96,2026-08-09
NWF26072903327,2026-07-29,2026-08-07,90021,19104,2409,2447.95,2334.81,2026-08-07
NWF26072903328,2026-07-29,2026-07-31,80202,30303,2621,1673.91,1399.41,2026-08-02
NWF26072903329,2026-07-29,2026-08-04,90021,46204,3538,3240.93,3142.75,2026-08-06
NWF26072903330,2026-07-29,2026-08-03,30303,48226,2216,894.52,820.51,2026-08-04
NWF26072903331,2026-07-29,2026-07-30,37203,46204,1824,451.11,378.48,2026-08-01
NWF26072903332,2026-07-29,2026-07-31,60607,64105,952,329.57,313.81,2026-08-01
NWF26072903333,2026-07-29,2026-08-03,84101,64105,4463,2320.05,2162.13,2026-08-04
NWF26072903334,2026-07-29,2026-07-30,60607,46204,3172,841.8,770.42,2026-07-30
NWF26072903335,2026-07-29,2026-08-03,80202,19104,847,661.58,558.58,2026-08-13
NWF26072903336,2026-07-29,2026-07-30,37203,75201,5470,2269.28,1882.09,2026-07-31
NWF26072903337,2026-07-29,2026-08-06,90021,46204,3398,3126.03,2995.18,2026-08-08
NWF26072903338,2026-07-29,2026-08-05,90021,30303,1570,1559.93,1526.99,2026-08-10
NWF26072903339,2026-07-29,2026-08-03,30303,19104,6443,2450.33,2019.08,2026-08-04
NWF26072903340,2026-07-29,2026-07-31,37203,75201,1766,721.01,812.56,2026-08-01
NWF26072903341,2026-07-29,2026-07-31,60607,46204,767,224.17,274.84,2026-08-02
NWF26072903342,2026-07-29,2026-07-30,60607,46204,526,154.22,117.63,2026-08-01
NWF26072903343,2026-07-29,2026-08-03,55401,84101,1035,580.89,519.56,2026-08-04
NWF26072903344,2026-07-29,2026-07-30,60607,46204,437,125.0,92.39,2026-07-31
NWF26072903345,2026-07-29,2026-08-03,75201,84101,354,216.69,153.71,2026-08-04
NWF26072903346,2026-07-29,2026-08-05,90021,46204,475,413.2,297.76,2026-08-06
NWF26072903347,2026-07-29,2026-08-04,55401,98108,3517,2638.35,2437.25,2026-08-04
NWF26072903348,2026-07-29,2026-08-04,64105,98108,504,317.48,278.67,2026-08-09
NWF26072903349,2026-07-29,2026-08-05,19104,90021,1212,1356.44,1013.64,2026-08-07
NWF26072903350,2026-07-29,2026-08-03,97209,80202,1125,591.61,472.55,2026-08-04
NWF26072903351,2026-07-29,2026-08-05,90021,46204,2674,2261.85,1663.13,2026-08-06
NWF26072903352,2026-07-29,2026-07-31,80202,64105,1386,531.02,471.66,2026-07-31
NWF26072903353,2026-07-29,2026-08-07,19104,97209,1248,1343.66,1212.64,2026-08-07
NWF26072903354,2026-07-29,2026-07-31,80202,64105,252,125.0,107.29,2026-08-01
NWF26072903355,2026-07-29,2026-08-06,90021,19104,1555,1779.33,1320.1,2026-08-07
NWF26072903356,2026-07-29,2026-08-04,84101,75201,1087,721.57,592.31,2026-08-04
NWF26072903357,2026-07-29,2026-07-31,19104,37203,568,209.64,149.02,2026-08-01
NWF26072903358,2026-07-29,2026-08-06,19104,90021,449,462.49,344.93,2026-08-08
NWF26072903359,2026-07-29,2026-07-31,46204,19104,2684,1332.0,1237.44,2026-08-02
NWF26072903360,2026-07-29,2026-07-30,60607,46204,1662,479.89,520.35,2026-07-31
NWF26072903361,2026-07-29,2026-08-03,48226,80202,648,431.86,410.85,2026-08-05
NWF26072903362,2026-07-29,2026-07-31,97209,80202,1145,557.41,511.83,2026-08-02
NWF26072903363,2026-07-29,2026-08-06,19104,90021,2805,2871.46,2143.9,2026-08-16
NWF26073003364,2026-07-30,2026-08-03,30303,48226,293,125.0,111.78,2026-08-03
NWF26073003365,2026-07-30,2026-07-31,48226,07105,1565,562.36,459.15,2026-08-02
NWF26073003366,2026-07-30,2026-08-07,19104,90021,2202,2237.51,2095.43,2026-08-09
NWF26073003367,2026-07-30,2026-07-31,46204,38103,2594,914.21,800.6,2026-07-31
NWF26073003368,2026-07-30,2026-08-05,90021,46204,591,537.34,446.74,2026-08-06
NWF26073003369,2026-07-30,2026-08-04,80202,64105,1796,670.97,555.75,2026-08-04
NWF26073003370,2026-07-30,2026-07-31,07105,19104,1918,452.64,433.61,2026-08-01
NWF26073003371,2026-07-30,2026-08-03,55401,46204,2239,796.23,590.05,2026-08-05
NWF26073003372,2026-07-30,2026-08-07,19104,97209,1156,1200.88,955.48,2026-08-09
NWF26073003373,2026-07-30,2026-08-03,55401,46204,1197,420.21,340.95,2026-08-03
NWF26073003374,2026-07-30,2026-08-05,80202,19104,4053,2952.74,2457.11,2026-08-07
NWF26073003375,2026-07-30,2026-08-03,64105,46204,1270,518.51,490.73,2026-08-03
NWF26073003376,2026-07-30,2026-08-04,64105,98108,1935,1416.64,1305.73,2026-08-04
NWF26073003377,2026-07-30,2026-08-04,55401,07105,1554,783.14,644.68,2026-08-05
NWF26073003378,2026-07-30,2026-08-03,80202,64105,1504,553.06,522.21,2026-08-03
NWF26073003379,2026-07-30,2026-08-04,75201,84101,2939,1696.62,1580.51,2026-08-04
NWF26073003380,2026-07-30,2026-08-03,48226,07105,1554,576.06,464.43,2026-08-04
NWF26073003381,2026-07-30,2026-08-04,48226,80202,1806,1033.18,883.86,2026-08-04
NWF26073003382,2026-07-30,2026-08-06,90021,46204,331,293.44,218.84,2026-08-08
NWF26073003383,2026-07-30,2026-08-05,84101,75201,3961,2783.35,2564.46,2026-08-07
NWF26073003384,2026-07-30,2026-08-06,80202,19104,6012,4486.24,3887.78,2026-08-08
NWF26073003385,2026-07-30,2026-08-07,19104,90021,2416,2326.42,2060.44,2026-08-09
NWF26073003386,2026-07-30,2026-08-07,19104,97209,888,1063.48,1274.4,2026-08-07
NWF26073003387,2026-07-30,2026-08-06,90021,19104,9831,10619.78,9138.96,2026-08-07
NWF26073003388,2026-07-30,2026-08-03,30303,48226,274,125.0,119.6,2026-08-04
NWF26073003389,2026-07-30,2026-08-06,55401,85004,631,520.84,440.56,2026-08-08
NWF26073003390,2026-07-30,2026-08-03,55401,46204,661,201.26,144.16,2026-08-05
NWF26073003391,2026-07-30,2026-07-31,30303,48226,1025,381.43,294.29,2026-08-02
NWF26073003392,2026-07-30,2026-08-03,60607,46204,1258,343.85,264.13,2026-08-05
NWF26073003393,2026-07-30,2026-07-31,60607,46204,1849,539.32,433.69,2026-08-02
NWF26073003394,2026-07-30,2026-08-04,30303,85004,12000,8899.44,7894.94,2026-08-04
NWF26073003395,2026-07-30,2026-08-06,98108,46204,566,549.53,402.79,2026-08-08
NWF26073003396,2026-07-30,2026-08-04,55401,75201,3006,1625.39,1933.95,2026-08-04
NWF26073003397,2026-07-30,2026-08-07,19104,97209,1226,1439.4,1389.77,2026-08-07
NWF26073003398,2026-07-30,2026-08-10,98108,07105,841,996.37,857.72,2026-08-12
NWF26073003399,2026-07-30,2026-08-06,46204,97209,1984,1559.17,1422.64,2026-08-08
NWF26073003400,2026-07-30,2026-08-05,84101,55401,906,470.51,352.35,2026-08-05
NWF26073003401,2026-07-30,2026-08-04,75201,84101,1527,962.71,888.04,2026-08-05
NWF26073003402,2026-07-30,2026-07-31,46204,19104,727,312.22,242.28,2026-07-31
NWF26073003403,2026-07-30,2026-07-31,48226,07105,1948,752.28,622.43,2026-08-01
NWF26073003404,2026-07-30,2026-08-05,55401,98108,1014,719.54,681.67,2026-08-05
NWF26073003405,2026-07-30,2026-08-06,77002,98108,361,333.59,300.95,2026-08-13
NWF26073003406,2026-07-30,2026-07-31,75201,80202,4305,2271.5,1801.76,2026-07-31
NWF26073003407,2026-07-30,2026-08-04,30303,85004,4300,2825.44,2099.0,2026-08-05
NWF26073003408,2026-07-30,2026-08-04,55401,84101,1346,832.12,738.37,2026-08-05
NWF26073003409,2026-07-30,2026-08-06,48226,85004,2266,1831.28,1754.45,2026-08-07
NWF26073003410,2026-07-30,2026-08-03,80202,64105,1049,395.04,372.36,2026-08-04
NWF26073003411,2026-07-30,2026-08-04,30303,19104,2342,1060.15,813.73,2026-08-06
NWF26073003412,2026-07-30,2026-08-03,46204,55401,6349,2596.14,2174.99,2026-08-04
NWF26073003413,2026-07-30,2026-07-31,46204,37203,3080,942.88,676.55,2026-08-02
NWF26073003414,2026-07-30,2026-07-31,46204,19104,1487,708.41,532.79,2026-07-31
NWF26073003415,2026-07-30,2026-08-04,80202,30303,1182,809.19,644.99,2026-08-06
NWF26073003416,2026-07-30,2026-08-03,30303,48226,731,291.81,228.49,2026-08-03
NWF26073003417,2026-07-30,2026-07-31,60607,46204,1620,439.58,317.07,2026-08-02
NWF26073003418,2026-07-30,2026-08-06,64105,98108,1271,945.66,882.84,2026-08-08
NWF26073003419,2026-07-30,2026-07-31,19104,37203,2570,962.51,808.91,2026-08-01
NWF26073003420,2026-07-30,2026-08-03,55401,75201,480,266.87,199.33,2026-08-04
NWF26073003421,2026-07-30,2026-08-03,80202,60607,871,409.3,385.93,2026-08-04
NWF26073003422,2026-07-30,2026-08-05,46204,77002,558,360.96,301.23,2026-08-07
NWF26073003423,2026-07-30,2026-07-31,37203,46204,2236,516.71,428.65,2026-08-02
NWF26073003424,2026-07-30,2026-08-05,30303,85004,1328,1027.56,845.21,2026-08-06
NWF26073003425,2026-07-30,2026-08-03,46204,55401,1867,692.98,607.97,2026-08-04
NWF26073003426,2026-07-30,2026-08-05,97209,80202,2678,1518.72,1117.99,2026-08-06
NWF26073003427,2026-07-30,2026-08-07,19104,97209,984,1096.63,946.96,2026-08-16
NWF26073003428,2026-07-30,2026-08-04,64105,30303,4066,1995.37,1589.17,2026-08-04
NWF26073003429,2026-07-30,2026-08-07,19104,90021,753,820.48,797.39,2026-08-14
NWF26073003430,2026-07-30,2026-08-05,80202,30303,1557,1029.93,785.24,2026-08-06
NWF26073003431,2026-07-30,2026-08-07,19104,97209,1019,1163.75,996.42,2026-08-08
NWF26073003432,2026-07-30,2026-08-03,55401,84101,848,480.72,453.53,2026-08-04
NWF26073003433,2026-07-30,2026-07-31,75201,60607,3869,2326.81,1822.28,2026-08-02
NWF26073003434,2026-07-30,2026-08-03,19104,37203,524,209.84,160.3,2026-08-13
NWF26073003435,2026-07-30,2026-08-03,60607,64105,1533,538.42,515.29,2026-08-05
NWF26073003436,2026-07-30,2026-07-31,60607,64105,2835,1011.58,974.36,2026-08-02
NWF26073103437,2026-07-31,2026-08-04,48226,07105,468,180.28,156.21,2026-08-04
NWF26073103438,2026-07-31,2026-08-07,48226,84101,683,649.31,498.39,2026-08-07
NWF26073103439,2026-07-31,2026-08-07,46204,97209,963,787.22,644.58,2026-08-09
NWF26073103440,2026-07-31,2026-08-04,90021,97209,393,174.67,127.99,2026-08-05
NWF26073103441,2026-07-31,2026-08-10,77002,98108,2622,2186.23,1609.51,2026-08-10
NWF26073103442,2026-07-31,2026-08-03,55401,46204,3519,1165.14,1018.19,2026-08-05
NWF26073103443,2026-07-31,2026-08-10,90021,19104,940,1051.28,915.93,2026-08-10
NWF26073103444,2026-07-31,2026-08-10,90021,19104,704,805.98,651.46,2026-08-11
NWF26073103445,2026-07-31,2026-08-05,84101,64105,1632,911.08,710.77,2026-08-07
NWF26073103446,2026-07-31,2026-08-10,98108,07105,710,944.89,836.78,2026-08-18
NWF26073103447,2026-07-31,2026-08-10,90021,19104,4035,4452.37,4082.63,2026-08-10
NWF26073103448,2026-07-31,2026-08-07,46204,97209,2358,1864.57,1739.69,2026-08-09
NWF26073103449,2026-07-31,2026-08-03,46204,37203,361,125.0,118.36,2026-08-05
NWF26073103450,2026-07-31,2026-08-05,84101,55401,1534,805.8,749.65,2026-08-05
NWF26073103451,2026-07-31,2026-08-05,84101,55401,713,451.41,426.97,2026-08-07
NWF26073103452,2026-07-31,2026-08-04,46204,55401,2282,914.2,971.46,2026-08-06
NWF26073103453,2026-07-31,2026-08-04,80202,60607,1507,818.19,723.94,2026-08-05
NWF26073103454,2026-07-31,2026-08-03,60607,46204,4284,1300.48,942.58,2026-08-03
NWF26073103455,2026-07-31,2026-08-10,19104,90021,1216,1359.39,984.67,2026-08-10
NWF26073103456,2026-07-31,2026-08-06,55401,84101,4763,2670.6,2468.42,2026-08-06
NWF26073103457,2026-07-31,2026-08-03,64105,30303,2174,1126.78,844.24,2026-08-04
NWF26073103458,2026-07-31,2026-08-05,80202,60607,1382,665.49,608.95,2026-08-07
NWF26073103459,2026-07-31,2026-08-04,80202,60607,1962,935.63,713.57,2026-08-05
NWF26073103460,2026-07-31,2026-08-06,64105,98108,527,368.76,315.55,2026-08-08
NWF26073103461,2026-07-31,2026-08-03,30303,48226,743,265.23,194.35,2026-08-05
NWF26073103462,2026-07-31,2026-08-04,30303,19104,331,129.62,104.98,2026-08-04
NWF26073103463,2026-07-31,2026-08-03,46204,38103,5667,2140.26,2092.49,2026-08-04
NWF26073103464,2026-07-31,2026-08-04,48226,80202,2624,1645.1,1410.99,2026-08-05
NWF26073103465,2026-07-31,2026-08-05,07105,55401,221,140.43,126.7,2026-08-05
NWF26073103466,2026-07-31,2026-08-03,84101,97209,3831,1846.7,1788.13,2026-08-04
NWF26073103467,2026-07-31,2026-08-04,90021,97209,410,201.56,160.66,2026-08-06
NWF26073103468,2026-07-31,2026-08-10,46204,97209,1302,1193.86,1088.39,2026-08-10
NWF26073103469,2026-07-31,2026-08-04,75201,60607,1407,853.39,801.14,2026-08-05
NWF26073103470,2026-07-31,2026-08-03,90021,97209,2229,1172.75,831.1,2026-08-05
NWF26073103471,2026-07-31,2026-08-04,30303,48226,2081,781.32,897.31,2026-08-05
NWF26073103472,2026-07-31,2026-08-04,19104,37203,979,420.42,310.41,2026-08-06
NWF26073103473,2026-07-31,2026-08-05,55401,75201,2357,1106.53,782.76,2026-08-06
NWF26073103474,2026-07-31,2026-08-11,19104,97209,1549,1664.5,1304.15,2026-08-12
NWF26073103475,2026-07-31,2026-08-10,90021,19104,2403,2853.62,2430.37,2026-08-12
NWF26073103476,2026-07-31,2026-08-07,46204,97209,599,525.97,368.95,2026-08-07
NWF26073103477,2026-07-31,2026-08-04,55401,46204,2404,786.66,758.93,2026-08-09
NWF26073103478,2026-07-31,2026-08-04,75201,80202,345,161.68,139.25,2026-08-04
NWF26073103479,2026-07-31,2026-08-04,19104,37203,1445,607.77,498.34,2026-08-06
NWF26073103480,2026-07-31,2026-08-04,37203,46204,2500,678.33,796.17,2026-08-05
NWF26073103481,2026-07-31,2026-08-04,46204,38103,1463,597.89,464.3,2026-08-06
NWF26073103482,2026-07-31,2026-08-05,84101,97209,1048,470.18,334.21,2026-08-06
NWF26073103483,2026-07-31,2026-08-10,98108,07105,619,770.41,565.57,2026-08-10
NWF26073103484,2026-07-31,2026-08-04,55401,46204,968,321.02,273.62,2026-08-06
NWF26073103485,2026-07-31,2026-08-04,30303,48226,509,190.41,138.73,2026-08-04
NWF26073103486,2026-07-31,2026-08-07,46204,97209,420,337.45,365.53,2026-08-09
NWF26073103487,2026-07-31,2026-08-03,60607,46204,1084,289.25,262.53,2026-08-04
NWF26073103488,2026-07-31,2026-08-04,55401,46204,714,263.11,243.63,2026-08-06
NWF26073103489,2026-07-31,2026-08-05,84101,75201,888,584.98,519.98,2026-08-05
NWF26073103490,2026-07-31,2026-08-04,64105,30303,1773,1020.85,758.1,2026-08-06
NWF26073103491,2026-07-31,2026-08-05,30303,48226,5065,2013.49,1798.72,2026-08-07
NWF26073103492,2026-07-31,2026-08-07,46204,97209,192,156.42,125.6,2026-08-09
NWF26073103493,2026-07-31,2026-08-07,19104,90021,2191,2485.55,2147.35,2026-08-09
NWF26073103494,2026-07-31,2026-08-06,48226,80202,201,128.03,109.76,2026-08-07
NWF26073103495,2026-07-31,2026-08-03,30303,19104,1922,799.97,687.74,2026-08-04
NWF26073103496,2026-07-31,2026-08-07,46204,97209,1709,1408.04,1280.86,2026-08-08
NWF26073103497,2026-07-31,2026-08-11,98108,19104,7777,9821.93,7848.15,2026-08-12
NWF26073103498,2026-07-31,2026-08-05,75201,85004,262,157.51,149.42,2026-08-07
NWF26073103499,2026-07-31,2026-08-04,75201,80202,780,402.42,369.94,2026-08-06
NWF26073103500,2026-07-31,2026-08-04,46204,55401,1046,399.92,303.78,2026-08-05
NWF26073103501,2026-07-31,2026-08-07,77002,98108,3144,2758.96,2461.87,2026-08-07
NWF26073103502,2026-07-31,2026-08-05,80202,60607,2102,1127.6,930.92,2026-08-05
NWF26073103503,2026-07-31,2026-08-07,46204,97209,3323,2735.95,2450.53,2026-08-09
NWF26073103504,2026-07-31,2026-08-03,37203,46204,7690,1815.78,1633.87,2026-08-10
NWF26073103505,2026-07-31,2026-08-04,60607,46204,1305,388.59,349.58,2026-08-06
NWF26073103506,2026-07-31,2026-08-04,75201,80202,730,401.71,327.82,2026-08-06
NWF26073103507,2026-07-31,2026-08-05,55401,75201,1928,919.96,777.32,2026-08-07
NWF26073103508,2026-07-31,2026-08-07,46204,97209,2314,2029.78,1462.33,2026-08-08
NWF26073103509,2026-07-31,2026-08-05,84101,55401,663,374.61,288.93,2026-08-05
NWF26073103510,2026-07-31,2026-08-04,75201,80202,2666,1423.72,1178.97,2026-08-06
NWF26073103511,2026-07-31,2026-08-03,90021,97209,3817,2050.59,1902.4,2026-08-09
NWF26073103512,2026-07-31,2026-08-05,90021,97209,1379,676.14,528.65,2026-08-06
NWF26073103513,2026-07-31,2026-08-04,80202,64105,1269,440.04,326.14,2026-08-04
NWF26073103514,2026-07-31,2026-08-10,30303,98108,4945,5069.81,3592.58,2026-08-17
NWF26073103515,2026-07-31,2026-08-05,75201,84101,1134,751.39,557.19,2026-08-07
NWF26073103516,2026-07-31,2026-08-03,75201,80202,5022,2479.28,1779.35,2026-08-03
NWF26073103517,2026-07-31,2026-08-06,55401,07105,3335,2039.19,1682.66,2026-08-15
NWF26073103518,2026-07-31,2026-08-05,90021,97209,1513,779.11,745.87,2026-08-07
NWF26073103519,2026-07-31,2026-08-04,64105,30303,5542,2952.9,2802.32,2026-08-06
NWF26073103520,2026-07-31,2026-08-05,84101,97209,295,142.36,128.45,2026-08-07
NWF26073103521,2026-07-31,2026-08-04,46204,55401,1227,475.38,370.89,2026-08-05
NWF26073103522,2026-07-31,2026-08-07,19104,90021,540,543.35,422.36,2026-08-07
NWF26073103523,2026-07-31,2026-08-04,55401,46204,1173,393.65,484.14,2026-08-04
NWF26080103524,2026-08-01,2026-08-07,19104,90021,6160,5816.4,4783.93,2026-08-07
NWF26080203525,2026-08-02,2026-08-06,84101,55401,12000,6702.81,6480.6,2026-08-06
NWF26080203526,2026-08-02,2026-08-05,97209,80202,2401,1131.69,1106.84,2026-08-05
NWF26080203527,2026-08-02,2026-08-06,84101,55401,929,537.08,398.0,2026-08-07
NWF26080203528,2026-08-02,2026-08-04,84101,55401,1138,683.24,516.55,2026-08-06
NWF26080203529,2026-08-02,2026-08-06,46204,77002,226,133.55,128.29,2026-08-07
NWF26080203530,2026-08-02,2026-08-04,64105,30303,1501,772.89,708.38,2026-08-05
NWF26080303531,2026-08-03,2026-08-04,07105,19104,428,125.0,113.78,2026-08-04
NWF26080303532,2026-08-03,2026-08-07,98108,46204,7671,7677.33,6909.8,2026-08-09
NWF26080303533,2026-08-03,2026-08-04,60607,46204,753,229.54,162.86,2026-08-05
NWF26080303534,2026-08-03,2026-08-04,46204,55401,301,125.0,109.63,2026-08-04
NWF26080303535,2026-08-03,2026-08-04,55401,46204,849,311.7,229.35,2026-08-06
NWF26080303536,2026-08-03,2026-08-05,19104,37203,933,343.85,291.12,2026-08-07
NWF26080303537,2026-08-03,2026-08-07,84101,75201,1327,890.07,757.71,2026-08-08
NWF26080303538,2026-08-03,2026-08-11,90021,46204,2105,1926.05,1720.97,2026-08-13
NWF26080303539,2026-08-03,2026-08-04,37203,46204,2951,758.98,798.12,2026-08-06
NWF26080303540,2026-08-03,2026-08-06,77002,85004,4311,2423.98,2115.38,2026-08-08
NWF26080303541,2026-08-03,2026-08-04,75201,80202,190,125.0,108.61,2026-08-05
NWF26080303542,2026-08-03,2026-08-05,19104,37203,2316,875.19,664.39,2026-08-05
NWF26080303543,2026-08-03,2026-08-07,30303,84101,1719,1476.1,1311.92,2026-08-07
NWF26080303544,2026-08-03,2026-08-05,84101,75201,2002,1174.39,965.41,2026-08-06
NWF26080303545,2026-08-03,2026-08-05,60607,46204,2589,719.82,703.5,2026-08-05
NWF26080303546,2026-08-03,2026-08-10,46204,97209,4069,3525.35,2711.17,2026-08-12
NWF26080303547,2026-08-03,2026-08-04,60607,46204,1466,382.02,317.65,2026-08-05
NWF26080303548,2026-08-03,2026-08-11,90021,46204,2239,2028.71,1587.64,2026-08-11
NWF26080303549,2026-08-03,2026-08-04,60607,46204,847,242.08,169.95,2026-08-14
NWF26080303550,2026-08-03,2026-08-07,55401,84101,883,552.15,487.45,2026-08-07
NWF26080303551,2026-08-03,2026-08-05,55401,46204,2006,695.26,630.02,2026-08-06
NWF26080303552,2026-08-03,2026-08-07,84101,75201,316,191.78,173.76,2026-08-07
NWF26080303553,2026-08-03,2026-08-06,84101,55401,2403,1448.72,1129.75,2026-08-08
NWF26080303554,2026-08-03,2026-08-05,64105,30303,4408,2265.68,2091.55,2026-08-07
NWF26080303555,2026-08-03,2026-08-05,80202,64105,1574,616.55,557.13,2026-08-07
NWF26080303556,2026-08-03,2026-08-12,30303,98108,1023,1117.63,978.85,2026-08-14
NWF26080303557,2026-08-03,2026-08-10,90021,46204,9356,8377.97,5919.03,2026-08-17
NWF26080303558,2026-08-03,2026-08-05,46204,37203,2588,854.99,601.96,2026-08-05
NWF26080303559,2026-08-03,2026-08-05,75201,64105,2596,1049.81,797.6,2026-08-15
NWF26080303560,2026-08-03,2026-08-04,46204,38103,1503,599.72,569.56,2026-08-06
NWF26080303561,2026-08-03,2026-08-07,48226,84101,533,481.63,460.99,2026-08-08
NWF26080303562,2026-08-03,2026-08-10,64105,98108,1153,857.4,729.76,2026-08-11
NWF26080303563,2026-08-03,2026-08-07,30303,85004,3413,2535.75,2132.42,2026-08-07
NWF26080303564,2026-08-03,2026-08-04,07105,19104,4470,1041.32,843.59,2026-08-05
NWF26080303565,2026-08-03,2026-08-05,19104,37203,153,125.0,105.99,2026-08-14
NWF26080303566,2026-08-03,2026-08-05,46204,55401,599,211.43,161.92,2026-08-07
NWF26080303567,2026-08-03,2026-08-07,64105,98108,1198,809.5,771.71,2026-08-07
NWF26080303568,2026-08-03,2026-08-05,37203,64105,887,344.08,328.92,2026-08-06
NWF26080303569,2026-08-03,2026-08-07,48226,80202,7622,4643.39,3657.33,2026-08-09
NWF26080303570,2026-08-03,2026-08-04,55401,46204,1778,542.25,505.37,2026-08-06
NWF26080303571,2026-08-03,2026-08-05,64105,30303,894,473.82,426.49,2026-08-05
NWF26080303572,2026-08-03,2026-08-10,98108,46204,1444,1242.77,1170.1,2026-08-11
NWF26080303573,2026-08-03,2026-08-05,46204,55401,1440,602.9,427.29,2026-08-06
NWF26080303574,2026-08-03,2026-08-10,46204,97209,415,386.66,331.17,2026-08-12
NWF26080303575,2026-08-03,2026-08-04,46204,37203,1748,535.3,434.84,2026-08-04
NWF26080303576,2026-08-03,2026-08-07,46204,97209,823,732.87,664.8,2026-08-08
NWF26080303577,2026-08-03,2026-08-05,55401,46204,508,176.0,176.51,2026-08-07
NWF26080303578,2026-08-03,2026-08-06,48226,84101,1656,1413.4,1320.06,2026-08-08
NWF26080303579,2026-08-03,2026-08-05,37203,75201,2800,1015.97,985.08,2026-08-05
NWF26080303580,2026-08-03,2026-08-05,90021,97209,876,470.79,335.1,2026-08-05
NWF26080303581,2026-08-03,2026-08-05,84101,75201,1275,901.09,749.65,2026-08-06
NWF26080303582,2026-08-03,2026-08-05,30303,48226,2085,720.18,584.67,2026-08-06
NWF26080303583,2026-08-03,2026-08-05,55401,84101,4569,2787.22,2666.59,2026-08-06
NWF26080303584,2026-08-03,2026-08-07,48226,84101,1157,972.76,710.94,2026-08-09
NWF26080303585,2026-08-03,2026-08-05,64105,46204,5200,2114.06,1843.64,2026-08-05
NWF26080303586,2026-08-03,2026-08-10,90021,48226,785,947.49,867.26,2026-08-10
NWF26080303587,2026-08-03,2026-08-04,46204,38103,814,294.82,261.08,2026-08-06
NWF26080303588,2026-08-03,2026-08-06,84101,75201,2143,1366.57,1166.12,2026-08-06
NWF26080303589,2026-08-03,2026-08-11,98108,07105,634,792.71,670.07,2026-08-11
NWF26080303590,2026-08-03,2026-08-07,55401,98108,366,274.97,257.14,2026-08-09
NWF26080303591,2026-08-03,2026-08-05,60607,46204,2968,882.9,754.44,2026-08-07
NWF26080303592,2026-08-03,2026-08-10,19104,90021,474,499.53,463.18,2026-08-10
NWF26080303593,2026-08-03,2026-08-04,55401,48226,813,383.67,292.25,2026-08-05
NWF26080303594,2026-08-03,2026-08-04,60607,46204,598,171.31,133.07,2026-08-06
NWF26080303595,2026-08-03,2026-08-05,80202,64105,1894,761.71,671.94,2026-08-06
NWF26080303596,2026-08-03,2026-08-05,60607,64105,2660,888.4,722.94,2026-08-07
NWF26080303597,2026-08-03,2026-08-07,98108,46204,881,916.23,889.49,2026-08-09
NWF26080303598,2026-08-03,2026-08-05,30303,48226,1319,526.89,500.15,2026-08-05
NWF26080303599,2026-08-03,2026-08-05,37203,75201,3940,1593.37,1314.33,2026-08-06
NWF26080303600,2026-08-03,2026-08-04,30303,48226,3122,1180.89,1080.56,2026-08-04
NWF26080303601,2026-08-03,2026-08-05,84101,97209,1990,1028.58,838.97,2026-08-06
NWF26080303602,2026-08-03,2026-08-10,90021,46204,549,479.57,487.11,2026-08-11
NWF26080303603,2026-08-03,2026-08-05,37203,75201,337,125.0,92.68,2026-08-06
NWF26080303604,2026-08-03,2026-08-10,30303,98108,2928,2692.46,2277.49,2026-08-15
NWF26080303605,2026-08-03,2026-08-11,19104,90021,1192,1154.81,925.41,2026-08-11
NWF26080303606,2026-08-03,2026-08-05,80202,64105,683,242.3,183.13,2026-08-07
NWF26080403607,2026-08-04,2026-08-06,80202,64105,3462,1228.78,1088.56,2026-08-08
NWF26080403608,2026-08-04,2026-08-06,75201,64105,379,165.22,158.28,2026-08-08
NWF26080403609,2026-08-04,2026-08-05,64105,30303,6670,3206.62,3018.69,2026-08-06
NWF26080403610,2026-08-04,2026-08-05,55401,46204,6532,2252.07,2128.81,2026-08-05
NWF26080403611,2026-08-04,2026-08-10,80202,19104,463,322.64,236.22,2026-08-10
NWF26080403612,2026-08-04,2026-08-06,80202,60607,1167,651.45,620.4,2026-08-06
NWF26080403613,2026-08-04,2026-08-13,19104,97209,1559,1721.08,1673.86,2026-08-15
NWF26080403614,2026-08-04,2026-08-07,90021,97209,2600,1206.81,957.12,2026-08-08
NWF26080403615,2026-08-04,2026-08-06,90021,97209,858,405.29,343.02,2026-08-08
NWF26080403616,2026-08-04,2026-08-07,84101,55401,1369,759.83,594.73,2026-08-07
NWF26080403617,2026-08-04,2026-08-12,19104,90021,460,478.66,409.73,2026-08-13
NWF26080403618,2026-08-04,2026-08-07,30303,19104,833,328.87,298.0,2026-08-07
NWF26080403619,2026-08-04,2026-08-05,80202,64105,814,301.45,288.25,2026-08-05
NWF26080403620,2026-08-04,2026-08-10,64105,98108,3513,2508.48,2337.36,2026-08-10
NWF26080403621,2026-08-04,2026-08-05,60607,46204,1062,318.15,241.87,2026-08-06
NWF26080403622,2026-08-04,2026-08-05,60607,46204,2252,580.35,512.65,2026-08-07
NWF26080403623,2026-08-04,2026-08-11,90021,19104,1131,1194.46,883.73,2026-08-12
NWF26080403624,2026-08-04,2026-08-05,19104,37203,961,367.27,278.14,2026-08-06
NWF26080403625,2026-08-04,2026-08-07,80202,60607,176,125.0,114.99,2026-08-09
NWF26080403626,2026-08-04,2026-08-05,46204,38103,1647,564.19,402.15,2026-08-05
NWF26080403627,2026-08-04,2026-08-05,46204,37203,1837,628.44,535.41,2026-08-07
NWF26080403628,2026-08-04,2026-08-07,55401,48226,396,183.67,171.66,2026-08-07
NWF26080403629,2026-08-04,2026-08-11,48226,84101,629,586.11,492.19,2026-08-21
NWF26080403630,2026-08-04,2026-08-07,46204,77002,900,585.47,720.1,2026-08-07
NWF26080403631,2026-08-04,2026-08-10,30303,84101,805,738.55,607.76,2026-08-12
NWF26080403632,2026-08-04,2026-08-07,75201,37203,737,365.14,302.61,2026-08-08
NWF26080403633,2026-08-04,2026-08-07,80202,64105,462,170.26,166.76,2026-08-07
NWF26080403634,2026-08-04,2026-08-06,80202,64105,3920,1534.63,1143.88,2026-08-06
NWF26080403635,2026-08-04,2026-08-11,46204,97209,344,298.45,219.02,2026-08-13
NWF26080403636,2026-08-04,2026-08-06,55401,48226,1552,710.31,582.08,2026-08-08
NWF26080403637,2026-08-04,2026-08-06,64105,30303,2253,1204.14,1125.62,2026-08-07
NWF26080403638,2026-08-04,2026-08-06,30303,48226,865,313.68,235.53,2026-08-06
NWF26080403639,2026-08-04,2026-08-05,75201,80202,1556,802.51,786.38,2026-08-07
NWF26080403640,2026-08-04,2026-08-12,19104,90021,3348,3186.94,3093.64,2026-08-20
NWF26080403641,2026-08-04,2026-08-07,84101,55401,1217,697.81,626.71,2026-08-08
NWF26080403642,2026-08-04,2026-08-07,30303,85004,3621,2669.48,2560.57,2026-08-09
NWF26080403643,2026-08-04,2026-08-05,37203,46204,1601,364.33,280.2,2026-08-05
NWF26080403644,2026-08-04,2026-08-07,64105,30303,2553,1392.14,1105.65,2026-08-08
NWF26080403645,2026-08-04,2026-08-10,55401,75201,1474,746.82,566.6,2026-08-10
NWF26080403646,2026-08-04,2026-08-06,64105,30303,2120,1059.68,918.5,2026-08-08
NWF26080403647,2026-08-04,2026-08-06,80202,64105,1616,581.8,477.69,2026-08-06
NWF26080403648,2026-08-04,2026-08-06,46204,55401,2213,860.02,699.79,2026-08-11
NWF26080403649,2026-08-04,2026-08-07,80202,60607,321,161.45,172.88,2026-08-08
NWF26080403650,2026-08-04,2026-08-07,55401,07105,1398,713.07,697.38,2026-08-07
NWF26080403651,2026-08-04,2026-08-11,46204,97209,1480,1350.64,1090.85,2026-08-12
NWF26080403652,2026-08-04,2026-08-05,37203,46204,1557,424.67,354.49,2026-08-06
NWF26080403653,2026-08-04,2026-08-07,55401,75201,3701,1990.83,1609.36,2026-08-09
NWF26080403654,2026-08-04,2026-08-07,84101,75201,2715,1741.14,1327.87,2026-08-09
NWF26080403655,2026-08-04,2026-08-10,55401,84101,1651,911.05,705.83,2026-08-10
NWF26080403656,2026-08-04,2026-08-10,84101,75201,2416,1701.01,1402.14,2026-08-11
NWF26080403657,2026-08-04,2026-08-07,80202,64105,632,245.56,178.48,2026-08-07
NWF26080403658,2026-08-04,2026-08-05,60607,46204,732,208.79,175.85,2026-08-07
NWF26080403659,2026-08-04,2026-08-06,55401,46204,2151,758.82,538.6,2026-08-08
NWF26080403660,2026-08-04,2026-08-05,60607,46204,746,204.1,198.2,2026-08-13
NWF26080403661,2026-08-04,2026-08-07,77002,85004,4412,2353.62,1974.52,2026-08-07
NWF26080403662,2026-08-04,2026-08-10,75201,84101,5467,3731.21,3411.3,2026-08-11
NWF26080403663,2026-08-04,2026-08-07,84101,55401,1505,847.92,740.51,2026-08-08
NWF26080403664,2026-08-04,2026-08-07,84101,55401,376,230.13,176.46,2026-08-08
NWF26080403665,2026-08-04,2026-08-12,19104,97209,1970,2044.97,1640.22,2026-08-14
NWF26080403666,2026-08-04,2026-08-12,19104,97209,1565,1914.82,1621.44,2026-08-14
NWF26080403667,2026-08-04,2026-08-05,60607,46204,1105,306.18,284.18,2026-08-06
NWF26080403668,2026-08-04,2026-08-05,55401,46204,969,305.69,259.66,2026-08-05
NWF26080403669,2026-08-04,2026-08-06,46204,55401,1702,676.12,530.64,2026-08-08
NWF26080403670,2026-08-04,2026-08-06,19104,37203,863,377.95,357.22,2026-08-08
NWF26080403671,2026-08-04,2026-08-11,46204,97209,181,162.26,151.67,2026-08-13
NWF26080403672,2026-08-04,2026-08-11,46204,97209,1077,995.68,822.98,2026-08-11
NWF26080403673,2026-08-04,2026-08-13,90021,19104,4179,4746.91,3677.02,2026-08-14
NWF26080403674,2026-08-04,2026-08-07,84101,55401,204,125.0,96.76,2026-08-07
NWF26080403675,2026-08-04,2026-08-05,37203,46204,2294,606.79,433.82,2026-08-07
NWF26080403676,2026-08-04,2026-08-10,75201,84101,949,658.72,509.5,2026-08-12
NWF26080403677,2026-08-04,2026-08-05,60607,46204,841,223.37,208.55,2026-08-06
NWF26080403678,2026-08-04,2026-08-05,64105,30303,236,125.0,112.2,2026-08-05
NWF26080503679,2026-08-05,2026-08-12,46204,97209,579,512.55,610.0,2026-08-14
NWF26080503680,2026-08-05,2026-08-11,48226,85004,1482,1358.99,974.3,2026-08-13
NWF26080503681,2026-08-05,2026-08-11,55401,98108,6359,4266.09,3844.85,2026-08-13
NWF26080503682,2026-08-05,2026-08-10,84101,64105,631,313.97,276.45,2026-08-12
NWF26080503683,2026-08-05,2026-08-11,80202,60607,2107,1186.68,996.22,2026-08-11
NWF26080503684,2026-08-05,2026-08-14,98108,07105,4641,5318.88,4585.19,2026-08-16
NWF26080503685,2026-08-05,2026-08-12,90021,46204,743,710.75,602.54,2026-08-13
NWF26080503686,2026-08-05,2026-08-10,55401,46204,2410,811.88,743.07,2026-08-15
NWF26080503687,2026-08-05,2026-08-13,19104,97209,949,1008.15,757.84,2026-08-13
NWF26080503688,2026-08-05,2026-08-07,75201,37203,843,421.25,388.28,2026-08-07
NWF26080503689,2026-08-05,2026-08-10,84101,55401,452,261.54,237.71,2026-08-11
NWF26080503690,2026-08-05,2026-08-06,75201,80202,4591,2405.44,2290.65,2026-08-06
NWF26080503691,2026-08-05,2026-08-07,80202,64105,2184,806.87,706.01,2026-08-07
NWF26080503692,2026-08-05,2026-08-07,64105,30303,2013,993.29,701.24,2026-08-07
NWF26080503693,2026-08-05,2026-08-11,90021,46204,3746,3585.65,4121.02,2026-08-11
NWF26080503694,2026-08-05,2026-08-12,98108,46204,311,271.22,203.52,2026-08-12
NWF26080503695,2026-08-05,2026-08-07,75201,37203,5408,2622.09,1904.05,2026-08-07
NWF26080503696,2026-08-05,2026-08-07,80202,64105,158,125.0,88.64,2026-08-08
NWF26080503697,2026-08-05,2026-08-07,46204,37203,825,291.73,233.53,2026-08-09
NWF26080503698,2026-08-05,2026-08-10,55401,75201,2756,1486.4,1138.99,2026-08-10
NWF26080503699,2026-08-05,2026-08-07,55401,46204,1221,384.3,324.45,2026-08-07
NWF26080503700,2026-08-05,2026-08-06,60607,46204,264,125.0,103.85,2026-08-11
NWF26080503701,2026-08-05,2026-08-07,84101,75201,1653,1168.51,858.5,2026-08-08
NWF26080503702,2026-08-05,2026-08-07,75201,60607,726,417.72,371.38,2026-08-09
NWF26080503703,2026-08-05,2026-08-11,64105,98108,1597,1141.71,1305.01,2026-08-21
NWF26080503704,2026-08-05,2026-08-11,48226,85004,960,809.34,667.07,2026-08-12
NWF26080503705,2026-08-05,2026-08-12,98108,07105,715,957.81,726.88,2026-08-14
NWF26080503706,2026-08-05,2026-08-10,46204,19104,774,361.0,286.03,2026-08-12
NWF26080503707,2026-08-05,2026-08-11,55401,85004,1379,1154.12,927.43,2026-08-11
NWF26080503708,2026-08-05,2026-08-06,64105,30303,860,473.23,438.89,2026-08-07
NWF26080503709,2026-08-05,2026-08-06,60607,46204,900,245.51,239.45,2026-08-08
NWF26080503710,2026-08-05,2026-08-11,84101,75201,460,324.29,303.77,2026-08-11
NWF26080503711,2026-08-05,2026-08-07,46204,55401,2114,849.37,710.75,2026-08-09
NWF26080503712,2026-08-05,2026-08-07,64105,30303,2727,1365.0,1467.76,2026-08-07
NWF26080503713,2026-08-05,2026-08-10,75201,84101,2107,1254.38,900.11,2026-08-10
NWF26080503714,2026-08-05,2026-08-11,80202,19104,887,726.99,788.6,2026-08-12
NWF26080503715,2026-08-05,2026-08-12,64105,98108,2592,1820.87,1446.03,2026-08-12
NWF26080503716,2026-08-05,2026-08-10,37203,75201,1105,478.46,363.68,2026-08-12
NWF26080503717,2026-08-05,2026-08-10,55401,07105,2601,1320.7,1227.86,2026-08-11
NWF26080503718,2026-08-05,2026-08-12,90021,30303,2023,2000.63,1825.69,2026-08-12
NWF26080503719,2026-08-05,2026-08-06,37203,64105,1074,420.11,331.84,2026-08-16
NWF26080503720,2026-08-05,2026-08-06,60607,46204,594,179.45,164.73,2026-08-06
NWF26080503721,2026-08-05,2026-08-07,84101,75201,1112,788.79,747.25,2026-08-08
NWF26080503722,2026-08-05,2026-08-13,19104,97209,592,686.31,595.18,2026-08-13
NWF26080503723,2026-08-05,2026-08-10,75201,85004,731,369.67,332.07,2026-08-12
NWF26080503724,2026-08-05,2026-08-07,64105,30303,1591,850.53,992.8,2026-08-14
NWF26080503725,2026-08-05,2026-08-10,64105,98108,1283,907.0,876.69,2026-08-10
NWF26080503726,2026-08-05,2026-08-07,55401,46204,1562,515.16,425.92,2026-08-07
NWF26080503727,2026-08-05,2026-08-11,84101,55401,1524,913.46,686.89,2026-08-12
NWF26080503728,2026-08-05,2026-08-06,46204,37203,457,146.62,163.59,2026-08-06
NWF26080503729,2026-08-05,2026-08-06,90021,97209,6437,3229.88,2653.5,2026-08-08
NWF26080503730,2026-08-05,2026-08-14,19104,90021,1145,1138.34,991.07,2026-08-16
NWF26080503731,2026-08-05,2026-08-10,55401,75201,230,125.0,115.26,2026-08-10
NWF26080503732,2026-08-05,2026-08-10,80202,60607,406,207.12,182.89,2026-08-10
NWF26072903350,2026-07-29,2026-08-03,97209,80202,1125,591.61,472.55,2026-08-04
NWF26080503733,2026-08-05,2026-08-10,55401,98108,3231,2325.02,1634.74,2026-08-11
NWF26080503734,2026-08-05,2026-08-07,84101,97209,3889,1870.26,1830.76,2026-08-09
NWF26080503735,2026-08-05,2026-08-12,90021,30303,843,880.13,652.05,2026-08-13
NWF26080503736,2026-08-05,2026-08-06,30303,48226,1378,480.78,399.51,2026-08-07
NWF26080503737,2026-08-05,2026-08-06,30303,19104,815,319.95,261.02,2026-08-07
NWF26080503738,2026-08-05,2026-08-12,55401,85004,2516,1914.16,1768.73,2026-08-14
NWF26080503739,2026-08-05,2026-08-07,30303,48226,1281,508.26,363.48,2026-08-09
NWF26080503740,2026-08-05,2026-08-12,98108,19104,791,990.05,765.43,2026-08-13
NWF26080503741,2026-08-05,2026-08-10,64105,30303,1202,627.35,503.72,2026-08-11
NWF26080503742,2026-08-05,2026-08-06,46204,55401,886,313.43,245.01,2026-08-07
NWF26080503743,2026-08-05,2026-08-07,55401,75201,1308,663.06,473.55,2026-08-07
NWF26080503744,2026-08-05,2026-08-06,60607,46204,1571,454.38,420.41,2026-08-06
NWF26080503745,2026-08-05,2026-08-07,64105,30303,4419,2112.63,1530.65,2026-08-07
NWF26080503746,2026-08-05,2026-08-07,75201,60607,2490,1591.4,1514.59,2026-08-07
NWF26080503747,2026-08-05,2026-08-06,60607,64105,3006,953.63,742.08,2026-08-06
NWF26080503748,2026-08-05,2026-08-07,80202,64105,4091,1405.22,1532.96,2026-08-09
NWF26080503749,2026-08-05,2026-08-07,48226,80202,775,513.87,471.72,2026-08-08
NWF26080503750,2026-08-05,2026-08-11,90021,46204,1715,1390.55,980.76,2026-08-13
NWF26080503751,2026-08-05,2026-08-07,46204,38103,1409,513.27,483.94,2026-08-09
NWF26080503752,2026-08-05,2026-08-13,90021,19104,1974,1977.61,1426.86,2026-08-13
NWF26080503753,2026-08-05,2026-08-10,84101,64105,1587,785.64,755.82,2026-08-11
NWF26080503754,2026-08-05,2026-08-07,75201,80202,610,316.55,260.89,2026-08-07
NWF26080503755,2026-08-05,2026-08-10,55401,48226,1143,481.07,366.61,2026-08-11
NWF26080503756,2026-08-05,2026-08-13,98108,07105,842,1034.85,846.38,2026-08-15
NWF26080503757,2026-08-05,2026-08-10,97209,80202,1959,928.34,768.03,2026-08-10
NWF26080503758,2026-08-05,2026-08-14,90021,19104,639,753.23,671.77,2026-08-14
NWF26080503759,2026-08-05,2026-08-06,46204,38103,324,125.0,100.91,2026-08-06
NWF26080503760,2026-08-05,2026-08-12,98108,46204,3881,3930.51,3383.45,2026-08-12
NWF26080503761,2026-08-05,2026-08-07,60607,46204,959,281.49,252.29,2026-08-08
NWF26080503762,2026-08-05,2026-08-06,37203,64105,469,177.01,131.1,2026-08-06
NWF26080503763,2026-08-05,2026-08-07,30303,19104,832,330.88,301.09,2026-08-09
NWF26080503764,2026-08-05,2026-08-07,84101,64105,216,125.0,89.77,2026-08-15
NWF26080503765,2026-08-05,2026-08-07,30303,19104,1073,422.81,329.64,2026-08-07
NWF26080503766,2026-08-05,2026-08-10,46204,77002,820,475.45,427.15,2026-08-10
NWF26080503767,2026-08-05,2026-08-11,55401,75201,775,399.35,351.08,2026-08-11
NWF26080503768,2026-08-05,2026-08-07,77002,85004,2564,1321.86,993.38,2026-08-07
NWF26080503769,2026-08-05,2026-08-10,64105,98108,4967,3652.87,3498.43,2026-08-12
NWF26080503770,2026-08-05,2026-08-10,37203,64105,903,358.02,288.77,2026-08-12
NWF26080503771,2026-08-05,2026-08-10,55401,75201,1353,770.28,706.18,2026-08-10
NWF26080503772,2026-08-05,2026-08-10,84101,75201,2415,1603.46,1368.54,2026-08-11
NWF26080603773,2026-08-06,2026-08-10,30303,48226,1714,670.22,622.41,2026-08-11
NWF26080603774,2026-08-06,2026-08-13,90021,46204,3131,2974.52,2806.85,2026-08-15
NWF26080603775,2026-08-06,2026-08-10,64105,30303,3368,1827.57,1715.54,2026-08-10
NWF26080603776,2026-08-06,2026-08-07,60607,46204,450,125.4,118.7,2026-08-09
NWF26080603777,2026-08-06,2026-08-13,55401,98108,857,626.19,646.34,2026-08-15
NWF26080603778,2026-08-06,2026-08-13,98108,46204,359,344.14,324.26,2026-08-21
NWF26080603779,2026-08-06,2026-08-13,90021,19104,2821,2803.18,2471.89,2026-08-13
NWF26080603780,2026-08-06,2026-08-14,98108,46204,459,399.31,301.46,2026-08-16
NWF26080603781,2026-08-06,2026-08-12,75201,85004,4865,2726.66,2263.63,2026-08-12
NWF26080603782,2026-08-06,2026-08-11,48226,80202,2169,1400.2,1178.72,2026-08-11
NWF26080603783,2026-08-06,2026-08-07,60607,46204,1045,306.8,292.83,2026-08-08
NWF26080603784,2026-08-06,2026-08-11,55401,75201,751,395.89,289.55,2026-08-11
NWF26080603785,2026-08-06,2026-08-07,30303,19104,726,296.98,279.02,2026-08-09
NWF26080603786,2026-08-06,2026-08-11,84101,75201,6359,4367.5,3802.99,2026-08-12
NWF26080603787,2026-08-06,2026-08-14,90021,46204,929,874.64,789.18,2026-08-14
NWF26080603788,2026-08-06,2026-08-13,90021,46204,773,741.44,622.63,2026-08-15
NWF26080603789,2026-08-06,2026-08-07,19104,37203,1901,766.99,616.97,2026-08-08
NWF26080603790,2026-08-06,2026-08-12,84101,55401,834,436.12,315.08,2026-08-13
NWF26080603791,2026-08-06,2026-08-10,46204,38103,1587,637.9,466.53,2026-08-12
NWF26080603792,2026-08-06,2026-08-07,60607,46204,831,211.46,185.15,2026-08-08
NWF26080603793,2026-08-06,2026-08-12,64105,98108,1525,1095.48,1006.98,2026-08-19
NWF26080603794,2026-08-06,2026-08-07,75201,60607,337,180.64,156.7,2026-08-08
NWF26080603795,2026-08-06,2026-08-11,30303,85004,1409,1034.48,840.93,2026-08-11
NWF26080603796,2026-08-06,2026-08-10,07105,55401,1006,702.82,524.48,2026-08-10
NWF26080603797,2026-08-06,2026-08-10,48226,80202,2101,1261.83,1212.82,2026-08-12
NWF26080603798,2026-08-06,2026-08-13,77002,98108,9802,8033.05,7328.15,2026-08-14
NWF26080603799,2026-08-06,2026-08-10,37203,75201,2363,932.0,872.92,2026-08-10
NWF26080603800,2026-08-06,2026-08-07,46204,19104,670,303.83,239.84,2026-08-16
NWF26080603801,2026-08-06,2026-08-11,46204,19104,2345,1003.59,867.63,2026-08-11
NWF26080603802,2026-08-06,2026-08-11,30303,19104,2645,1148.31,923.8,2026-08-11
NWF26080603803,2026-08-06,2026-08-17,90021,19104,922,935.95,795.59,2026-08-17
NWF26080603804,2026-08-06,2026-08-12,98108,46204,1509,1413.97,1290.28,2026-08-14
NWF26080603805,2026-08-06,2026-08-11,19104,37203,977,413.66,297.37,2026-08-17
NWF26080603806,2026-08-06,2026-08-07,60607,46204,931,249.48,215.47,2026-08-07
NWF26080603807,2026-08-06,2026-08-07,60607,64105,3213,1205.26,1051.21,2026-08-09
NWF26080603808,2026-08-06,2026-08-10,84101,64105,4661,2321.98,2256.77,2026-08-11
NWF26080603809,2026-08-06,2026-08-11,55401,84101,1272,774.96,731.39,2026-08-19
NWF26080603810,2026-08-06,2026-08-12,30303,84101,1000,830.74,619.36,2026-08-12
NWF26080603811,2026-08-06,2026-08-13,98108,07105,799,1057.27,790.3,2026-08-14
NWF26080603812,2026-08-06,2026-08-07,80202,64105,1115,395.68,319.62,2026-08-08
NWF26080603813,2026-08-06,2026-08-10,75201,60607,490,301.15,215.07,2026-08-12
NWF26080603814,2026-08-06,2026-08-10,55401,46204,2248,695.54,523.86,2026-08-12
NWF26080603815,2026-08-06,2026-08-11,90021,97209,701,373.35,278.65,2026-08-12
NWF26080603816,2026-08-06,2026-08-10,30303,48226,1183,463.06,380.69,2026-08-12
NWF26080603817,2026-08-06,2026-08-11,84101,55401,3010,1628.0,1446.89,2026-08-13
NWF26080603818,2026-08-06,2026-08-14,98108,46204,662,688.76,636.43,2026-08-16
NWF26080603819,2026-08-06,2026-08-11,90021,97209,1057,535.31,389.54,2026-08-13
NWF26080603820,2026-08-06,2026-08-11,75201,85004,568,331.89,260.58,2026-08-13
NWF26080603821,2026-08-06,2026-08-13,46204,97209,1742,1434.64,1233.39,2026-08-15
NWF26080603822,2026-08-06,2026-08-12,84101,64105,1001,480.22,352.42,2026-08-13
NWF26080703823,2026-08-07,2026-08-17,30303,98108,752,709.55,619.72,2026-08-22
NWF26080703824,2026-08-07,2026-08-17,19104,90021,1940,2192.98,1775.18,2026-08-19
NWF26080703825,2026-08-07,2026-08-12,46204,19104,1560,801.38,695.57,2026-08-13
NWF26080703826,2026-08-07,2026-08-14,90021,19104,765,776.8,634.32,2026-08-14
NWF26080703827,2026-08-07,2026-08-11,75201,80202,813,425.61,404.28,2026-08-13
NWF26080703828,2026-08-07,2026-08-17,19104,90021,469,511.43,485.05,2026-08-19
NWF26080703829,2026-08-07,2026-08-13,30303,85004,112,125.0,90.36,2026-08-13
NWF26080703830,2026-08-07,2026-08-12,75201,80202,509,255.42,181.61,2026-08-12
NWF26080703831,2026-08-07,2026-08-18,19104,90021,2765,2980.01,2836.78,2026-08-19
NWF26080703832,2026-08-07,2026-08-11,30303,19104,2161,967.64,809.24,2026-08-12
NWF26080703833,2026-08-07,2026-08-17,19104,97209,750,892.93,630.17,2026-08-18
NWF26080703834,2026-08-07,2026-08-12,60607,64105,3954,1479.27,1435.82,2026-08-12
NWF26080703835,2026-08-07,2026-08-14,98108,07105,719,983.58,808.82,2026-08-16
NWF26080703836,2026-08-07,2026-08-12,84101,75201,1796,1247.91,1136.46,2026-08-14
NWF26080703837,2026-08-07,2026-08-12,64105,98108,1987,1405.42,1300.55,2026-08-14
NWF26080703838,2026-08-07,2026-08-10,46204,55401,1144,460.67,343.94,2026-08-12
NWF26080703839,2026-08-07,2026-08-10,46204,38103,132,125.0,95.58,2026-08-17
NWF26080703840,2026-08-07,2026-08-10,60607,46204,1101,289.4,209.13,2026-08-11
NWF26080703841,2026-08-07,2026-08-10,37203,46204,2221,587.41,572.93,2026-08-11
NWF26080703842,2026-08-07,2026-08-11,37203,64105,1827,734.47,677.08,2026-08-12
NWF26080703843,2026-08-07,2026-08-11,30303,48226,100,125.0,89.97,2026-08-12
NWF26080703844,2026-08-07,2026-08-12,80202,30303,849,574.87,491.33,2026-08-14
NWF26080703845,2026-08-07,2026-08-12,75201,85004,5221,2817.13,2126.71,2026-08-14
NWF26080703846,2026-08-07,2026-08-11,30303,19104,1086,434.53,374.96,2026-08-11
NWF26080703847,2026-08-07,2026-08-12,19104,37203,464,178.72,130.47,2026-08-12
NWF26080703848,2026-08-07,2026-08-11,30303,48226,846,352.9,358.62,2026-08-12
NWF26080703849,2026-08-07,2026-08-18,90021,19104,795,912.57,854.27,2026-08-18
NWF26080703850,2026-08-07,2026-08-12,75201,80202,1913,1034.67,756.73,2026-08-12
NWF26080703851,2026-08-07,2026-08-18,90021,19104,2288,2388.07,2303.22,2026-08-20
NWF26080703852,2026-08-07,2026-08-13,84101,75201,3768,2360.01,2036.16,2026-08-13
NWF26080703853,2026-08-07,2026-08-11,64105,46204,261,125.0,122.17,2026-08-13
NWF26080703854,2026-08-07,2026-08-10,55401,46204,759,270.92,245.17,2026-08-11
NWF26080703855,2026-08-07,2026-08-12,84101,75201,2417,1545.36,1318.5,2026-08-14
NWF26080703856,2026-08-07,2026-08-12,30303,19104,665,274.6,202.58,2026-08-12
NWF26080703857,2026-08-07,2026-08-11,48226,07105,1622,625.47,548.57,2026-08-12
NWF26080703858,2026-08-07,2026-08-10,60607,46204,2918,876.14,664.72,2026-08-11
NWF26080703859,2026-08-07,2026-08-11,46204,55401,838,307.59,232.96,2026-08-11
NWF26080503722,2026-08-05,2026-08-13,19104,97209,592,709.53,615.32,2026-08-15
NWF26080703860,2026-08-07,2026-08-12,55401,48226,980,429.82,344.97,2026-08-21
NWF26080703861,2026-08-07,2026-08-17,19104,90021,431,488.58,362.08,2026-08-19
NWF26080703862,2026-08-07,2026-08-12,37203,75201,657,270.05,198.9,2026-08-12
NWF26080703863,2026-08-07,2026-08-10,75201,64105,3927,1672.25,1611.15,2026-08-11
NWF26080703864,2026-08-07,2026-08-13,75201,84101,1320,814.91,584.94,2026-08-15
NWF26080703865,2026-08-07,2026-08-12,46204,19104,3846,1664.99,1618.15,2026-08-14
NWF26080703866,2026-08-07,2026-08-10,60607,46204,734,204.85,145.62,2026-08-11
NWF26080703867,2026-08-07,2026-08-18,19104,90021,2442,2532.67,2360.78,2026-08-20
NWF26080703868,2026-08-07,2026-08-12,64105,30303,424,231.04,193.98,2026-08-13
NWF26080703869,2026-08-07,2026-08-12,84101,55401,2606,1497.43,1181.95,2026-08-14
NWF26080703870,2026-08-07,2026-08-12,84101,64105,776,368.36,295.16,2026-08-14
NWF26080703871,2026-08-07,2026-08-12,46204,55401,897,320.03,274.52,2026-08-12
NWF26080703872,2026-08-07,2026-08-11,55401,46204,566,188.43,166.55,2026-08-12
NWF26080703873,2026-08-07,2026-08-12,84101,75201,1022,627.07,495.07,2026-08-22
NWF26080703874,2026-08-07,2026-08-10,90021,97209,2191,1120.78,942.5,2026-08-10
NWF26080703875,2026-08-07,2026-08-17,19104,97209,1304,1545.91,1838.12,2026-08-18
NWF26080703876,2026-08-07,2026-08-11,90021,97209,661,337.45,270.89,2026-08-12
NWF26080703877,2026-08-07,2026-08-13,80202,60607,1221,624.8,603.74,2026-08-13
NWF26080703878,2026-08-07,2026-08-11,90021,97209,1384,689.5,562.66,2026-08-11
NWF26080703879,2026-08-07,2026-08-11,55401,46204,1335,425.05,336.37,2026-08-13
NWF26080703880,2026-08-07,2026-08-10,46204,37203,843,268.43,219.7,2026-08-11
NWF26080703881,2026-08-07,2026-08-17,19104,97209,238,282.87,257.79,2026-08-18
NWF26080803882,2026-08-08,2026-08-11,46204,77002,2949,1808.96,1641.43,2026-08-11
NWF26080803883,2026-08-08,2026-08-13,30303,85004,2447,1764.11,1374.42,2026-08-15
NWF26080803884,2026-08-08,2026-08-11,46204,55401,529,225.67,173.45,2026-08-12
NWF26080803885,2026-08-08,2026-08-13,80202,19104,2261,1812.26,1352.84,2026-08-14
NWF26080803886,2026-08-08,2026-08-14,90021,48226,883,1068.5,828.97,2026-08-15
NWF26080803887,2026-08-08,2026-08-17,90021,19104,3087,3084.6,2860.98,2026-08-17
NWF26080903888,2026-08-09,2026-08-11,30303,48226,183,125.0,94.69,2026-08-12
NWF26080903889,2026-08-09,2026-08-13,84101,64105,325,180.21,127.51,2026-08-22
NWF26080903890,2026-08-09,2026-08-12,75201,84101,784,505.07,615.07,2026-08-12
NWF26080903891,2026-08-09,2026-08-12,46204,77002,1023,660.75,607.61,2026-08-14
NWF26081003892,2026-08-10,2026-08-14,64105,98108,1968,1329.06,976.37,2026-08-16
NWF26081003893,2026-08-10,2026-08-12,90021,97209,1797,843.48,623.89,2026-08-14
NWF26081003894,2026-08-10,2026-08-11,84101,97209,2694,1300.92,1192.57,2026-08-11
NWF26081003895,2026-08-10,2026-08-11,30303,48226,336,125.38,106.5,2026-08-13
NWF26081003896,2026-08-10,2026-08-17,98108,46204,817,733.54,627.5,2026-08-19
NWF26081003897,2026-08-10,2026-08-14,90021,48226,413,516.3,409.59,2026-08-16
NWF26081003898,2026-08-10,2026-08-13,80202,64105,192,125.0,105.3,2026-08-13
NWF26081003899,2026-08-10,2026-08-18,90021,46204,3378,2826.31,2533.35,2026-08-19
NWF26081003900,2026-08-10,2026-08-13,07105,55401,5107,3352.53,3710.53,2026-08-13
NWF26081003901,2026-08-10,2026-08-12,46204,38103,1003,380.47,280.79,2026-08-12
NWF26081003902,2026-08-10,2026-08-12,37203,75201,2027,780.63,591.88,2026-08-14
NWF26081003903,2026-08-10,2026-08-17,90021,46204,1876,1741.65,1229.25,2026-08-17
NWF26081003904,2026-08-10,2026-08-18,90021,19104,742,877.54,676.51,2026-08-20
NWF26081003905,2026-08-10,2026-08-11,46204,38103,521,200.1,195.63,2026-08-11
NWF26081003906,2026-08-10,2026-08-12,75201,60607,2623,1525.48,1129.06,2026-08-14
NWF26081003907,2026-08-10,2026-08-14,55401,98108,5540,3761.74,2764.22,2026-08-14
NWF26081003908,2026-08-10,2026-08-18,98108,19104,2404,3022.0,2620.97,2026-08-19
NWF26081003909,2026-08-10,2026-08-17,55401,98108,1230,810.57,777.26,2026-08-19
NWF26081003910,2026-08-10,2026-08-13,80202,30303,1986,1221.7,1128.31,2026-08-15
NWF26081003911,2026-08-10,2026-08-11,60607,46204,8153,2457.95,1839.83,2026-08-12
NWF26081003912,2026-08-10,2026-08-11,37203,46204,480,125.0,92.53,2026-08-11
NWF26081003913,2026-08-10,2026-08-18,98108,19104,301,395.07,294.4,2026-08-19
NWF26081003914,2026-08-10,2026-08-17,46204,97209,4141,3281.47,2672.51,2026-08-19
NWF26081003915,2026-08-10,2026-08-14,77002,98108,891,689.12,513.9,2026-08-14
NWF26081003916,2026-08-10,2026-08-11,37203,75201,3736,1608.16,1444.22,2026-08-13
NWF26081003917,2026-08-10,2026-08-11,60607,46204,638,182.03,136.07,2026-08-13
NWF26081003918,2026-08-10,2026-08-14,48226,84101,442,398.05,332.3,2026-08-16
NWF26081003919,2026-08-10,2026-08-13,64105,30303,1985,1095.48,1018.34,2026-08-13
NWF26081003920,2026-08-10,2026-08-12,84101,55401,569,358.37,311.86,2026-08-12
NWF26081003921,2026-08-10,2026-08-13,48226,80202,475,294.37,268.42,2026-08-15
NWF26081003922,2026-08-10,2026-08-11,60607,46204,388,125.0,100.89,2026-08-11
NWF26081003923,2026-08-10,2026-08-14,46204,97209,1349,1051.34,789.37,2026-08-14
NWF26081003924,2026-08-10,2026-08-11,64105,46204,1310,526.15,513.88,2026-08-11
NWF26081003925,2026-08-10,2026-08-13,75201,60607,1035,658.49,480.39,2026-08-13
NWF26081003926,2026-08-10,2026-08-18,90021,19104,998,1059.55,842.52,2026-08-20
NWF26081003927,2026-08-10,2026-08-14,80202,19104,3299,2599.03,2201.73,2026-08-14
NWF26081003928,2026-08-10,2026-08-11,60607,46204,1336,379.17,332.12,2026-08-11
NWF26081003929,2026-08-10,2026-08-12,55401,46204,1060,391.14,350.43,2026-08-12
NWF26081003930,2026-08-10,2026-08-14,97209,80202,588,313.08,287.51,2026-08-15
NWF26081003931,2026-08-10,2026-08-12,84101,64105,564,261.34,322.49,2026-08-14
NWF26081003932,2026-08-10,2026-08-17,90021,48226,12000,13708.96,9641.52,2026-08-17
NWF26081003933,2026-08-10,2026-08-17,48226,84101,1457,1331.75,1062.57,2026-08-18
NWF26081003934,2026-08-10,2026-08-18,98108,07105,4289,4908.04,3901.19,2026-08-19
NWF26081003935,2026-08-10,2026-08-12,30303,19104,8331,3251.23,2501.72,2026-08-14
NWF26081003936,2026-08-10,2026-08-12,30303,48226,1204,503.4,367.09,2026-08-20
NWF26081003937,2026-08-10,2026-08-18,98108,19104,603,771.41,955.48,2026-08-19
NWF26081003938,2026-08-10,2026-08-11,07105,19104,1359,334.23,320.91,2026-08-13
NWF26081003939,2026-08-10,2026-08-17,90021,19104,3668,4426.22,3645.67,2026-08-19
NWF26081003940,2026-08-10,2026-08-17,46204,97209,1116,1024.93,986.07,2026-08-19
NWF26081003941,2026-08-10,2026-08-19,19104,90021,996,1082.8,774.52,2026-08-20
NWF26081003942,2026-08-10,2026-08-11,60607,46204,3527,908.2,749.56,2026-08-12
NWF26081003943,2026-08-10,2026-08-13,64105,98108,2785,1899.25,1368.02,2026-08-13
NWF26081003944,2026-08-10,2026-08-17,46204,97209,770,665.75,493.47,2026-08-18
NWF26081003945,2026-08-10,2026-08-13,64105,98108,748,543.86,508.32,2026-08-13
NWF26081003946,2026-08-10,2026-08-17,90021,30303,2151,2068.31,1963.83,2026-08-17
NWF26081003947,2026-08-10,2026-08-12,60607,64105,738,276.08,220.23,2026-08-12
NWF26081003948,2026-08-10,2026-08-11,07105,19104,932,217.05,153.13,2026-08-12
NWF26081003949,2026-08-10,2026-08-12,19104,37203,2408,993.98,708.64,2026-08-12
NWF26081003950,2026-08-10,2026-08-18,90021,19104,237,286.35,266.34,2026-08-18
NWF26081003951,2026-08-10,2026-08-12,60607,46204,565,159.57,139.25,2026-08-14
NWF26081003952,2026-08-10,2026-08-17,98108,46204,1396,1213.11,1018.58,2026-08-26
NWF26081003953,2026-08-10,2026-08-13,55401,84101,749,487.36,448.13,2026-08-15
NWF26081003954,2026-08-10,2026-08-17,46204,97209,1367,1282.78,968.7,2026-08-19
NWF26081003955,2026-08-10,2026-08-14,84101,55401,1305,688.92,551.26,2026-08-15
NWF26081003956,2026-08-10,2026-08-11,75201,60607,2174,1247.54,1048.49,2026-08-11
NWF26081003957,2026-08-10,2026-08-13,07105,55401,1558,980.37,733.02,2026-08-19
NWF26081003958,2026-08-10,2026-08-12,64105,46204,1411,524.92,471.62,2026-08-20
NWF26081003959,2026-08-10,2026-08-11,60607,46204,244,125.0,107.98,2026-08-11
NWF26081003960,2026-08-10,2026-08-18,19104,90021,1910,2119.85,1566.17,2026-08-20
NWF26081003961,2026-08-10,2026-08-12,84101,97209,1717,814.44,673.5,2026-08-13
NWF26081003962,2026-08-10,2026-08-12,75201,60607,1810,1161.38,1024.31,2026-08-13
NWF26081003963,2026-08-10,2026-08-18,19104,90021,2102,2209.17,2098.15,2026-08-25
NWF26081003964,2026-08-10,2026-08-12,46204,38103,251,125.0,120.61,2026-08-13
NWF26081003965,2026-08-10,2026-08-14,98108,46204,2285,2342.81,1955.27,2026-08-24
NWF26081003966,2026-08-10,2026-08-18,98108,19104,1400,1646.99,1448.38,2026-08-19
NWF26081103967,2026-08-11,2026-08-17,46204,97209,1076,949.15,802.45,2026-08-19
NWF26081103968,2026-08-11,2026-08-12,55401,46204,956,299.53,245.83,2026-08-13
NWF26081103969,2026-08-11,2026-08-17,80202,19104,1037,800.97,680.93,2026-08-19
NWF26081103970,2026-08-11,2026-08-14,55401,46204,2402,735.67,679.84,2026-08-15
NWF26081103971,2026-08-11,2026-08-12,64105,30303,2756,1319.31,956.38,2026-08-12
NWF26081103972,2026-08-11,2026-08-14,97209,80202,1449,738.34,568.85,2026-08-16
NWF26081103973,2026-08-11,2026-08-17,55401,85004,783,592.1,508.89,2026-08-18
NWF26081103974,2026-08-11,2026-08-13,46204,55401,12000,4529.29,4067.77,2026-08-13
NWF26081103975,2026-08-11,2026-08-17,55401,98108,612,451.59,327.37,2026-08-18
NWF26081103976,2026-08-11,2026-08-12,37203,75201,3805,1619.5,1431.6,2026-08-14
NWF26081103977,2026-08-11,2026-08-17,98108,46204,248,238.9,211.67,2026-08-17
NWF26081103978,2026-08-11,2026-08-20,19104,90021,2710,2945.36,2880.83,2026-08-20
NWF26081103979,2026-08-11,2026-08-14,30303,85004,1078,803.24,656.93,2026-08-14
NWF26081103980,2026-08-11,2026-08-12,30303,48226,830,340.96,318.53,2026-08-13
NWF26081103981,2026-08-11,2026-08-13,46204,55401,1274,506.63,494.6,2026-08-13
NWF26081103982,2026-08-11,2026-08-19,19104,97209,4176,4368.09,4019.76,2026-08-19
NWF26081103983,2026-08-11,2026-08-13,46204,55401,4396,1575.15,1159.33,2026-08-15
NWF26081103984,2026-08-11,2026-08-13,46204,19104,588,269.43,248.69,2026-08-15
NWF26081103985,2026-08-11,2026-08-13,84101,97209,1898,852.56,677.14,2026-08-15
NWF26081103986,2026-08-11,2026-08-13,64105,30303,1804,882.55,664.39,2026-08-14
NWF26081103987,2026-08-11,2026-08-14,97209,80202,4455,2091.25,1495.29,2026-08-16
NWF26081103988,2026-08-11,2026-08-14,84101,55401,967,517.37,403.17,2026-08-14
NWF26081103989,2026-08-11,2026-08-14,75201,84101,662,440.12,334.25,2026-08-16
NWF26081103990,2026-08-11,2026-08-13,30303,19104,9700,4100.44,4372.09,2026-08-14
NWF26081103991,2026-08-11,2026-08-13,19104,37203,1906,701.7,600.68,2026-08-15
NWF26081103992,2026-08-11,2026-08-17,80202,19104,3679,2868.48,2401.1,2026-08-24
NWF26081103993,2026-08-11,2026-08-12,30303,48226,1200,457.62,349.19,2026-08-12
NWF26081103994,2026-08-11,2026-08-13,07105,55401,1074,716.14,638.32,2026-08-15
NWF26081103995,2026-08-11,2026-08-18,46204,97209,1674,1501.04,1400.52,2026-08-23
NWF26081103996,2026-08-11,2026-08-14,55401,98108,2509,1686.92,1204.72,2026-08-16
NWF26081103997,2026-08-11,2026-08-18,64105,98108,5414,3715.53,3528.49,2026-08-18
NWF26081103998,2026-08-11,2026-08-13,64105,30303,4710,2638.63,2292.56,2026-08-13
NWF26081103999,2026-08-11,2026-08-13,55401,75201,369,178.58,147.09,2026-08-15
NWF26081104000,2026-08-11,2026-08-14,55401,84101,651,353.78,276.16,2026-08-15
NWF26081104001,2026-08-11,2026-08-17,55401,98108,830,626.63,562.55,2026-08-19
NWF26081104002,2026-08-11,2026-08-14,80202,60607,797,445.82,361.05,2026-08-14
NWF26081104003,2026-08-11,2026-08-14,84101,55401,2137,1253.5,966.21,2026-08-16
NWF26081104004,2026-08-11,2026-08-18,90021,48226,1731,2146.53,1767.89,2026-08-19
NWF26081104005,2026-08-11,2026-08-18,30303,98108,1512,1535.55,1454.32,2026-08-19
NWF26081104006,2026-08-11,2026-08-14,84101,75201,360,220.85,188.01,2026-08-14
NWF26081104007,2026-08-11,2026-08-14,30303,19104,1048,405.89,342.59,2026-08-15
NWF26081104008,2026-08-11,2026-08-19,90021,19104,874,947.54,790.48,2026-08-26
NWF26081104009,2026-08-11,2026-08-19,19104,97209,858,968.95,737.03,2026-08-20
NWF26081104010,2026-08-11,2026-08-18,90021,46204,7343,6314.19,5947.22,2026-08-19
NWF26081104011,2026-08-11,2026-08-12,46204,37203,1201,362.41,285.41,2026-08-14
NWF26081104012,2026-08-11,2026-08-17,90021,46204,1398,1195.64,1072.51,2026-08-18
NWF26081104013,2026-08-11,2026-08-19,19104,90021,1233,1385.68,1327.53,2026-08-21
NWF26081104014,2026-08-11,2026-08-13,64105,30303,2079,1107.46,897.76,2026-08-15
NWF26081104015,2026-08-11,2026-08-12,07105,19104,653,150.98,144.48,2026-08-13
NWF26081104016,2026-08-11,2026-08-13,60607,46204,757,192.95,138.85,2026-08-14
NWF26081104017,2026-08-11,2026-08-13,64105,30303,2242,1199.23,1432.83,2026-08-15
NWF26081104018,2026-08-11,2026-08-14,84101,55401,847,498.69,400.65,2026-08-16
NWF26081104019,2026-08-11,2026-08-12,30303,48226,708,269.18,221.03,2026-08-13
NWF26081104020,2026-08-11,2026-08-13,46204,55401,364,142.83,108.48,2026-08-14
NWF26081104021,2026-08-11,2026-08-19,48226,85004,4212,3421.22,2685.54,2026-08-29
NWF26081104022,2026-08-11,2026-08-12,60607,46204,1949,593.42,551.57,2026-08-14
NWF26081104023,2026-08-11,2026-08-19,19104,90021,1471,1637.99,1487.54,2026-08-21
NWF26081104024,2026-08-11,2026-08-19,19104,90021,1648,1751.29,1306.9,2026-08-20
NWF26081204025,2026-08-12,2026-08-13,07105,19104,9356,2151.67,1948.62,2026-08-23
NWF26081204026,2026-08-12,2026-08-18,48226,84101,1665,1664.29,1504.09,2026-08-18
NWF26081204027,2026-08-12,2026-08-18,55401,84101,1948,1096.43,1036.99,2026-08-18
NWF26081204028,2026-08-12,2026-08-13,30303,19104,2384,912.66,651.18,2026-08-14
NWF26081204029,2026-08-12,2026-08-18,75201,85004,2823,1649.88,1395.12,2026-08-20
NWF26081204030,2026-08-12,2026-08-13,37203,75201,921,393.27,417.43,2026-08-14
NWF26081204031,2026-08-12,2026-08-14,48226,80202,418,245.54,280.0,2026-08-14
NWF26081204032,2026-08-12,2026-08-13,37203,46204,934,220.65,156.16,2026-08-14
NWF26081204033,2026-08-12,2026-08-18,55401,75201,2553,1367.74,1259.96,2026-08-20
NWF26081204034,2026-08-12,2026-08-14,37203,75201,1501,626.88,592.69,2026-08-14
NWF26081204035,2026-08-12,2026-08-14,30303,48226,450,167.74,127.58,2026-08-15
NWF26081204036,2026-08-12,2026-08-13,60607,46204,3096,831.85,583.43,2026-08-13
NWF26081204037,2026-08-12,2026-08-17,75201,84101,853,550.8,451.32,2026-08-17
NWF26081204038,2026-08-12,2026-08-14,60607,46204,5669,1732.2,1259.92,2026-08-16
NWF26081204039,2026-08-12,2026-08-21,19104,90021,2991,3181.96,2897.2,2026-08-22
NWF26081204040,2026-08-12,2026-08-19,46204,97209,2386,1969.49,1548.99,2026-08-21
NWF26081204041,2026-08-12,2026-08-18,80202,30303,1342,780.58,608.62,2026-08-20
NWF26081204042,2026-08-12,2026-08-17,84101,64105,1231,679.77,607.16,2026-08-18
NWF26081204043,2026-08-12,2026-08-13,07105,19104,2291,571.12,482.89,2026-08-15
NWF26080403649,2026-08-04,2026-08-07,80202,60607,321,161.45,172.88,2026-08-08
NWF26081204044,2026-08-12,2026-08-17,64105,30303,2096,1016.23,949.63,2026-08-19
NWF26081204045,2026-08-12,2026-08-17,84101,75201,2674,1656.77,1195.03,2026-08-17
NWF26081204046,2026-08-12,2026-08-14,75201,64105,1092,455.91,324.61,2026-08-14
NWF26081204047,2026-08-12,2026-08-17,80202,60607,1307,651.36,552.46,2026-08-17
NWF26081204048,2026-08-12,2026-08-20,90021,19104,1388,1607.74,1162.98,2026-08-20
NWF26081204049,2026-08-12,2026-08-18,98108,46204,4923,5017.43,4266.65,2026-08-18
NWF26081204050,2026-08-12,2026-08-17,46204,55401,706,269.25,207.82,2026-08-17
NWF26081204051,2026-08-12,2026-08-17,55401,84101,1562,959.55,921.84,2026-08-18
NWF26081204052,2026-08-12,2026-08-19,48226,84101,416,401.99,288.22,2026-08-20
NWF26081204053,2026-08-12,2026-08-18,55401,84101,810,471.4,394.58,2026-08-20
NWF26081204054,2026-08-12,2026-08-18,30303,85004,1229,933.6,799.68,2026-08-20
NWF26081204055,2026-08-12,2026-08-17,55401,75201,899,424.99,408.61,2026-08-19
NWF26081204056,2026-08-12,2026-08-20,90021,19104,1209,1359.22,1119.93,2026-08-22
NWF26081204057,2026-08-12,2026-08-14,46204,55401,1523,535.04,390.7,2026-08-14
NWF26081204058,2026-08-12,2026-08-17,30303,85004,1236,876.04,620.84,2026-08-17
NWF26081204059,2026-08-12,2026-08-20,90021,46204,1066,927.08,834.11,2026-08-20
NWF26081204060,2026-08-12,2026-08-17,75201,64105,1190,459.81,367.14,2026-08-19
NWF26081204061,2026-08-12,2026-08-13,46204,38103,1433,509.33,450.28,2026-08-13
NWF26081204062,2026-08-12,2026-08-17,55401,75201,1754,937.74,798.99,2026-08-19
NWF26081204063,2026-08-12,2026-08-17,46204,77002,1499,977.1,711.27,2026-08-18
NWF26081204064,2026-08-12,2026-08-13,37203,46204,1399,345.62,282.2,2026-08-13
NWF26081204065,2026-08-12,2026-08-17,84101,97209,1213,591.13,507.85,2026-08-18
NWF26081204066,2026-08-12,2026-08-20,19104,90021,3627,3978.47,2928.56,2026-08-22
NWF26081204067,2026-08-12,2026-08-17,80202,64105,2153,764.18,631.67,2026-08-18
NWF26081204068,2026-08-12,2026-08-19,19104,97209,1036,1105.2,964.66,2026-08-21
NWF26081204069,2026-08-12,2026-08-17,80202,19104,1535,1176.48,1081.74,2026-08-18
NWF26081204070,2026-08-12,2026-08-14,46204,55401,1307,519.91,502.17,2026-08-16
NWF26081204071,2026-08-12,2026-08-17,37203,64105,2023,858.61,748.25,2026-08-19
NWF26081204072,2026-08-12,2026-08-14,48226,07105,6070,2188.99,1767.73,2026-08-14
NWF26081204073,2026-08-12,2026-08-17,84101,75201,641,401.64,366.48,2026-08-17
NWF26081204074,2026-08-12,2026-08-13,37203,46204,1919,482.49,427.12,2026-08-14
NWF26081204075,2026-08-12,2026-08-18,30303,85004,1693,1131.39,926.33,2026-08-18
NWF26081204076,2026-08-12,2026-08-19,30303,85004,1176,918.67,896.42,2026-08-19
NWF26081204077,2026-08-12,2026-08-17,30303,48226,3347,1261.94,1196.74,2026-08-17
NWF26081204078,2026-08-12,2026-08-19,77002,98108,846,742.13,673.3,2026-08-19
NWF26081204079,2026-08-12,2026-08-13,84101,97209,999,447.14,371.49,2026-08-14
NWF26081204080,2026-08-12,2026-08-13,46204,37203,1672,522.85,478.04,2026-08-15
NWF26081204081,2026-08-12,2026-08-14,75201,64105,432,167.93,128.72,2026-08-14
NWF26081204082,2026-08-12,2026-08-19,30303,84101,840,729.83,546.36,2026-08-20
NWF26081204083,2026-08-12,2026-08-14,46204,55401,1824,702.05,541.2,2026-08-14
NWF26081204084,2026-08-12,2026-08-20,19104,97209,1995,2287.16,2090.71,2026-08-21
NWF26081204085,2026-08-12,2026-08-17,97209,80202,2487,1417.53,1250.62,2026-08-18
NWF26081204086,2026-08-12,2026-08-14,75201,84101,4393,3005.26,2144.68,2026-08-19
NWF26081204087,2026-08-12,2026-08-18,30303,85004,377,253.91,206.49,2026-08-20
NWF26081204088,2026-08-12,2026-08-14,37203,64105,4219,1621.22,1211.12,2026-08-16
NWF26081304089,2026-08-13,2026-08-17,46204,19104,813,378.2,342.72,2026-08-19
NWF26081304090,2026-08-13,2026-08-14,80202,64105,3988,1470.33,1337.98,2026-08-14
NWF26081304091,2026-08-13,2026-08-21,90021,19104,2189,2191.47,1741.53,2026-08-22
NWF26081304092,2026-08-13,2026-08-18,48226,80202,1585,1063.1,838.96,2026-08-18
NWF26081304093,2026-08-13,2026-08-14,55401,48226,1318,648.51,552.22,2026-08-14
NWF26081304094,2026-08-13,2026-08-14,60607,46204,736,208.61,197.93,2026-08-16
NWF26081304095,2026-08-13,2026-08-17,46204,37203,432,144.39,131.91,2026-08-22
NWF26081304096,2026-08-13,2026-08-20,46204,97209,1858,1528.62,1185.46,2026-08-22
NWF26081304097,2026-08-13,2026-08-17,37203,64105,2464,1009.19,857.12,2026-08-19
NWF26081304098,2026-08-13,2026-08-20,90021,46204,1990,1679.47,1457.3,2026-08-21
NWF26081304099,2026-08-13,2026-08-17,55401,07105,2889,1518.28,1383.13,2026-08-19
NWF26081304100,2026-08-13,2026-08-17,75201,85004,797,444.47,382.66,2026-08-19
NWF26081304101,2026-08-13,2026-08-17,55401,46204,2953,978.35,813.33,2026-08-17
NWF26081304102,2026-08-13,2026-08-20,90021,46204,823,745.08,797.37,2026-08-22
NWF26081304103,2026-08-13,2026-08-21,90021,48226,1275,1359.33,1086.86,2026-08-23
NWF26081304104,2026-08-13,2026-08-17,60607,46204,794,238.43,194.88,2026-08-18
NWF26081304105,2026-08-13,2026-08-17,80202,64105,1238,492.11,356.47,2026-08-17
NWF26081304106,2026-08-13,2026-08-17,30303,48226,2009,821.96,641.13,2026-08-17
NWF26081304107,2026-08-13,2026-08-17,60607,64105,1036,361.48,352.5,2026-08-18
NWF26081304108,2026-08-13,2026-08-19,48226,85004,917,764.13,587.13,2026-08-20
NWF26081304109,2026-08-13,2026-08-17,30303,19104,704,318.52,305.6,2026-08-18
NWF26081304110,2026-08-13,2026-08-21,90021,19104,1218,1359.98,1237.39,2026-08-22
NWF26081304111,2026-08-13,2026-08-18,46204,19104,712,357.57,305.45,2026-08-20
NWF26081304112,2026-08-13,2026-08-17,75201,60607,8863,5584.13,5240.91,2026-08-19
NWF26081304113,2026-08-13,2026-08-14,84101,97209,7443,3586.56,3391.68,2026-08-15
NWF26081304114,2026-08-13,2026-08-19,55401,85004,2526,2138.35,1866.0,2026-08-26
NWF26081304115,2026-08-13,2026-08-14,55401,46204,797,243.95,188.67,2026-08-16
NWF26081304116,2026-08-13,2026-08-18,48226,80202,772,485.57,383.39,2026-08-20
NWF26081304117,2026-08-13,2026-08-18,64105,98108,2591,1770.28,1588.86,2026-08-19
NWF26081304118,2026-08-13,2026-08-17,55401,48226,552,268.36,189.49,2026-08-17
NWF26081304119,2026-08-13,2026-08-18,80202,64105,2311,933.88,673.65,2026-08-20
NWF26081304120,2026-08-13,2026-08-19,55401,85004,1208,969.02,923.03,2026-08-21
NWF26081304121,2026-08-13,2026-08-18,64105,30303,1420,777.69,677.86,2026-08-18
NWF26081304122,2026-08-13,2026-08-14,75201,80202,2406,1222.89,983.98,2026-08-16
NWF26081304123,2026-08-13,2026-08-20,19104,90021,796,812.39,719.93,2026-08-20
NWF26081304124,2026-08-13,2026-08-18,80202,60607,1281,606.17,451.2,2026-08-20
NWF26081304125,2026-08-13,2026-08-19,97209,80202,918,498.57,406.68,2026-08-20
NWF26081304126,2026-08-13,2026-08-18,97209,80202,856,441.13,347.22,2026-08-20
NWF26081304127,2026-08-13,2026-08-21,90021,19104,1421,1663.71,1488.74,2026-08-21
NWF26081304128,2026-08-13,2026-08-21,90021,19104,375,419.88,337.59,2026-08-23
NWF26081304129,2026-08-13,2026-08-14,60607,46204,2144,571.06,504.12,2026-08-15
NWF26081304130,2026-08-13,2026-08-18,84101,75201,3668,2458.41,1937.65,2026-08-19
NWF26081304131,2026-08-13,2026-08-17,80202,64105,1178,410.04,455.15,2026-08-18
NWF26081304132,2026-08-13,2026-08-17,60607,46204,815,225.65,164.74,2026-08-18
NWF26081304133,2026-08-13,2026-08-14,60607,46204,2096,632.24,600.38,2026-08-14
NWF26081304134,2026-08-13,2026-08-14,60607,46204,340,125.0,119.64,2026-08-14
NWF26081304135,2026-08-13,2026-08-17,64105,30303,1417,738.85,540.29,2026-08-19
NWF26081304136,2026-08-13,2026-08-19,30303,85004,5264,4118.31,3711.14,2026-08-21
NWF26081304137,2026-08-13,2026-08-21,90021,46204,810,744.15,666.84,2026-08-23
NWF26081304138,2026-08-13,2026-08-17,75201,80202,2150,1162.66,815.79,2026-08-23
NWF26081304139,2026-08-13,2026-08-21,19104,90021,3902,4035.34,3237.69,2026-08-21
NWF26081304140,2026-08-13,2026-08-17,55401,46204,1291,449.64,411.0,2026-08-18
NWF26081304141,2026-08-13,2026-08-18,55401,75201,1925,1000.17,912.61,2026-08-20
NWF26081304142,2026-08-13,2026-08-24,98108,19104,1406,1809.62,1423.6,2026-08-26
NWF26081304143,2026-08-13,2026-08-17,30303,19104,1788,776.13,635.3,2026-08-18
NWF26081304144,2026-08-13,2026-08-18,80202,60607,1337,737.5,670.25,2026-08-19
NWF26081304145,2026-08-13,2026-08-18,75201,84101,3509,2129.63,1597.59,2026-08-18
NWF26081304146,2026-08-13,2026-08-17,90021,97209,2776,1474.81,1172.13,2026-08-19
NWF26081304147,2026-08-13,2026-08-18,30303,19104,3506,1590.5,1144.63,2026-08-18
NWF26081304148,2026-08-13,2026-08-18,80202,19104,1019,759.49,714.44,2026-08-19
NWF26081304149,2026-08-13,2026-08-18,46204,77002,1635,1032.75,835.12,2026-08-19
NWF26081304150,2026-08-13,2026-08-14,60607,46204,1144,315.22,296.88,2026-08-16
NWF26081304151,2026-08-13,2026-08-24,98108,07105,830,964.5,715.28,2026-08-24
NWF26081304152,2026-08-13,2026-08-17,60607,46204,1082,291.98,273.02,2026-08-19
NWF26081304153,2026-08-13,2026-08-19,75201,84101,833,554.65,467.07,2026-08-26
NWF26081304154,2026-08-13,2026-08-17,46204,55401,5672,2013.63,1500.9,2026-08-19
NWF26081304155,2026-08-13,2026-08-17,64105,30303,2484,1222.4,1116.47,2026-08-18
NWF26081304156,2026-08-13,2026-08-19,30303,85004,695,513.08,575.66,2026-08-19
NWF26081304157,2026-08-13,2026-08-18,84101,55401,2701,1711.36,1510.18,2026-08-20
NWF26081304158,2026-08-13,2026-08-21,98108,07105,2259,2589.17,1949.12,2026-08-23
NWF26081304159,2026-08-13,2026-08-17,84101,55401,1370,808.67,631.58,2026-08-18
NWF26081304160,2026-08-13,2026-08-18,55401,84101,778,434.82,319.89,2026-08-20
NWF26081304161,2026-08-13,2026-08-19,55401,75201,199,125.0,112.86,2026-08-19
NWF26081304162,2026-08-13,2026-08-17,75201,37203,1520,684.72,525.86,2026-08-19
NWF26081304163,2026-08-13,2026-08-18,75201,60607,6251,3841.14,3043.2,2026-08-18
NWF26081304164,2026-08-13,2026-08-18,84101,75201,1557,1042.46,923.72,2026-08-18
NWF26081304165,2026-08-13,2026-08-24,19104,97209,1119,1163.26,1120.21,2026-08-25
NWF26081304166,2026-08-13,2026-08-17,30303,48226,825,323.52,269.96,2026-08-17
NWF26081304167,2026-08-13,2026-08-18,55401,48226,4398,1947.47,1368.78,2026-08-20
NWF26081304168,2026-08-13,2026-08-18,30303,19104,368,146.75,143.54,2026-08-19
NWF26081304169,2026-08-13,2026-08-17,64105,30303,1757,967.86,856.4,2026-08-25
NWF26081304170,2026-08-13,2026-08-20,98108,07105,3305,4356.07,3554.88,2026-08-22
NWF26081304171,2026-08-13,2026-08-21,98108,07105,1959,2439.76,2018.5,2026-08-21
NWF26081304172,2026-08-13,2026-08-14,37203,46204,2447,582.52,547.11,2026-08-16
NWF26081304173,2026-08-13,2026-08-17,46204,19104,521,250.91,211.14,2026-08-17
NWF26081404174,2026-08-14,2026-08-18,75201,37203,1734,850.49,732.12,2026-08-19
NWF26081404175,2026-08-14,2026-08-21,46204,97209,842,672.35,640.49,2026-08-23
NWF26081404176,2026-08-14,2026-08-19,48226,84101,2059,1909.83,1512.17,2026-08-21
NWF26081404177,2026-08-14,2026-08-21,98108,46204,1703,1551.4,1424.24,2026-08-23
NWF26081404178,2026-08-14,2026-08-21,46204,97209,990,935.26,880.8,2026-08-23
NWF26081404179,2026-08-14,2026-08-18,55401,46204,1111,336.89,305.33,2026-08-20
NWF26081404180,2026-08-14,2026-08-21,90021,19104,6874,7727.18,6967.39,2026-08-21
NWF26081404181,2026-08-14,2026-08-17,07105,19104,373,125.0,114.95,2026-08-17
NWF26081404182,2026-08-14,2026-08-17,30303,48226,2133,839.78,595.06,2026-08-18
NWF26081404183,2026-08-14,2026-08-19,84101,75201,919,596.57,424.55,2026-08-19
NWF26081404184,2026-08-14,2026-08-19,84101,75201,496,304.05,292.84,2026-08-19
NWF26081404185,2026-08-14,2026-08-19,80202,64105,6167,2265.74,1888.46,2026-08-19
NWF26081404186,2026-08-14,2026-08-21,48226,84101,666,584.56,450.15,2026-08-22
NWF26081404187,2026-08-14,2026-08-18,48226,07105,2003,728.22,644.19,2026-08-18
NWF26081404188,2026-08-14,2026-08-17,60607,46204,1378,367.89,341.86,2026-08-17
NWF26081404189,2026-08-14,2026-08-18,30303,48226,809,313.09,265.86,2026-08-20
NWF26081404190,2026-08-14,2026-08-19,84101,75201,2891,1880.42,1597.35,2026-08-20
NWF26081404191,2026-08-14,2026-08-19,64105,30303,2861,1618.07,1190.54,2026-08-21
NWF26081404192,2026-08-14,2026-08-24,90021,19104,2516,2784.61,2187.7,2026-08-25
NWF26081404193,2026-08-14,2026-08-18,75201,37203,425,223.51,274.72,2026-08-18
NWF26081404194,2026-08-14,2026-08-19,55401,75201,2137,1058.59,871.74,2026-08-21
NWF26081404195,2026-08-14,2026-08-24,19104,90021,1390,1410.56,1213.48,2026-08-26
NWF26081404196,2026-08-14,2026-08-17,60607,46204,3102,848.57,610.08,2026-08-17
NWF26081404197,2026-08-14,2026-08-18,37203,75201,1106,451.79,396.88,2026-08-19
NWF26081404198,2026-08-14,2026-08-17,60607,46204,1576,464.51,403.35,2026-08-19
NWF26081404199,2026-08-14,2026-08-17,46204,37203,1908,663.54,522.73,2026-08-19
NWF26081404200,2026-08-14,2026-08-24,98108,46204,2120,2050.59,1842.9,2026-08-25
NWF26081404201,2026-08-14,2026-08-18,60607,64105,2358,887.65,829.52,2026-08-18
NWF26081404202,2026-08-14,2026-08-24,19104,97209,2272,2591.45,1972.1,2026-08-26
NWF26081404203,2026-08-14,2026-08-17,37203,46204,575,143.36,116.71,2026-08-19
NWF26081404204,2026-08-14,2026-08-19,64105,30303,2393,1244.14,873.86,2026-08-19
NWF26081404205,2026-08-14,2026-08-18,55401,46204,3733,1215.13,955.7,2026-08-18
NWF26081404206,2026-08-14,2026-08-19,64105,30303,2304,1286.23,1083.8,2026-08-20
NWF26081404207,2026-08-14,2026-08-20,48226,85004,1304,1054.81,946.39,2026-08-22
NWF26081404208,2026-08-14,2026-08-17,60607,46204,901,229.07,192.64,2026-08-17
NWF26081404209,2026-08-14,2026-08-18,84101,75201,444,281.61,235.67,2026-08-20
NWF26081404210,2026-08-14,2026-08-20,75201,85004,2749,1664.9,1341.65,2026-08-20
NWF26081404211,2026-08-14,2026-08-18,46204,55401,1028,393.43,379.84,2026-08-20
NWF26081404212,2026-08-14,2026-08-19,84101,55401,883,535.99,428.54,2026-08-21
NWF26081404213,2026-08-14,2026-08-20,98108,46204,3615,3790.64,2996.42,2026-08-22
NWF26081404214,2026-08-14,2026-08-18,37203,75201,6586,2536.51,1849.58,2026-08-19
NWF26081404215,2026-08-14,2026-08-20,84101,55401,1340,731.01,688.68,2026-08-21
NWF26081404216,2026-08-14,2026-08-19,07105,55401,1740,1178.0,1110.13,2026-08-21
NWF26081404217,2026-08-14,2026-08-20,64105,98108,1409,882.62,761.89,2026-08-22
NWF26081404218,2026-08-14,2026-08-21,90021,48226,2363,2964.98,2118.34,2026-08-23
NWF26081404219,2026-08-14,2026-08-19,84101,55401,1070,584.81,443.19,2026-08-19
NWF26081404220,2026-08-14,2026-08-24,19104,90021,3845,3803.96,3004.7,2026-08-25
NWF26081404221,2026-08-14,2026-08-21,46204,97209,1921,1665.5,1169.38,2026-08-22
NWF26081404222,2026-08-14,2026-08-18,75201,80202,1293,678.26,616.74,2026-08-20
NWF26081404223,2026-08-14,2026-08-19,19104,37203,1459,593.68,492.49,2026-08-20
NWF26081404224,2026-08-14,2026-08-19,84101,55401,670,363.72,311.28,2026-08-27
NWF26081404225,2026-08-14,2026-08-20,64105,98108,773,496.7,420.93,2026-08-20
NWF26081404226,2026-08-14,2026-08-19,55401,84101,251,162.09,117.56,2026-08-21
NWF26081404227,2026-08-14,2026-08-18,64105,30303,1467,827.34,756.19,2026-08-19
NWF26081404228,2026-08-14,2026-08-19,97209,80202,3199,1528.38,1284.61,2026-08-20
NWF26081404229,2026-08-14,2026-08-18,64105,46204,1492,568.65,482.42,2026-08-18
NWF26081404230,2026-08-14,2026-08-21,30303,85004,1068,729.01,697.05,2026-08-22
NWF26081404231,2026-08-14,2026-08-17,46204,55401,8348,2931.54,2859.65,2026-08-18
NWF26081404232,2026-08-14,2026-08-21,90021,46204,1425,1285.49,933.09,2026-08-28
NWF26081404233,2026-08-14,2026-08-18,55401,46204,527,191.32,150.73,2026-08-19
NWF26081404234,2026-08-14,2026-08-17,46204,38103,688,257.25,217.58,2026-08-18
NWF26081404235,2026-08-14,2026-08-18,55401,75201,2693,1320.48,1070.98,2026-08-19
NWF26081404236,2026-08-14,2026-08-18,30303,48226,733,274.94,261.14,2026-08-18
NWF26081404237,2026-08-14,2026-08-21,48226,84101,2226,2081.51,1757.54,2026-08-22
NWF26081404238,2026-08-14,2026-08-17,60607,46204,1925,593.61,457.77,2026-08-19
NWF26081404239,2026-08-14,2026-08-17,30303,19104,830,341.62,333.32,2026-08-18
NWF26081404240,2026-08-14,2026-08-20,90021,46204,1069,982.28,834.31,2026-08-21
NWF26081404241,2026-08-14,2026-08-25,30303,98108,3232,3450.5,3719.81,2026-08-25
NWF26081404242,2026-08-14,2026-08-18,30303,19104,5701,2496.77,2264.91,2026-08-19
NWF26081404243,2026-08-14,2026-08-24,90021,19104,706,800.29,659.29,2026-08-24
NWF26081404244,2026-08-14,2026-08-18,55401,46204,1720,614.68,495.64,2026-08-19
NWF26081404245,2026-08-14,2026-08-19,46204,19104,480,226.28,192.88,2026-08-19
NWF26081404246,2026-08-14,2026-08-17,60607,64105,267,125.0,97.08,2026-08-19
NWF26081404247,2026-08-14,2026-08-18,46204,55401,910,378.13,313.49,2026-08-20
NWF26081404248,2026-08-14,2026-08-19,55401,75201,551,259.54,199.4,2026-08-21
NWF26081404249,2026-08-14,2026-08-18,19104,37203,455,180.21,138.89,2026-08-20
NWF26081404250,2026-08-14,2026-08-18,46204,55401,634,237.83,183.5,2026-08-20
NWF26081504251,2026-08-15,2026-08-18,19104,37203,7279,2794.38,2549.48,2026-08-18
NWF26081504252,2026-08-15,2026-08-18,55401,46204,2358,768.87,881.61,2026-08-18
NWF26081504253,2026-08-15,2026-08-18,84101,64105,1223,563.46,547.8,2026-08-19
NWF26081504254,2026-08-15,2026-08-19,30303,84101,2765,2209.05,1987.01,2026-08-19
NWF26081504255,2026-08-15,2026-08-18,64105,30303,1678,837.02,811.9,2026-08-18
NWF26081604256,2026-08-16,2026-08-20,30303,85004,1185,941.34,806.84,2026-08-21
NWF26081604257,2026-08-16,2026-08-18,30303,19104,1343,533.18,462.23,2026-08-20
NWF26081604258,2026-08-16,2026-08-20,64105,98108,924,594.44,580.11,2026-08-20
NWF26081604259,2026-08-16,2026-08-19,07105,55401,1191,759.44,669.58,2026-08-20
NWF26081604260,2026-08-16,2026-08-19,55401,07105,2260,1303.06,1224.07,2026-08-21
NWF26081704261,2026-08-17,2026-08-19,80202,64105,789,320.38,266.13,2026-08-21
NWF26081704262,2026-08-17,2026-08-19,30303,19104,887,375.5,287.19,2026-08-20
NWF26081704263,2026-08-17,2026-08-24,98108,19104,805,1013.04,852.12,2026-08-25
NWF26081704264,2026-08-17,2026-08-26,98108,07105,1226,1587.94,1291.56,2026-08-26
NWF26081704265,2026-08-17,2026-08-19,64105,30303,1172,590.18,558.81,2026-08-19
NWF26081704266,2026-08-17,2026-08-19,80202,64105,1128,423.32,314.56,2026-08-21
NWF26081704267,2026-08-17,2026-08-20,84101,75201,1648,1029.83,888.37,2026-08-21
NWF26081704268,2026-08-17,2026-08-20,80202,64105,743,269.22,261.89,2026-08-21
NWF26081704269,2026-08-17,2026-08-24,64105,98108,313,211.51,171.77,2026-08-25
NWF26081704270,2026-08-17,2026-08-18,07105,19104,3910,884.51,679.62,2026-08-18
NWF26081704271,2026-08-17,2026-08-18,60607,46204,4095,1207.0,919.32,2026-08-19
NWF26081704272,2026-08-17,2026-08-19,97209,80202,691,386.73,313.72,2026-08-20
NWF26081704273,2026-08-17,2026-08-19,46204,55401,1911,739.38,566.58,2026-08-19
NWF26081704274,2026-08-17,2026-08-20,48226,80202,2114,1400.95,1100.14,2026-08-22
NWF26081704275,2026-08-17,2026-08-19,75201,84101,2770,1880.4,1335.73,2026-08-19
NWF26081704276,2026-08-17,2026-08-18,60607,46204,1096,313.66,251.58,2026-08-20
NWF26081704277,2026-08-17,2026-08-19,37203,64105,1177,425.44,408.53,2026-08-24
NWF26081704278,2026-08-17,2026-08-25,98108,07105,2039,2631.46,2521.74,2026-08-26
NWF26081704279,2026-08-17,2026-08-24,98108,46204,2454,2526.57,2072.31,2026-08-29
NWF26081704280,2026-08-17,2026-08-18,37203,64105,1985,719.06,641.2,2026-08-19
NWF26081704281,2026-08-17,2026-08-21,84101,75201,5057,3237.81,3103.43,2026-08-31
NWF26081704282,2026-08-17,2026-08-19,55401,46204,666,215.0,243.92,2026-08-20
NWF26081704283,2026-08-17,2026-08-19,75201,80202,3754,2071.38,1513.98,2026-08-20
NWF26081704284,2026-08-17,2026-08-21,80202,19104,1505,1247.75,1167.25,2026-08-21
NWF26081704285,2026-08-17,2026-08-19,60607,64105,3590,1339.31,1128.36,2026-08-20
NWF26081704286,2026-08-17,2026-08-18,60607,46204,1806,544.81,385.31,2026-08-20
NWF26081704287,2026-08-17,2026-08-18,37203,46204,2435,585.8,470.41,2026-08-18
NWF26081704288,2026-08-17,2026-08-18,37203,46204,800,195.71,143.79,2026-08-19
NWF26081704289,2026-08-17,2026-08-20,55401,07105,1106,586.44,500.4,2026-08-21
NWF26081704290,2026-08-17,2026-08-20,84101,55401,1230,659.2,604.35,2026-08-22
NWF26081704291,2026-08-17,2026-08-19,48226,07105,3580,1250.92,1019.64,2026-08-21
NWF26081704292,2026-08-17,2026-08-21,64105,98108,1950,1415.21,1051.62,2026-08-22
NWF26081704293,2026-08-17,2026-08-19,75201,80202,2772,1475.43,1094.44,2026-08-21
NWF26081704294,2026-08-17,2026-08-19,19104,37203,1354,532.63,466.96,2026-08-20
NWF26081704295,2026-08-17,2026-08-20,84101,55401,217,125.0,107.11,2026-08-22
NWF26081704296,2026-08-17,2026-08-19,75201,84101,1965,1266.88,1133.65,2026-08-19
NWF26081704297,2026-08-17,2026-08-20,55401,84101,2368,1296.08,1024.77,2026-08-22
NWF26081704298,2026-08-17,2026-08-20,84101,64105,964,445.75,319.67,2026-08-21
NWF26081704299,2026-08-17,2026-08-20,37203,75201,594,221.04,160.9,2026-08-21
NWF26081704300,2026-08-17,2026-08-25,90021,46204,4805,4378.62,3909.18,2026-08-25
NWF26081704301,2026-08-17,2026-08-21,84101,55401,933,569.7,445.95,2026-08-21
NWF26081704302,2026-08-17,2026-08-19,60607,46204,1628,437.69,369.1,2026-08-21
NWF26081704303,2026-08-17,2026-08-24,48226,85004,172,140.07,165.92,2026-08-24
NWF26081704304,2026-08-17,2026-08-24,48226,84101,944,865.72,847.35,2026-08-24
NWF26081704305,2026-08-17,2026-08-25,98108,07105,596,803.44,784.86,2026-08-27
NWF26081704306,2026-08-17,2026-08-19,64105,30303,1836,1043.36,823.91,2026-08-19
NWF26081704307,2026-08-17,2026-08-20,84101,75201,1185,755.88,597.47,2026-08-20
NWF26081704308,2026-08-17,2026-08-19,84101,55401,829,522.91,382.72,2026-08-20
NWF26081704309,2026-08-17,2026-08-20,64105,30303,888,510.07,463.51,2026-08-30
NWF26081704310,2026-08-17,2026-08-20,84101,75201,264,162.69,176.24,2026-08-20
NWF26081704311,2026-08-17,2026-08-18,75201,37203,590,315.51,287.75,2026-08-28
NWF26081704312,2026-08-17,2026-08-18,46204,37203,970,310.93,311.79,2026-08-20
NWF26081704313,2026-08-17,2026-08-21,90021,46204,1393,1330.42,1163.33,2026-08-22
NWF26081704314,2026-08-17,2026-08-18,55401,46204,2902,894.83,819.91,2026-08-20
NWF26081704315,2026-08-17,2026-08-18,75201,60607,5752,3340.95,2500.81,2026-08-19
NWF26081704316,2026-08-17,2026-08-18,60607,46204,2768,765.42,543.29,2026-08-20
NWF26081704317,2026-08-17,2026-08-25,98108,07105,981,1311.1,1133.4,2026-08-25
NWF26081704318,2026-08-17,2026-08-24,46204,97209,836,657.37,640.41,2026-08-25
NWF26081704319,2026-08-17,2026-08-19,90021,97209,1459,655.54,641.25,2026-08-19
NWF26081704320,2026-08-17,2026-08-19,46204,55401,366,139.58,124.41,2026-08-21
NWF26081704321,2026-08-17,2026-08-24,98108,46204,1215,1080.73,799.22,2026-09-02
NWF26081704322,2026-08-17,2026-08-19,30303,19104,1829,837.97,611.74,2026-08-19
NWF26081704323,2026-08-17,2026-08-18,60607,46204,1141,322.19,229.46,2026-08-20
NWF26081704324,2026-08-17,2026-08-21,30303,85004,991,690.7,612.29,2026-08-21
NWF26081704325,2026-08-17,2026-08-24,90021,19104,1458,1745.65,1344.02,2026-08-24
NWF26081704326,2026-08-17,2026-08-24,19104,90021,1612,1792.93,1420.57,2026-08-24
NWF26081704327,2026-08-17,2026-08-21,64105,98108,943,618.5,578.31,2026-08-23
NWF26081704328,2026-08-17,2026-08-18,75201,60607,517,331.63,252.69,2026-08-23
NWF26081704329,2026-08-17,2026-08-20,77002,85004,874,497.39,436.58,2026-08-20
NWF26081804330,2026-08-18,2026-08-19,60607,46204,504,154.35,111.29,2026-08-20
NWF26081804331,2026-08-18,2026-08-19,37203,75201,806,332.14,299.83,2026-08-19
NWF26081804332,2026-08-18,2026-08-20,30303,48226,590,240.05,209.83,2026-08-22
NWF26081804333,2026-08-18,2026-08-26,90021,19104,3016,3558.64,2878.45,2026-08-26
NWF26081804334,2026-08-18,2026-08-24,30303,85004,2386,1893.8,1513.35,2026-09-01
NWF26081804335,2026-08-18,2026-08-19,30303,48226,1280,491.7,612.17,2026-08-20
NWF26081804336,2026-08-18,2026-08-20,60607,64105,2066,690.46,502.73,2026-08-28
NWF26081804337,2026-08-18,2026-08-20,30303,48226,8106,3145.69,2486.45,2026-08-20
NWF26081804338,2026-08-18,2026-08-19,75201,60607,1372,874.89,713.65,2026-08-20
NWF26081804339,2026-08-18,2026-08-25,98108,46204,3554,3229.3,2752.48,2026-08-27
NWF26081804340,2026-08-18,2026-08-26,19104,90021,1418,1412.67,1370.32,2026-08-27
NWF26081804341,2026-08-18,2026-08-19,60607,46204,2211,623.73,535.22,2026-08-21
NWF26081804342,2026-08-18,2026-08-20,75201,85004,1207,657.23,496.15,2026-08-21
NWF26081804343,2026-08-18,2026-08-25,98108,46204,4200,3745.55,2873.57,2026-08-25
NWF26081804344,2026-08-18,2026-08-21,55401,75201,852,446.43,389.13,2026-08-22
NWF26081804345,2026-08-18,2026-08-19,60607,46204,1275,375.27,362.61,2026-08-21
NWF26081804346,2026-08-18,2026-08-20,80202,64105,3748,1456.3,1030.31,2026-08-21
NWF26081804347,2026-08-18,2026-08-25,46204,97209,2340,1920.81,1464.62,2026-08-26
NWF26081804348,2026-08-18,2026-08-21,80202,60607,6027,3258.47,3435.21,2026-08-23
NWF26081804349,2026-08-18,2026-08-19,37203,46204,3081,791.54,648.7,2026-08-27
NWF26081804350,2026-08-18,2026-08-20,30303,19104,1050,478.45,369.35,2026-08-20
NWF26081804351,2026-08-18,2026-08-20,75201,64105,273,125.0,87.55,2026-08-20
NWF26081804352,2026-08-18,2026-08-24,84101,55401,2487,1295.27,937.49,2026-08-26
NWF26081804353,2026-08-18,2026-08-20,37203,64105,1804,670.19,631.73,2026-08-20
NWF26081804354,2026-08-18,2026-08-27,98108,19104,839,1042.86,769.11,2026-08-28
NWF26081804355,2026-08-18,2026-08-20,55401,75201,626,316.91,395.75,2026-08-22
NWF26081804356,2026-08-18,2026-08-25,46204,97209,868,810.86,687.1,2026-08-25
NWF26081804357,2026-08-18,2026-08-19,75201,64105,804,346.84,311.88,2026-08-21
NWF26081804358,2026-08-18,2026-08-24,46204,97209,7936,6538.82,5183.6,2026-08-26
NWF26081804359,2026-08-18,2026-08-25,30303,85004,4105,2866.44,2610.72,2026-08-27
NWF26081804360,2026-08-18,2026-08-19,37203,46204,2096,530.84,449.81,2026-08-19
NWF26081804361,2026-08-18,2026-08-26,90021,30303,3319,3005.73,2457.22,2026-08-28
NWF26081804362,2026-08-18,2026-08-21,48226,84101,2128,2061.71,1743.28,2026-08-22
NWF26081804363,2026-08-18,2026-08-20,64105,30303,324,182.93,172.6,2026-08-22
NWF26081804364,2026-08-18,2026-08-27,19104,90021,2201,2493.49,1825.57,2026-08-27
NWF26081804365,2026-08-18,2026-08-19,64105,30303,1258,670.33,495.07,2026-08-21
NWF26081804366,2026-08-18,2026-08-21,30303,48226,2657,1111.82,1072.04,2026-08-23
NWF26081804367,2026-08-18,2026-08-21,80202,60607,1294,626.52,590.33,2026-08-23
NWF26081804368,2026-08-18,2026-08-20,75201,64105,666,269.91,219.76,2026-08-21
NWF26081804369,2026-08-18,2026-08-20,46204,55401,460,182.21,133.04,2026-08-22
NWF26081804370,2026-08-18,2026-08-19,37203,46204,1141,300.03,338.38,2026-08-21
NWF26081804371,2026-08-18,2026-08-20,84101,97209,4861,2368.82,1779.81,2026-08-21
NWF26081804372,2026-08-18,2026-08-26,46204,97209,3042,2868.15,2563.65,2026-08-27
NWF26081804373,2026-08-18,2026-08-19,37203,46204,677,168.99,158.67,2026-08-19
NWF26081804374,2026-08-18,2026-08-21,55401,75201,1610,809.98,607.82,2026-08-21
NWF26081804375,2026-08-18,2026-08-21,90021,97209,871,422.71,340.06,2026-08-22
NWF26081804376,2026-08-18,2026-08-21,55401,75201,408,226.03,182.78,2026-08-30
NWF26081804377,2026-08-18,2026-08-21,60607,64105,1030,328.34,257.38,2026-08-23
NWF26081804378,2026-08-18,2026-08-20,80202,60607,5255,2476.6,2280.4,2026-08-22
NWF26081804379,2026-08-18,2026-08-20,30303,19104,846,346.84,316.88,2026-08-21
NWF26081804380,2026-08-18,2026-08-26,30303,98108,3249,3117.06,2522.37,2026-08-28
NWF26081804381,2026-08-18,2026-08-21,30303,19104,3482,1349.7,1081.75,2026-08-22
NWF26081804382,2026-08-18,2026-08-21,64105,30303,2548,1354.85,983.91,2026-08-21
NWF26081804383,2026-08-18,2026-08-21,55401,46204,548,195.43,182.83,2026-08-23
NWF26081804384,2026-08-18,2026-08-24,84101,75201,1118,755.55,695.73,2026-09-01
NWF26081804385,2026-08-18,2026-08-21,19104,37203,396,148.32,143.78,2026-08-26
NWF26081804386,2026-08-18,2026-08-20,46204,37203,552,184.9,172.75,2026-08-20
NWF26081804387,2026-08-18,2026-08-20,75201,80202,518,257.26,231.3,2026-08-21
NWF26081804388,2026-08-18,2026-08-21,84101,75201,1190,775.23,731.54,2026-08-22
NWF26081804389,2026-08-18,2026-08-20,75201,60607,1403,865.59,694.12,2026-08-22
NWF26081804390,2026-08-18,2026-08-21,84101,55401,2205,1236.62,921.06,2026-08-23
NWF26081804391,2026-08-18,2026-08-26,19104,90021,2458,2524.33,2259.66,2026-08-28
NWF26081804392,2026-08-18,2026-08-19,60607,46204,1899,488.73,367.04,2026-08-20
NWF26081804393,2026-08-18,2026-08-20,60607,46204,1632,438.62,374.47,2026-08-20
NWF26081804394,2026-08-18,2026-08-20,30303,19104,709,312.19,290.68,2026-08-21
NWF26081804395,2026-08-18,2026-08-20,55401,46204,1230,392.24,357.8,2026-08-20
NWF26081804396,2026-08-18,2026-08-25,90021,46204,1291,1184.4,1157.67,2026-08-27
NWF26081804397,2026-08-18,2026-08-20,60607,46204,752,204.67,166.98,2026-08-22
NWF26081804398,2026-08-18,2026-08-25,90021,30303,919,845.94,644.29,2026-09-02
NWF26081804399,2026-08-18,2026-08-24,64105,98108,1767,1301.2,1238.11,2026-08-24
NWF26081804400,2026-08-18,2026-08-24,64105,98108,2594,1931.1,1782.92,2026-08-26
NWF26081804401,2026-08-18,2026-08-19,60607,64105,1507,512.45,486.96,2026-08-21
NWF26081804402,2026-08-18,2026-08-25,48226,85004,1364,1196.06,941.0,2026-08-26
NWF26081804403,2026-08-18,2026-08-25,77002,98108,1147,999.97,951.1,2026-08-25
NWF26081804404,2026-08-18,2026-08-20,75201,80202,358,197.59,164.88,2026-08-21
NWF26081804405,2026-08-18,2026-08-21,84101,55401,2337,1242.28,873.76,2026-08-21
NWF26081804406,2026-08-18,2026-08-24,64105,98108,8161,5958.28,4982.4,2026-08-25
NWF26081804407,2026-08-18,2026-08-21,55401,46204,672,227.01,207.97,2026-08-22
NWF26081804408,2026-08-18,2026-08-20,46204,55401,906,344.94,273.38,2026-08-28
NWF26081804409,2026-08-18,2026-08-24,98108,46204,1029,965.91,738.04,2026-08-24
NWF26081804410,2026-08-18,2026-08-26,30303,98108,7144,7853.11,5871.58,2026-08-27
NWF26081804411,2026-08-18,2026-08-20,80202,64105,812,307.67,270.4,2026-08-25
NWF26081804412,2026-08-18,2026-08-27,19104,90021,442,412.56,461.37,2026-08-27
NWF26081804413,2026-08-18,2026-08-19,60607,46204,5648,1560.6,1352.49,2026-08-20
NWF26081804414,2026-08-18,2026-08-21,55401,75201,4238,1992.77,1692.13,2026-08-23
NWF26081804415,2026-08-18,2026-08-24,84101,64105,1608,789.27,768.4,2026-08-25
NWF26081904416,2026-08-19,2026-08-20,64105,30303,1179,600.87,496.39,2026-08-22
NWF26081904417,2026-08-19,2026-08-24,84101,75201,1284,884.78,770.98,2026-08-25
NWF26081904418,2026-08-19,2026-08-21,37203,75201,485,205.18,162.02,2026-08-22
NWF26081904419,2026-08-19,2026-08-20,37203,64105,812,297.58,220.1,2026-08-25
NWF26081904420,2026-08-19,2026-08-21,55401,75201,590,324.69,310.69,2026-08-23
NWF26081904421,2026-08-19,2026-08-21,75201,60607,1308,784.15,695.75,2026-08-21
NWF26081904422,2026-08-19,2026-08-24,84101,55401,455,259.02,208.86,2026-08-24
NWF26081904423,2026-08-19,2026-08-27,19104,90021,1736,1716.88,1646.76,2026-08-29
NWF26081904424,2026-08-19,2026-08-24,84101,55401,158,125.0,95.7,2026-09-03
NWF26081904425,2026-08-19,2026-08-26,98108,07105,324,420.77,350.19,2026-08-28
NWF26081904426,2026-08-19,2026-08-24,64105,98108,784,559.51,484.78,2026-08-25
NWF26081904427,2026-08-19,2026-08-26,64105,98108,2394,1631.94,1440.12,2026-08-26
NWF26081904428,2026-08-19,2026-08-21,55401,75201,3120,1652.86,1373.99,2026-08-23
NWF26081904429,2026-08-19,2026-08-26,30303,85004,1217,799.67,671.61,2026-08-28
NWF26081904430,2026-08-19,2026-08-26,98108,46204,7101,7042.72,5506.38,2026-08-27
NWF26081904431,2026-08-19,2026-08-20,37203,46204,1649,419.28,407.73,2026-08-22
NWF26081904432,2026-08-19,2026-08-24,48226,80202,6390,4135.39,3693.42,2026-08-24
NWF26081904433,2026-08-19,2026-08-24,55401,75201,723,356.64,282.86,2026-08-26
NWF26081904434,2026-08-19,2026-08-27,90021,46204,1399,1210.08,915.94,2026-08-27
NWF26081904435,2026-08-19,2026-08-25,77002,98108,2136,1873.78,1621.35,2026-08-26
NWF26081904436,2026-08-19,2026-08-24,84101,75201,822,557.02,509.2,2026-08-25
NWF26081904437,2026-08-19,2026-08-20,46204,55401,948,367.47,302.23,2026-08-21
NWF26081904438,2026-08-19,2026-08-21,30303,19104,1132,427.42,309.01,2026-08-22
NWF26081904439,2026-08-19,2026-08-20,60607,46204,1297,336.66,245.72,2026-08-22
NWF26081904440,2026-08-19,2026-08-21,55401,75201,932,527.59,402.46,2026-08-21
NWF26081904441,2026-08-19,2026-08-21,84101,64105,1304,600.63,569.51,2026-08-21
NWF26081904442,2026-08-19,2026-08-21,77002,85004,1524,772.4,661.64,2026-08-21
NWF26081904443,2026-08-19,2026-08-24,46204,77002,298,179.97,132.21,2026-08-26
NWF26081904444,2026-08-19,2026-08-21,30303,48226,953,396.91,330.6,2026-08-23
NWF26081904445,2026-08-19,2026-08-26,90021,46204,6115,5622.44,4450.73,2026-08-27
NWF26081904446,2026-08-19,2026-08-25,48226,84101,4068,3679.79,3503.37,2026-08-26
NWF26081904447,2026-08-19,2026-08-20,30303,19104,363,159.02,140.3,2026-08-20
NWF26081904448,2026-08-19,2026-08-24,80202,64105,1519,550.02,453.94,2026-08-26
NWF26081904449,2026-08-19,2026-08-20,46204,37203,971,294.77,249.79,2026-08-20
NWF26081904450,2026-08-19,2026-08-25,55401,84101,564,351.61,303.21,2026-08-25
NWF26081904451,2026-08-19,2026-08-21,55401,46204,2310,848.24,614.98,2026-08-23
NWF26081904452,2026-08-19,2026-08-20,84101,97209,1984,881.15,831.86,2026-08-21
NWF26081904453,2026-08-19,2026-08-20,30303,19104,2235,863.67,720.06,2026-08-22
NWF26081904454,2026-08-19,2026-08-25,84101,75201,3626,2407.7,1892.86,2026-08-27
NWF26081904455,2026-08-19,2026-08-26,90021,46204,2947,2659.08,2018.58,2026-08-27
NWF26081904456,2026-08-19,2026-08-20,07105,19104,680,170.76,163.35,2026-08-22
NWF26081904457,2026-08-19,2026-08-24,84101,55401,949,575.8,450.91,2026-08-25
NWF26081904458,2026-08-19,2026-08-21,84101,97209,3315,1663.06,1494.85,2026-08-27
NWF26081904459,2026-08-19,2026-08-20,60607,46204,5524,1474.53,1119.59,2026-08-20
NWF26081904460,2026-08-19,2026-08-21,84101,97209,1866,966.85,789.72,2026-08-21
NWF26081904461,2026-08-19,2026-08-28,19104,90021,2114,2292.68,1637.57,2026-08-28
NWF26081904462,2026-08-19,2026-08-20,46204,19104,1402,648.52,527.74,2026-08-28
NWF26081904463,2026-08-19,2026-08-21,64105,30303,1548,749.65,562.67,2026-08-21
NWF26081904464,2026-08-19,2026-08-21,30303,48226,1161,439.48,321.38,2026-08-22
NWF26081904465,2026-08-19,2026-08-21,84101,64105,1148,581.62,435.18,2026-08-22
NWF26081904466,2026-08-19,2026-08-20,19104,37203,4243,1849.48,1547.5,2026-08-20
NWF26081904467,2026-08-19,2026-08-20,60607,46204,2375,659.47,547.72,2026-08-20
NWF26081904468,2026-08-19,2026-08-21,90021,97209,2120,1027.25,976.16,2026-08-22
NWF26081904469,2026-08-19,2026-08-21,75201,60607,2738,1739.44,1379.77,2026-08-21
NWF26081904470,2026-08-19,2026-08-26,90021,46204,1224,1037.92,918.23,2026-08-28
NWF26081904471,2026-08-19,2026-08-26,90021,19104,1045,1205.62,968.53,2026-08-26
NWF26081904472,2026-08-19,2026-08-20,75201,60607,1556,916.96,854.58,2026-08-20
NWF26081904473,2026-08-19,2026-08-26,98108,46204,2995,2917.79,2802.99,2026-08-26
NWF26081904474,2026-08-19,2026-08-26,98108,46204,2490,2464.69,1939.9,2026-08-26
NWF26081904475,2026-08-19,2026-08-24,55401,84101,1265,727.13,566.49,2026-08-25
NWF26081904476,2026-08-19,2026-08-24,80202,60607,1250,596.71,506.81,2026-08-25
NWF26081904477,2026-08-19,2026-08-24,46204,19104,977,504.5,404.29,2026-08-25
NWF26081904478,2026-08-19,2026-08-20,80202,64105,1044,402.57,339.35,2026-08-20
NWF26081904479,2026-08-19,2026-08-20,37203,46204,1193,276.12,207.83,2026-08-22
NWF26081904480,2026-08-19,2026-08-20,60607,46204,1097,321.95,247.74,2026-08-21
NWF26081904481,2026-08-19,2026-08-25,30303,85004,627,450.36,430.74,2026-08-26
NWF26081904482,2026-08-19,2026-08-27,90021,19104,886,979.22,719.35,2026-08-28
NWF26081904483,2026-08-19,2026-08-20,55401,46204,1089,384.04,331.58,2026-08-21
NWF26081904484,2026-08-19,2026-08-24,84101,97209,2858,1313.79,1099.53,2026-08-24
NWF26081904485,2026-08-19,2026-08-25,90021,30303,8549,8286.39,6971.32,2026-08-25
NWF26081904486,2026-08-19,2026-08-24,80202,30303,947,592.98,488.0,2026-09-02
NWF26081904487,2026-08-19,2026-08-24,46204,55401,330,133.93,101.49,2026-08-26
NWF26081904488,2026-08-19,2026-08-21,80202,64105,398,141.02,106.6,2026-08-23
NWF26081904489,2026-08-19,2026-08-20,80202,64105,1152,459.7,342.07,2026-08-20
NWF26081904490,2026-08-19,2026-08-26,46204,97209,2695,2333.35,2086.19,2026-08-26
NWF26081904491,2026-08-19,2026-08-21,46204,19104,573,279.67,214.64,2026-08-22
NWF26081904492,2026-08-19,2026-08-25,75201,84101,976,595.92,652.17,2026-08-25
NWF26081904493,2026-08-19,2026-08-21,55401,46204,2605,853.52,611.71,2026-08-22
NWF26081904494,2026-08-19,2026-08-20,19104,37203,4221,1626.59,1572.15,2026-08-20
NWF26081904495,2026-08-19,2026-08-21,07105,19104,3364,823.47,703.31,2026-08-23
NWF26081904496,2026-08-19,2026-08-21,80202,60607,2380,1124.94,918.43,2026-08-22
NWF26081904497,2026-08-19,2026-08-21,30303,19104,877,374.28,322.98,2026-08-22
NWF26081904498,2026-08-19,2026-08-27,98108,19104,1950,2149.58,2105.89,2026-08-27
NWF26082004499,2026-08-20,2026-08-24,30303,48226,1514,532.93,431.45,2026-08-24
NWF26082004500,2026-08-20,2026-08-24,46204,37203,1264,452.78,323.78,2026-09-02
NWF26082004501,2026-08-20,2026-08-24,19104,37203,3206,1205.68,847.36,2026-08-24
NWF26082004502,2026-08-20,2026-08-25,19104,37203,495,204.79,153.51,2026-08-25
NWF26082004503,2026-08-20,2026-08-21,60607,46204,1370,370.81,327.39,2026-08-23
NWF26082004504,2026-08-20,2026-08-21,60607,46204,917,248.39,185.98,2026-08-21
NWF26082004505,2026-08-20,2026-08-28,98108,19104,1147,1522.7,1635.65,2026-08-30
NWF26082004506,2026-08-20,2026-08-25,84101,75201,2746,1881.88,1511.13,2026-08-27
NWF26082004507,2026-08-20,2026-08-21,55401,46204,2595,830.77,708.56,2026-08-21
NWF26082004508,2026-08-20,2026-08-25,84101,55401,805,454.7,443.95,2026-08-26
NWF26082004509,2026-08-20,2026-08-24,75201,60607,821,470.24,331.42,2026-08-26
NWF26082004510,2026-08-20,2026-08-26,30303,85004,1385,1080.38,907.46,2026-08-28
NWF26082004511,2026-08-20,2026-08-21,60607,46204,2005,594.76,432.15,2026-08-22
NWF26082004512,2026-08-20,2026-08-28,90021,30303,806,845.43,680.52,2026-08-29
NWF26082004513,2026-08-20,2026-08-24,80202,64105,568,193.12,183.13,2026-08-25
NWF26082004514,2026-08-20,2026-08-21,46204,55401,3268,1396.31,1293.88,2026-08-21
NWF26082004515,2026-08-20,2026-08-24,46204,19104,1131,561.89,456.03,2026-08-24
NWF26082004516,2026-08-20,2026-08-24,30303,48226,1886,765.2,598.87,2026-08-24
NWF26082004517,2026-08-20,2026-08-28,98108,07105,282,363.37,257.3,2026-08-28
NWF26082004518,2026-08-20,2026-08-24,75201,60607,2375,1473.79,1360.93,2026-08-24
NWF26082004519,2026-08-20,2026-08-27,98108,46204,4103,3820.56,3179.15,2026-08-27
NWF26082004520,2026-08-20,2026-08-27,30303,85004,776,611.4,518.24,2026-08-27
NWF26082004521,2026-08-20,2026-08-27,90021,48226,886,921.83,721.39,2026-08-28
NWF26082004522,2026-08-20,2026-08-28,90021,19104,1247,1421.02,1225.48,2026-08-29
NWF26082004523,2026-08-20,2026-08-31,98108,07105,263,358.34,313.45,2026-09-02
NWF26082004524,2026-08-20,2026-08-24,55401,84101,2174,1412.57,1113.75,2026-08-26
NWF26082004525,2026-08-20,2026-08-21,37203,46204,3775,996.93,730.05,2026-08-21
NWF26082004526,2026-08-20,2026-08-25,80202,60607,3606,2047.33,1486.8,2026-08-25
NWF26082004527,2026-08-20,2026-08-31,30303,98108,2437,2715.53,2575.18,2026-08-31
NWF26082004528,2026-08-20,2026-08-24,46204,19104,1885,814.32,739.0,2026-08-24
NWF26082004529,2026-08-20,2026-08-21,60607,46204,1149,348.26,274.74,2026-08-22
NWF26082004530,2026-08-20,2026-08-25,84101,55401,6518,3978.67,3824.61,2026-08-26
NWF26082004531,2026-08-20,2026-08-24,80202,64105,296,125.0,91.12,2026-08-26
NWF26082004532,2026-08-20,2026-08-24,64105,30303,2344,1220.47,864.45,2026-08-25
NWF26082004533,2026-08-20,2026-08-21,60607,46204,417,125.0,88.57,2026-08-22
NWF26082004534,2026-08-20,2026-08-27,46204,97209,5631,5050.95,4770.53,2026-09-04
NWF26082004535,2026-08-20,2026-08-24,46204,19104,1204,542.52,484.35,2026-08-24
NWF26082004536,2026-08-20,2026-08-26,30303,85004,872,624.77,485.41,2026-08-26
NWF26082004537,2026-08-20,2026-08-24,64105,30303,5256,2979.42,2821.64,2026-08-24
NWF26082004538,2026-08-20,2026-08-24,48226,07105,1436,508.81,471.09,2026-08-24
NWF26082004539,2026-08-20,2026-08-21,60607,46204,1078,288.92,258.01,2026-08-21
NWF26082004540,2026-08-20,2026-08-25,75201,60607,1384,786.07,717.8,2026-08-26
NWF26082004541,2026-08-20,2026-08-21,60607,46204,895,264.97,233.37,2026-08-23
NWF26082004542,2026-08-20,2026-08-28,90021,19104,1842,2001.91,1897.3,2026-08-30
NWF26082004543,2026-08-20,2026-08-21,80202,64105,1382,537.6,472.51,2026-08-23
NWF26082004544,2026-08-20,2026-08-25,84101,55401,1262,670.89,620.04,2026-08-26
NWF26082004545,2026-08-20,2026-08-26,84101,64105,2685,1501.63,1319.69,2026-08-26
NWF26082004546,2026-08-20,2026-08-25,97209,80202,2176,1166.24,1029.61,2026-08-26
NWF26082004547,2026-08-20,2026-08-24,90021,97209,1353,655.9,600.87,2026-08-24
NWF26082004548,2026-08-20,2026-08-24,46204,19104,5811,2906.96,2295.14,2026-08-26
NWF26082004549,2026-08-20,2026-08-24,64105,30303,638,328.36,282.47,2026-08-26
NWF26082004550,2026-08-20,2026-08-21,60607,46204,3436,935.38,811.64,2026-08-21
NWF26082004551,2026-08-20,2026-08-21,55401,46204,1510,471.76,583.37,2026-08-23
NWF26082004552,2026-08-20,2026-08-24,60607,46204,3662,931.38,831.91,2026-08-24
NWF26082004553,2026-08-20,2026-08-25,84101,55401,1647,970.48,818.07,2026-08-26
NWF26082004554,2026-08-20,2026-08-21,55401,46204,249,125.0,110.87,2026-08-22
NWF26082004555,2026-08-20,2026-08-21,60607,46204,2575,769.11,572.87,2026-08-21
NWF26082004556,2026-08-20,2026-08-27,98108,07105,1369,1565.69,1398.53,2026-08-28
NWF26082004557,2026-08-20,2026-08-26,48226,84101,612,517.1,501.68,2026-08-26
NWF26082004558,2026-08-20,2026-08-27,55401,85004,1991,1457.85,1286.05,2026-08-28
NWF26082004559,2026-08-20,2026-08-24,46204,55401,4673,1750.34,1299.28,2026-08-31
NWF26082004560,2026-08-20,2026-08-21,46204,38103,700,244.39,215.51,2026-08-23
NWF26082004561,2026-08-20,2026-08-21,60607,46204,2921,829.95,735.06,2026-08-21
NWF26082004562,2026-08-20,2026-08-21,37203,75201,768,318.52,271.78,2026-08-21
NWF26082004563,2026-08-20,2026-08-24,30303,48226,1866,673.7,581.94,2026-08-26
NWF26082004564,2026-08-20,2026-08-25,84101,55401,2132,1249.28,904.25,2026-08-27
NWF26082004565,2026-08-20,2026-08-31,90021,19104,961,1116.45,795.38,2026-09-02
NWF26082004566,2026-08-20,2026-08-27,77002,98108,1634,1315.71,1190.55,2026-08-27
NWF26082004567,2026-08-20,2026-08-25,77002,85004,720,375.93,266.66,2026-08-27
NWF26082004568,2026-08-20,2026-08-24,84101,55401,772,467.84,421.75,2026-08-24
NWF26082004569,2026-08-20,2026-08-26,30303,85004,268,212.33,160.83,2026-08-26
NWF26082004570,2026-08-20,2026-08-25,48226,84101,2100,1874.17,2340.61,2026-08-25
NWF26082004571,2026-08-20,2026-08-25,55401,75201,878,418.19,345.32,2026-08-27
NWF26082004572,2026-08-20,2026-08-21,60607,46204,2000,532.35,373.11,2026-08-23
NWF26082004573,2026-08-20,2026-08-21,46204,38103,2150,752.47,573.78,2026-08-23
NWF26082004574,2026-08-20,2026-08-26,30303,85004,952,738.17,896.19,2026-08-26
NWF26082004575,2026-08-20,2026-08-28,19104,90021,791,843.33,710.22,2026-08-29
NWF26082004576,2026-08-20,2026-08-25,64105,98108,1466,1067.79,916.27,2026-08-26
NWF26082004577,2026-08-20,2026-08-27,90021,48226,1538,1801.87,1540.48,2026-08-29
NWF26082004578,2026-08-20,2026-08-25,75201,84101,963,670.31,549.21,2026-08-25
NWF26082004579,2026-08-20,2026-08-25,64105,30303,1059,599.99,430.21,2026-08-25
NWF26082104580,2026-08-21,2026-08-25,90021,97209,931,484.51,348.53,2026-08-25
NWF26082104581,2026-08-21,2026-08-28,90021,30303,1687,1574.13,1364.13,2026-08-28
NWF26082104582,2026-08-21,2026-08-28,30303,85004,427,317.48,392.72,2026-08-30
NWF26082104583,2026-08-21,2026-08-24,60607,46204,711,211.75,182.66,2026-08-25
NWF26082104584,2026-08-21,2026-08-28,90021,30303,1142,1123.52,1040.16,2026-08-29
NWF26082104585,2026-08-21,2026-08-26,55401,07105,943,531.91,511.1,2026-08-27
NWF26082104586,2026-08-21,2026-08-28,90021,48226,1200,1279.65,1508.87,2026-08-29
NWF26082104587,2026-08-21,2026-08-31,98108,46204,1290,1331.53,1203.59,2026-09-02
NWF26082104588,2026-08-21,2026-08-28,98108,46204,422,419.8,295.17,2026-08-30
NWF26082104589,2026-08-21,2026-08-25,60607,46204,606,184.79,168.03,2026-09-02
NWF26082104590,2026-08-21,2026-08-25,37203,75201,2515,911.71,824.33,2026-08-25
NWF26082104591,2026-08-21,2026-08-26,55401,07105,9798,5979.94,5728.43,2026-08-27
NWF26082104592,2026-08-21,2026-08-26,75201,84101,3406,2287.41,1986.38,2026-08-26
NWF26082104593,2026-08-21,2026-08-24,19104,37203,572,220.07,156.1,2026-08-24
NWF26082104594,2026-08-21,2026-08-26,30303,48226,1308,535.6,492.41,2026-08-27
NWF26082104595,2026-08-21,2026-09-01,19104,90021,570,579.66,543.6,2026-09-02
NWF26082104596,2026-08-21,2026-08-26,55401,46204,319,125.0,102.93,2026-08-26
NWF26082104597,2026-08-21,2026-08-28,77002,98108,5107,3986.49,3105.34,2026-08-29
NWF26082104598,2026-08-21,2026-08-25,48226,07105,689,234.58,195.11,2026-08-25
NWF26082104599,2026-08-21,2026-08-28,90021,30303,282,256.81,238.33,2026-08-28
NWF26082104600,2026-08-21,2026-08-27,64105,98108,417,291.75,229.41,2026-08-28
NWF26082104601,2026-08-21,2026-08-31,46204,97209,1394,1183.97,919.79,2026-09-02
NWF26082104602,2026-08-21,2026-08-26,84101,75201,2328,1374.16,1332.21,2026-08-28
NWF26082104603,2026-08-21,2026-08-27,30303,85004,1697,1122.63,899.7,2026-08-28
NWF26082104604,2026-08-21,2026-08-24,55401,46204,3114,1064.96,829.82,2026-08-26
NWF26082104605,2026-08-21,2026-08-28,90021,19104,350,354.03,313.67,2026-08-28
NWF26082104606,2026-08-21,2026-08-31,46204,97209,5454,4481.11,4072.64,2026-09-02
NWF26082104607,2026-08-21,2026-08-24,60607,46204,5232,1454.6,1310.26,2026-08-26
NWF26082104608,2026-08-21,2026-08-28,46204,97209,3158,2735.18,2619.84,2026-08-28
NWF26082104609,2026-08-21,2026-08-24,60607,46204,942,277.91,236.9,2026-08-26
NWF26082104610,2026-08-21,2026-09-01,30303,98108,3043,3297.6,2772.88,2026-09-01
NWF26082104611,2026-08-21,2026-08-26,37203,64105,2814,1102.01,1019.12,2026-08-26
NWF26082104612,2026-08-21,2026-08-25,55401,75201,610,340.21,271.54,2026-08-26
NWF26082104613,2026-08-21,2026-08-26,75201,37203,461,227.62,187.47,2026-08-27
NWF26082104614,2026-08-21,2026-08-27,80202,19104,1210,937.47,810.66,2026-08-27
NWF26082104615,2026-08-21,2026-08-26,30303,48226,836,330.47,287.88,2026-08-28
NWF26082104616,2026-08-21,2026-08-27,55401,85004,2805,2340.36,1847.01,2026-08-29
NWF26082104617,2026-08-21,2026-08-25,46204,38103,9649,3822.84,3374.01,2026-08-26
NWF26082104618,2026-08-21,2026-08-25,30303,19104,962,397.05,385.33,2026-08-26
NWF26082104619,2026-08-21,2026-08-25,30303,19104,779,301.33,241.74,2026-08-27
NWF26082104620,2026-08-21,2026-08-25,80202,60607,1088,579.3,411.31,2026-08-27
NWF26082104621,2026-08-21,2026-08-24,60607,46204,1542,417.14,335.24,2026-08-25
NWF26082104622,2026-08-21,2026-08-28,30303,85004,1556,1181.71,1061.96,2026-08-30
NWF26082104623,2026-08-21,2026-08-25,55401,48226,819,362.02,272.04,2026-08-25
NWF26082104624,2026-08-21,2026-08-24,75201,80202,4764,2254.92,2164.7,2026-08-26
NWF26082104625,2026-08-21,2026-08-25,37203,46204,2869,724.06,643.13,2026-08-25
NWF26082104626,2026-08-21,2026-08-28,48226,84101,3478,3136.2,2549.3,2026-09-02
NWF26082104627,2026-08-21,2026-08-26,64105,98108,2276,1549.63,1380.37,2026-08-26
NWF26082104628,2026-08-21,2026-08-28,19104,97209,2510,2990.54,2132.05,2026-08-29
NWF26082104629,2026-08-21,2026-08-28,98108,46204,1242,1186.59,1090.07,2026-08-28
NWF26082104630,2026-08-21,2026-08-27,77002,98108,1538,1192.72,899.38,2026-08-28
NWF26082104631,2026-08-21,2026-08-25,80202,64105,3349,1174.52,1021.91,2026-08-26
NWF26082104632,2026-08-21,2026-08-24,60607,46204,818,230.75,192.56,2026-08-24
NWF26082104633,2026-08-21,2026-08-24,37203,64105,378,139.68,127.28,2026-08-24
NWF26082104634,2026-08-21,2026-08-24,07105,19104,4557,1027.23,958.14,2026-08-25
NWF26082104635,2026-08-21,2026-08-24,60607,46204,3194,920.44,878.23,2026-08-26
NWF26082104636,2026-08-21,2026-08-27,80202,19104,1613,1320.74,939.1,2026-08-29
NWF26082104637,2026-08-21,2026-08-31,30303,98108,1229,1145.23,941.04,2026-08-31
NWF26082104638,2026-08-21,2026-08-26,55401,07105,1738,908.58,694.65,2026-08-27
NWF26082104639,2026-08-21,2026-08-24,60607,46204,1059,292.95,252.61,2026-08-25
NWF26082104640,2026-08-21,2026-08-26,77002,85004,1546,861.05,815.02,2026-08-26
NWF26082104641,2026-08-21,2026-08-25,55401,46204,974,341.33,261.99,2026-08-25
NWF26082104642,2026-08-21,2026-08-27,84101,55401,630,384.22,342.52,2026-08-29
NWF26082104643,2026-08-21,2026-08-25,64105,30303,1100,571.41,497.0,2026-08-27
NWF26082104644,2026-08-21,2026-08-26,90021,97209,1470,671.68,649.63,2026-08-28
NWF26082104645,2026-08-21,2026-08-28,90021,19104,1738,2055.83,1484.71,2026-08-29
NWF26082104646,2026-08-21,2026-08-24,46204,38103,1423,538.38,458.02,2026-08-24
NWF26082104647,2026-08-21,2026-08-24,46204,37203,1074,375.69,280.38,2026-08-25
NWF26082204648,2026-08-22,2026-08-28,77002,98108,2683,2063.81,1741.57,2026-08-28
NWF26082204649,2026-08-22,2026-08-27,30303,85004,3687,2480.15,2274.71,2026-09-05
NWF26082204650,2026-08-22,2026-08-31,90021,48226,3850,4374.33,4192.73,2026-08-31
NWF26082204651,2026-08-22,2026-08-26,55401,84101,1067,595.27,451.53,2026-08-26
NWF26082304652,2026-08-23,2026-08-31,90021,19104,2591,2783.97,2294.04,2026-08-31
NWF26082304653,2026-08-23,2026-08-25,37203,64105,3679,1509.79,1474.14,2026-08-27
NWF26082304654,2026-08-23,2026-08-25,46204,55401,3855,1475.57,1044.37,2026-08-25
NWF26082304655,2026-08-23,2026-08-25,46204,55401,1220,449.99,390.03,2026-08-25
NWF26082304656,2026-08-23,2026-08-24,75201,60607,2922,1607.0,1195.31,2026-08-26
NWF26082304657,2026-08-23,2026-08-26,60607,64105,413,139.29,130.52,2026-08-26
NWF26082304658,2026-08-23,2026-08-26,75201,85004,5818,3554.13,2757.43,2026-08-27
NWF26082304659,2026-08-23,2026-08-26,77002,85004,1100,592.25,454.78,2026-08-28
NWF26082304660,2026-08-23,2026-08-27,48226,84101,7830,7828.28,7261.17,2026-08-28
NWF26082404661,2026-08-24,2026-08-26,55401,84101,2054,1320.47,1204.06,2026-08-27
NWF26082404662,2026-08-24,2026-08-26,55401,48226,2658,1231.78,1169.54,2026-08-27
NWF26082404663,2026-08-24,2026-09-01,90021,46204,2444,2057.31,1938.35,2026-09-03
NWF26082404664,2026-08-24,2026-09-01,46204,97209,2895,2449.95,1790.17,2026-09-11
NWF26082404665,2026-08-24,2026-08-26,60607,64105,2287,733.43,524.8,2026-08-26
NWF26082404666,2026-08-24,2026-08-26,60607,46204,7758,2111.88,1768.13,2026-08-27
NWF26082404667,2026-08-24,2026-08-27,84101,55401,2880,1737.76,1260.91,2026-09-04
NWF26082404668,2026-08-24,2026-09-01,98108,19104,3367,3799.78,3090.11,2026-09-03
NWF26082404669,2026-08-24,2026-08-27,64105,98108,8522,5334.91,4958.05,2026-08-29
NWF26082404670,2026-08-24,2026-08-27,55401,48226,2199,1020.58,965.24,2026-08-27
NWF26082404671,2026-08-24,2026-08-25,46204,37203,790,261.21,219.77,2026-08-26
NWF26082404672,2026-08-24,2026-08-27,55401,07105,1775,1019.92,726.53,2026-08-27
NWF26082404673,2026-08-24,2026-08-26,46204,38103,1585,651.74,564.98,2026-08-27
NWF26082404674,2026-08-24,2026-08-27,55401,48226,2485,1042.69,1221.98,2026-08-28
NWF26082404675,2026-08-24,2026-08-27,84101,55401,1225,670.84,564.81,2026-08-28
NWF26081804407,2026-08-18,2026-08-21,55401,46204,672,227.01,207.97,2026-08-22
NWF26082404676,2026-08-24,2026-08-26,46204,38103,1502,566.6,523.4,2026-08-26
NWF26082404677,2026-08-24,2026-08-26,84101,75201,1659,1149.18,982.44,2026-08-26
NWF26082404678,2026-08-24,2026-08-27,30303,85004,2209,1493.56,1443.64,2026-08-28
NWF26082404679,2026-08-24,2026-08-25,55401,46204,223,125.0,89.4,2026-08-25
NWF26082404680,2026-08-24,2026-08-28,75201,85004,2467,1399.21,1084.29,2026-08-30
NWF26082404681,2026-08-24,2026-08-31,46204,97209,797,690.72,721.18,2026-09-01
NWF26082404682,2026-08-24,2026-08-27,84101,55401,909,473.08,515.38,2026-08-27
NWF26082404683,2026-08-24,2026-08-27,60607,64105,2599,824.45,728.03,2026-08-27
NWF26082404684,2026-08-24,2026-08-26,64105,30303,1073,547.04,518.16,2026-08-27
NWF26082404685,2026-08-24,2026-08-25,46204,38103,1169,460.63,342.01,2026-08-27
NWF26082404686,2026-08-24,2026-08-31,46204,97209,637,601.13,484.03,2026-08-31
NWF26082404687,2026-08-24,2026-08-25,60607,46204,520,160.22,153.14,2026-08-25
NWF26082404688,2026-08-24,2026-08-25,60607,46204,4575,1364.77,1269.59,2026-08-26
NWF26082404689,2026-08-24,2026-08-27,80202,30303,3576,2137.92,2028.58,2026-08-27
NWF26082404690,2026-08-24,2026-08-25,60607,46204,1232,331.14,258.43,2026-08-27
NWF26082404691,2026-08-24,2026-08-27,84101,55401,2350,1226.49,860.54,2026-09-02
NWF26082404692,2026-08-24,2026-09-01,98108,46204,7061,6078.33,5163.12,2026-09-01
NWF26082404693,2026-08-24,2026-08-26,30303,48226,2534,921.5,741.28,2026-08-27
NWF26082404694,2026-08-24,2026-08-27,55401,75201,1642,911.3,718.26,2026-08-27
NWF26082404695,2026-08-24,2026-08-31,30303,85004,380,277.41,196.02,2026-09-01
NWF26082404696,2026-08-24,2026-08-31,90021,46204,12000,10139.48,8491.45,2026-09-02
NWF26082404697,2026-08-24,2026-08-26,55401,46204,1370,428.63,319.79,2026-08-27
NWF26082404698,2026-08-24,2026-08-28,30303,84101,1025,843.58,623.59,2026-08-29
NWF26082404699,2026-08-24,2026-08-27,75201,60607,1023,551.63,509.86,2026-08-29
NWF26082404700,2026-08-24,2026-08-25,90021,97209,1101,581.28,528.35,2026-08-27
NWF26082404701,2026-08-24,2026-08-26,84101,97209,1439,646.2,504.72,2026-08-27
NWF26082404702,2026-08-24,2026-08-28,30303,85004,2342,1642.22,1416.47,2026-08-28
NWF26082404703,2026-08-24,2026-08-28,98108,46204,628,615.5,566.07,2026-08-30
NWF26082404704,2026-08-24,2026-08-26,84101,97209,693,346.38,246.54,2026-08-26
NWF26082404705,2026-08-24,2026-08-26,60607,64105,1754,556.88,454.18,2026-08-27
NWF26082404706,2026-08-24,2026-08-27,48226,80202,326,187.19,156.04,2026-08-29
NWF26082404707,2026-08-24,2026-08-28,80202,60607,2149,1188.14,1020.49,2026-08-30
NWF26082404708,2026-08-24,2026-08-27,07105,55401,763,574.82,458.7,2026-08-29
NWF26082404709,2026-08-24,2026-09-02,19104,90021,2261,2559.91,2490.76,2026-09-04
NWF26082404710,2026-08-24,2026-08-27,90021,97209,670,335.16,327.72,2026-08-29
NWF26082404711,2026-08-24,2026-08-27,97209,80202,1582,835.47,790.08,2026-08-29
NWF26082404712,2026-08-24,2026-08-25,90021,97209,886,437.49,383.59,2026-08-26
NWF26082404713,2026-08-24,2026-08-25,80202,64105,3480,1304.56,1405.78,2026-08-26
NWF26082404714,2026-08-24,2026-08-26,19104,37203,1216,442.21,371.42,2026-08-28
NWF26082404715,2026-08-24,2026-08-27,30303,84101,538,464.19,448.72,2026-08-27
NWF26082404716,2026-08-24,2026-08-31,90021,46204,4917,4328.61,4051.92,2026-08-31
NWF26082404717,2026-08-24,2026-08-25,46204,55401,4275,1508.05,1312.67,2026-09-01
NWF26082404718,2026-08-24,2026-08-26,46204,37203,1399,453.73,330.23,2026-08-26
NWF26082404719,2026-08-24,2026-08-27,84101,64105,1808,994.39,878.76,2026-08-28
NWF26082404720,2026-08-24,2026-08-27,55401,75201,1430,800.94,682.76,2026-08-27
NWF26082404721,2026-08-24,2026-08-26,30303,48226,3366,1365.36,1216.07,2026-08-27
NWF26082504722,2026-08-25,2026-08-26,60607,46204,204,125.0,106.55,2026-08-28
NWF26082504723,2026-08-25,2026-08-27,19104,37203,869,360.4,312.5,2026-08-27
NWF26082504724,2026-08-25,2026-08-27,84101,75201,1846,1225.17,860.49,2026-08-27
NWF26082504725,2026-08-25,2026-08-27,55401,46204,432,148.44,141.9,2026-08-28
NWF26082504726,2026-08-25,2026-08-31,80202,30303,1483,927.43,855.89,2026-09-02
NWF26082504727,2026-08-25,2026-08-26,60607,46204,1157,306.03,271.63,2026-08-27
NWF26082504728,2026-08-25,2026-08-26,37203,46204,2503,567.46,543.7,2026-08-27
NWF26082504729,2026-08-25,2026-08-27,60607,46204,661,186.5,219.27,2026-08-29
NWF26082504730,2026-08-25,2026-08-27,75201,85004,8284,4564.27,3356.94,2026-08-29
NWF26082504731,2026-08-25,2026-08-31,55401,85004,966,691.81,606.64,2026-09-01
NWF26082504732,2026-08-25,2026-09-01,98108,46204,1337,1401.73,1087.22,2026-09-03
NWF26082504733,2026-08-25,2026-08-31,30303,85004,876,696.24,518.37,2026-09-01
NWF26082504734,2026-08-25,2026-09-03,19104,97209,1835,1951.72,1654.68,2026-09-05
NWF26082504735,2026-08-25,2026-08-27,84101,97209,3003,1325.33,970.38,2026-08-28
NWF26082504736,2026-08-25,2026-08-31,55401,07105,405,234.73,197.89,2026-09-01
NWF26082504737,2026-08-25,2026-08-27,60607,46204,953,286.14,212.29,2026-08-28
NWF26082504738,2026-08-25,2026-08-31,55401,75201,1993,945.18,784.22,2026-09-01
NWF26082504739,2026-08-25,2026-08-26,60607,46204,913,238.78,215.1,2026-08-27
NWF26082504740,2026-08-25,2026-08-27,84101,75201,12000,7982.42,7383.54,2026-08-29
NWF26082504741,2026-08-25,2026-08-27,30303,48226,366,133.32,117.56,2026-08-29
NWF26082504742,2026-08-25,2026-08-26,55401,48226,1261,552.16,448.58,2026-08-26
NWF26082504743,2026-08-25,2026-08-28,64105,98108,843,627.3,563.12,2026-08-28
NWF26082504744,2026-08-25,2026-08-27,55401,48226,1305,544.52,441.97,2026-08-27
NWF26082504745,2026-08-25,2026-08-31,77002,85004,1183,646.8,602.7,2026-08-31
NWF26082504746,2026-08-25,2026-08-31,07105,55401,3432,2533.19,1777.74,2026-09-01
NWF26082504747,2026-08-25,2026-09-01,90021,46204,8419,7085.89,6830.62,2026-09-01
NWF26082504748,2026-08-25,2026-09-02,90021,48226,1302,1428.68,1160.14,2026-09-04
NWF26082504749,2026-08-25,2026-08-26,46204,37203,4431,1534.8,1076.18,2026-09-01
NWF26082504750,2026-08-25,2026-09-02,98108,19104,2316,2817.1,2676.3,2026-09-02
NWF26082504751,2026-08-25,2026-08-31,55401,85004,1145,948.85,903.56,2026-08-31
NWF26082504752,2026-08-25,2026-08-28,84101,55401,384,228.77,208.24,2026-08-29
NWF26082504753,2026-08-25,2026-08-31,80202,60607,1909,1020.73,816.72,2026-09-01
NWF26082504754,2026-08-25,2026-08-28,46204,55401,2976,1114.84,959.98,2026-08-29
NWF26082504755,2026-08-25,2026-08-26,07105,19104,1035,239.44,224.42,2026-08-27
NWF26082504756,2026-08-25,2026-09-02,90021,19104,1928,1949.2,1588.89,2026-09-04
NWF26082504757,2026-08-25,2026-08-27,60607,46204,684,210.29,203.38,2026-08-28
NWF26082504758,2026-08-25,2026-09-01,90021,46204,2163,2052.99,1761.17,2026-09-02
NWF26082504759,2026-08-25,2026-08-28,84101,55401,10413,5598.3,5156.15,2026-08-28
NWF26082504760,2026-08-25,2026-08-27,30303,19104,3203,1454.61,1694.21,2026-08-29
NWF26082504761,2026-08-25,2026-08-27,37203,75201,1292,526.04,410.54,2026-08-29
NWF26082504762,2026-08-25,2026-08-26,37203,46204,946,232.0,222.1,2026-08-28
NWF26082504763,2026-08-25,2026-08-26,30303,19104,3098,1349.52,1289.84,2026-08-26
NWF26082504764,2026-08-25,2026-08-28,84101,75201,737,432.19,357.07,2026-08-28
NWF26082504765,2026-08-25,2026-08-26,30303,19104,1753,701.03,524.83,2026-08-28
NWF26082504766,2026-08-25,2026-08-28,30303,85004,1119,750.52,631.02,2026-08-29
NWF26082504767,2026-08-25,2026-08-26,37203,75201,1164,503.79,474.9,2026-08-28
NWF26082504768,2026-08-25,2026-08-26,46204,19104,996,476.31,409.15,2026-08-28
NWF26082504769,2026-08-25,2026-08-31,30303,85004,3205,2147.7,1592.02,2026-08-31
NWF26082504770,2026-08-25,2026-08-28,19104,37203,471,187.41,132.59,2026-08-30
NWF26082504771,2026-08-25,2026-08-28,64105,30303,3096,1570.94,1384.89,2026-08-30
NWF26082504772,2026-08-25,2026-08-28,84101,55401,1876,1043.73,736.62,2026-08-28
NWF26082504773,2026-08-25,2026-08-27,55401,46204,530,182.81,132.81,2026-08-28
NWF26082504774,2026-08-25,2026-08-31,30303,85004,1412,1017.39,988.95,2026-09-01
NWF26082504775,2026-08-25,2026-09-01,46204,97209,1142,1071.04,966.11,2026-09-02
NWF26082504776,2026-08-25,2026-08-28,84101,75201,678,478.82,430.87,2026-09-04
NWF26082504777,2026-08-25,2026-08-27,46204,38103,1312,523.31,455.16,2026-09-06
NWF26082504778,2026-08-25,2026-08-27,75201,84101,3111,2108.54,1618.63,2026-08-28
NWF26082504779,2026-08-25,2026-08-31,55401,85004,639,512.69,447.93,2026-09-01
NWF26082504780,2026-08-25,2026-08-26,60607,46204,458,125.0,96.87,2026-08-28
NWF26082504781,2026-08-25,2026-08-28,84101,75201,1110,731.53,620.08,2026-08-30
NWF26082504782,2026-08-25,2026-08-26,60607,46204,1040,304.65,240.01,2026-09-04
NWF26082504783,2026-08-25,2026-08-27,60607,64105,1761,613.52,446.44,2026-08-27
NWF26082504784,2026-08-25,2026-08-28,37203,75201,2196,794.64,704.24,2026-09-04
NWF26082504785,2026-08-25,2026-09-02,90021,19104,5446,5916.07,4298.23,2026-09-04
NWF26082504786,2026-08-25,2026-08-26,30303,19104,1395,601.1,550.55,2026-08-28
NWF26082504787,2026-08-25,2026-08-27,19104,37203,3595,1517.1,1211.09,2026-08-27
NWF26082504788,2026-08-25,2026-08-27,55401,46204,7375,2617.19,1973.67,2026-08-28
NWF26082504789,2026-08-25,2026-09-02,90021,19104,939,967.75,828.16,2026-09-04
NWF26082504790,2026-08-25,2026-09-02,46204,97209,3362,3092.63,2498.06,2026-09-04
NWF26082504791,2026-08-25,2026-08-28,84101,75201,1343,799.17,756.73,2026-08-28
NWF26082504792,2026-08-25,2026-08-31,64105,98108,324,219.7,181.23,2026-09-01
NWF26082504793,2026-08-25,2026-08-31,46204,97209,632,518.81,476.91,2026-09-01
NWF26082504794,2026-08-25,2026-09-02,19104,97209,637,799.77,729.98,2026-09-04
NWF26082504795,2026-08-25,2026-08-31,30303,85004,795,630.68,608.86,2026-09-01
NWF26082504796,2026-08-25,2026-08-31,55401,75201,5957,3070.49,2943.27,2026-09-02
NWF26082504797,2026-08-25,2026-09-02,98108,07105,1734,2278.95,2166.82,2026-09-04
NWF26082504798,2026-08-25,2026-08-27,80202,30303,421,265.24,259.72,2026-08-27
NWF26082504799,2026-08-25,2026-08-28,84101,97209,2875,1385.81,1323.88,2026-08-30
NWF26082504800,2026-08-25,2026-08-28,55401,75201,605,328.59,251.6,2026-08-28
NWF26082504801,2026-08-25,2026-09-02,90021,30303,1106,1083.03,968.69,2026-09-04
NWF26082504802,2026-08-25,2026-08-26,75201,60607,3010,1858.87,1760.49,2026-08-28
NWF26082504803,2026-08-25,2026-08-27,37203,64105,1501,625.01,577.82,2026-08-27
NWF26082504804,2026-08-25,2026-08-27,60607,46204,157,125.0,94.0,2026-08-29
NWF26082604805,2026-08-26,2026-08-31,80202,60607,501,246.04,229.92,2026-09-01
NWF26082604806,2026-08-26,2026-08-27,64105,30303,2910,1542.12,1079.51,2026-08-27
NWF26082604807,2026-08-26,2026-08-28,60607,46204,2391,630.53,606.37,2026-08-28
NWF26082604808,2026-08-26,2026-09-03,90021,46204,3199,2587.67,2248.92,2026-09-03
NWF26082604809,2026-08-26,2026-09-04,98108,07105,994,1297.77,1155.92,2026-09-06
NWF26082604810,2026-08-26,2026-08-27,64105,30303,1236,705.25,786.57,2026-08-28
NWF26082604811,2026-08-26,2026-09-01,77002,85004,2515,1507.9,1760.3,2026-09-03
NWF26082604812,2026-08-26,2026-08-28,55401,46204,2382,809.74,682.1,2026-08-28
NWF26082604813,2026-08-26,2026-08-28,55401,75201,2862,1469.34,1101.34,2026-08-28
NWF26082604814,2026-08-26,2026-09-01,55401,98108,5792,4050.61,3855.48,2026-09-03
NWF26082604815,2026-08-26,2026-09-02,90021,30303,241,259.22,209.37,2026-09-02
NWF26082604816,2026-08-26,2026-08-27,75201,60607,702,415.01,431.54,2026-08-27
NWF26082604817,2026-08-26,2026-09-01,48226,84101,2507,2495.49,2195.82,2026-09-03
NWF26082604818,2026-08-26,2026-08-31,97209,80202,601,321.2,284.55,2026-09-01
NWF26082604819,2026-08-26,2026-08-28,80202,30303,1187,827.92,599.43,2026-08-28
NWF26082604820,2026-08-26,2026-09-02,90021,46204,1426,1183.33,1095.76,2026-09-03
NWF26082604821,2026-08-26,2026-09-03,90021,19104,1685,1945.94,1515.49,2026-09-05
NWF26082604822,2026-08-26,2026-09-02,98108,46204,3555,3676.53,3082.64,2026-09-04
NWF26082604823,2026-08-26,2026-08-27,60607,46204,1472,422.95,396.01,2026-08-29
NWF26082604824,2026-08-26,2026-08-31,48226,07105,3421,1375.28,1127.85,2026-08-31
NWF26082504739,2026-08-25,2026-08-26,60607,46204,913,238.78,215.1,2026-08-27
NWF26082604825,2026-08-26,2026-09-01,84101,64105,4329,2362.76,1838.05,2026-09-02
NWF26082604826,2026-08-26,2026-08-28,30303,19104,3725,1560.31,1519.78,2026-09-04
NWF26082604827,2026-08-26,2026-08-31,80202,64105,1936,757.14,654.95,2026-09-06
NWF26082604828,2026-08-26,2026-09-01,07105,55401,727,525.51,444.36,2026-09-02
NWF26082604829,2026-08-26,2026-08-28,60607,46204,1679,438.06,344.68,2026-08-29
NWF26082604830,2026-08-26,2026-09-01,30303,85004,3066,2386.91,2293.86,2026-09-01
NWF26082604831,2026-08-26,2026-08-28,60607,46204,850,244.19,180.09,2026-08-30
NWF26082604832,2026-08-26,2026-08-28,90021,97209,564,266.72,237.41,2026-08-28
NWF26082604833,2026-08-26,2026-08-27,60607,46204,5098,1361.98,1218.1,2026-08-27
NWF26082604834,2026-08-26,2026-08-28,97209,80202,1723,862.35,810.74,2026-08-29
NWF26082604835,2026-08-26,2026-08-31,55401,84101,2038,1321.56,1003.06,2026-09-01
NWF26082604836,2026-08-26,2026-09-02,98108,46204,742,710.1,539.96,2026-09-03
NWF26082604837,2026-08-26,2026-09-03,19104,90021,714,765.88,689.95,2026-09-04
NWF26082604838,2026-08-26,2026-08-28,37203,46204,697,168.19,152.69,2026-08-29
NWF26082604839,2026-08-26,2026-09-01,48226,84101,820,678.27,554.61,2026-09-02
NWF26082604840,2026-08-26,2026-08-28,84101,55401,2232,1387.47,987.42,2026-08-28
NWF26082604841,2026-08-26,2026-08-31,55401,46204,277,125.0,113.7,2026-08-31
NWF26082604842,2026-08-26,2026-08-28,90021,97209,2585,1307.38,1233.25,2026-09-05
NWF26082604843,2026-08-26,2026-08-28,80202,64105,551,191.56,170.37,2026-08-30
NWF26082604844,2026-08-26,2026-09-01,84101,75201,1172,698.58,527.73,2026-09-03
NWF26082604845,2026-08-26,2026-08-31,80202,64105,501,197.64,185.45,2026-08-31
NWF26082604846,2026-08-26,2026-08-31,84101,55401,1293,799.2,713.91,2026-09-02
NWF26082604847,2026-08-26,2026-08-28,46204,55401,5288,2263.53,2090.29,2026-08-30
NWF26082604848,2026-08-26,2026-09-03,46204,97209,584,498.03,452.89,2026-09-04
NWF26082604849,2026-08-26,2026-08-28,84101,97209,1008,505.26,484.79,2026-08-28
NWF26082604850,2026-08-26,2026-08-28,80202,64105,7757,3103.17,2760.11,2026-08-30
NWF26082604851,2026-08-26,2026-08-28,60607,46204,2017,567.58,468.44,2026-08-28
NWF26082604852,2026-08-26,2026-08-28,19104,37203,1115,460.15,400.08,2026-08-28
NWF26082604853,2026-08-26,2026-08-31,37203,75201,2219,881.56,654.61,2026-08-31
NWF26082604854,2026-08-26,2026-08-31,55401,07105,1521,765.66,684.75,2026-09-02
NWF26082604855,2026-08-26,2026-09-01,55401,85004,7227,5341.18,4712.31,2026-09-07
NWF26082604856,2026-08-26,2026-08-27,60607,46204,2536,699.03,523.81,2026-08-28
NWF26082604857,2026-08-26,2026-08-27,60607,46204,664,173.83,147.41,2026-08-29
NWF26082604858,2026-08-26,2026-08-27,37203,75201,1605,668.73,643.36,2026-08-27
NWF26082604859,2026-08-26,2026-08-31,80202,60607,3831,1906.13,1731.67,2026-09-02
NWF26082604860,2026-08-26,2026-08-28,30303,48226,1444,534.94,458.09,2026-08-29
NWF26082604861,2026-08-26,2026-08-31,64105,30303,2372,1149.77,868.71,2026-09-01
NWF26082604862,2026-08-26,2026-08-27,60607,64105,571,217.2,199.22,2026-08-27
NWF26082604863,2026-08-26,2026-08-31,84101,75201,1442,887.37,842.77,2026-09-02
NWF26082604864,2026-08-26,2026-08-31,46204,77002,1689,1110.03,893.82,2026-08-31
NWF26082604865,2026-08-26,2026-08-28,75201,37203,3464,1715.97,1488.69,2026-08-28
NWF26082604866,2026-08-26,2026-08-28,75201,37203,3772,1954.8,1982.79,2026-08-28
NWF26082604867,2026-08-26,2026-09-03,98108,19104,1377,1768.65,1246.45,2026-09-03
NWF26082604868,2026-08-26,2026-09-01,55401,85004,801,572.83,413.71,2026-09-01
NWF26082604869,2026-08-26,2026-08-27,55401,48226,1160,532.32,503.31,2026-08-27
NWF26082604870,2026-08-26,2026-08-31,80202,64105,1104,376.32,366.01,2026-09-02
NWF26082604871,2026-08-26,2026-09-03,19104,97209,732,793.79,748.45,2026-09-05
NWF26082604872,2026-08-26,2026-09-03,19104,97209,5594,6495.61,6087.89,2026-09-03
NWF26082604873,2026-08-26,2026-08-31,46204,19104,3083,1489.61,1077.08,2026-08-31
NWF26082604874,2026-08-26,2026-09-01,55401,98108,1317,868.17,761.54,2026-09-03
NWF26082604875,2026-08-26,2026-08-28,75201,64105,12000,4713.84,3617.75,2026-08-28
NWF26082604876,2026-08-26,2026-08-27,37203,75201,2304,880.09,632.88,2026-08-28
NWF26082604877,2026-08-26,2026-08-28,30303,48226,701,288.96,231.65,2026-08-28
NWF26082604878,2026-08-26,2026-08-27,64105,30303,1749,899.78,680.99,2026-08-27
NWF26082604879,2026-08-26,2026-08-27,46204,37203,1773,586.65,522.4,2026-08-27
NWF26082604880,2026-08-26,2026-08-28,60607,46204,754,218.23,184.38,2026-08-29
NWF26082604881,2026-08-26,2026-08-28,46204,55401,1986,831.13,996.4,2026-08-28
NWF26082604882,2026-08-26,2026-08-28,30303,48226,2278,793.28,713.75,2026-08-30
NWF26082604883,2026-08-26,2026-08-27,75201,37203,2217,1195.92,961.09,2026-08-29
NWF26082604884,2026-08-26,2026-08-31,84101,75201,2136,1488.69,1161.95,2026-09-02
NWF26082604885,2026-08-26,2026-08-31,84101,64105,2300,1091.85,816.02,2026-08-31
NWF26082604886,2026-08-26,2026-08-28,60607,46204,1650,453.96,319.78,2026-08-29
NWF26082604887,2026-08-26,2026-08-31,30303,19104,1211,535.92,417.24,2026-09-02
NWF26082604888,2026-08-26,2026-09-02,30303,98108,365,371.27,358.22,2026-09-04
NWF26082704889,2026-08-27,2026-08-31,46204,38103,594,241.48,206.77,2026-08-31
NWF26082704890,2026-08-27,2026-08-31,80202,64105,2868,1177.19,1007.2,2026-08-31
NWF26082704891,2026-08-27,2026-08-31,30303,48226,1905,728.23,663.11,2026-08-31
NWF26082704892,2026-08-27,2026-09-01,84101,55401,4374,2327.04,2219.83,2026-09-02
NWF26082704893,2026-08-27,2026-08-31,64105,30303,3065,1567.9,1104.26,2026-08-31
NWF26082704894,2026-08-27,2026-08-28,07105,19104,1649,387.02,334.06,2026-08-29
NWF26082704895,2026-08-27,2026-08-28,48226,07105,1290,459.97,375.15,2026-08-28
NWF26082704896,2026-08-27,2026-08-31,60607,46204,3172,810.57,685.76,2026-09-02
NWF26082704897,2026-08-27,2026-08-28,46204,37203,1146,345.16,247.34,2026-08-28
NWF26082704898,2026-08-27,2026-09-03,90021,46204,120,125.0,110.54,2026-09-04
NWF26082704899,2026-08-27,2026-08-31,48226,07105,3294,1340.52,1122.95,2026-08-31
NWF26082704900,2026-08-27,2026-08-31,30303,48226,4599,1598.85,1464.52,2026-09-02
NWF26082704901,2026-08-27,2026-09-01,84101,64105,817,439.22,382.59,2026-09-01
NWF26082704902,2026-08-27,2026-08-31,90021,97209,1886,913.68,808.67,2026-08-31
NWF26082704903,2026-08-27,2026-09-03,98108,46204,930,873.04,841.51,2026-09-04
NWF26082704904,2026-08-27,2026-09-02,64105,98108,1102,815.94,697.97,2026-09-04
NWF26082704905,2026-08-27,2026-09-01,84101,75201,3139,2238.28,2171.55,2026-09-02
NWF26082704906,2026-08-27,2026-09-01,55401,75201,4148,1995.25,1477.26,2026-09-01
NWF26082704907,2026-08-27,2026-09-01,30303,85004,1848,1293.44,1353.47,2026-09-02
NWF26082704908,2026-08-27,2026-09-03,98108,07105,1694,2351.44,2212.96,2026-09-03
NWF26082704909,2026-08-27,2026-09-01,55401,84101,8964,5714.76,5360.77,2026-09-02
NWF26082704910,2026-08-27,2026-09-01,75201,84101,1891,1132.9,1078.92,2026-09-03
NWF26082704911,2026-08-27,2026-08-28,46204,38103,1185,456.82,408.8,2026-08-30
NWF26082704912,2026-08-27,2026-08-31,75201,37203,1377,681.51,591.91,2026-09-01
NWF26082704913,2026-08-27,2026-09-04,90021,46204,297,285.6,271.06,2026-09-05
NWF26082704914,2026-08-27,2026-08-31,37203,64105,1552,563.72,503.8,2026-09-01
NWF26082704915,2026-08-27,2026-09-03,55401,85004,2028,1567.15,1168.75,2026-09-03
NWF26082704916,2026-08-27,2026-09-02,30303,84101,1345,1082.86,827.24,2026-09-04
NWF26082704917,2026-08-27,2026-09-03,46204,97209,2027,1915.46,1515.92,2026-09-05
NWF26082704918,2026-08-27,2026-09-03,98108,46204,640,574.17,545.45,2026-09-03
NWF26082704919,2026-08-27,2026-09-03,48226,84101,2795,2716.92,2318.2,2026-09-03
NWF26082704920,2026-08-27,2026-08-31,19104,37203,4389,1786.98,2091.08,2026-08-31
NWF26082704921,2026-08-27,2026-08-28,46204,38103,870,339.94,281.98,2026-08-28
NWF26082704922,2026-08-27,2026-09-02,55401,07105,1468,783.59,589.85,2026-09-04
NWF26082704923,2026-08-27,2026-08-31,75201,37203,1151,564.59,405.55,2026-09-01
NWF26082704924,2026-08-27,2026-08-31,30303,48226,660,251.98,232.2,2026-09-01
NWF26082704925,2026-08-27,2026-09-01,75201,37203,2706,1309.77,1259.51,2026-09-01
NWF26082704926,2026-08-27,2026-08-31,64105,46204,560,213.22,184.63,2026-09-01
NWF26082704927,2026-08-27,2026-08-28,60607,46204,8494,2271.46,2440.81,2026-08-29
NWF26082704928,2026-08-27,2026-08-31,55401,46204,1030,347.09,337.04,2026-08-31
NWF26082704929,2026-08-27,2026-08-31,55401,46204,2725,946.07,736.76,2026-09-02
NWF26082704930,2026-08-27,2026-08-31,55401,46204,375,125.0,120.38,2026-09-01
NWF26082704931,2026-08-27,2026-08-31,75201,60607,371,226.65,191.42,2026-08-31
NWF26082704932,2026-08-27,2026-08-28,60607,46204,281,125.0,99.38,2026-08-30
NWF26082704933,2026-08-27,2026-09-01,55401,46204,2201,681.53,492.51,2026-09-02
NWF26082704934,2026-08-27,2026-08-28,60607,46204,2058,599.04,487.62,2026-08-28
NWF26082704935,2026-08-27,2026-08-28,19104,37203,1345,560.07,491.73,2026-08-28
NWF26082704936,2026-08-27,2026-09-01,64105,98108,223,157.78,118.64,2026-09-01
NWF26082704937,2026-08-27,2026-08-31,30303,19104,801,333.37,271.45,2026-09-02
NWF26082704938,2026-08-27,2026-09-07,19104,90021,4118,4280.53,3480.18,2026-09-15
NWF26082704939,2026-08-27,2026-08-31,60607,46204,1465,397.52,281.63,2026-09-01
NWF26082704940,2026-08-27,2026-08-28,55401,46204,560,178.34,155.28,2026-08-29
NWF26082704941,2026-08-27,2026-09-01,80202,30303,6842,4782.78,4388.62,2026-09-02
NWF26082704942,2026-08-27,2026-09-07,19104,97209,1445,1681.93,1295.05,2026-09-12
NWF26082704943,2026-08-27,2026-08-31,55401,46204,728,244.96,178.27,2026-09-01
NWF26082704944,2026-08-27,2026-09-02,55401,84101,4265,2653.7,2029.38,2026-09-03
NWF26082704945,2026-08-27,2026-09-02,64105,98108,341,228.48,162.33,2026-09-02
NWF26082704946,2026-08-27,2026-09-02,64105,98108,2631,1979.87,1497.64,2026-09-04
NWF26082704947,2026-08-27,2026-08-31,55401,75201,1412,693.05,572.2,2026-09-01
NWF26082704948,2026-08-27,2026-08-31,37203,46204,1350,356.11,328.82,2026-08-31
NWF26082704949,2026-08-27,2026-08-28,37203,46204,7264,1858.11,1667.94,2026-09-03
NWF26082704950,2026-08-27,2026-08-31,30303,19104,970,370.33,302.04,2026-09-01
NWF26082704951,2026-08-27,2026-09-03,48226,85004,3379,2933.13,2738.39,2026-09-05
NWF26082704952,2026-08-27,2026-08-28,84101,97209,669,325.87,273.37,2026-08-28
NWF26082704953,2026-08-27,2026-08-31,84101,75201,880,541.62,390.31,2026-09-02
NWF26082704954,2026-08-27,2026-09-01,46204,55401,750,295.88,220.88,2026-09-01
NWF26082704955,2026-08-27,2026-09-03,77002,98108,875,688.97,642.9,2026-09-03
NWF26082704956,2026-08-27,2026-08-28,75201,37203,1320,674.34,621.1,2026-08-28
NWF26082704957,2026-08-27,2026-08-31,19104,37203,5058,2213.12,1820.7,2026-09-02
NWF26082704958,2026-08-27,2026-08-28,46204,37203,224,125.0,131.68,2026-08-28
NWF26082604869,2026-08-26,2026-08-27,55401,48226,1160,532.32,503.31,2026-08-27
NWF26082104599,2026-08-21,2026-08-28,90021,30303,282,256.81,238.33,2026-08-28
NWF26082704959,2026-08-27,2026-08-28,60607,46204,629,178.1,125.15,2026-08-29
NWF26082704960,2026-08-27,2026-09-03,46204,97209,450,414.77,361.73,2026-09-04
NWF26082704961,2026-08-27,2026-08-28,60607,64105,2144,791.31,704.23,2026-08-29
NWF26082704962,2026-08-27,2026-08-31,30303,19104,4538,1927.06,1446.93,2026-09-01
NWF26082704963,2026-08-27,2026-08-28,30303,48226,1065,391.89,315.8,2026-08-28
NWF26082704964,2026-08-27,2026-09-02,55401,07105,3002,1730.4,1576.83,2026-09-02
NWF26082804965,2026-08-28,2026-09-04,19104,90021,343,373.72,349.31,2026-09-05
NWF26082804966,2026-08-28,2026-09-01,80202,64105,448,164.04,120.18,2026-09-03
NWF26082804967,2026-08-28,2026-09-07,98108,07105,4582,5710.04,5283.29,2026-09-09
NWF26082804968,2026-08-28,2026-09-02,30303,48226,2228,784.0,567.38,2026-09-04
NWF26082804969,2026-08-28,2026-09-03,55401,07105,983,580.04,448.72,2026-09-05
NWF26082804970,2026-08-28,2026-08-31,46204,55401,2218,781.02,589.21,2026-08-31
NWF26082004577,2026-08-20,2026-08-27,90021,48226,1538,1801.87,1540.48,2026-08-29
NWF26082804971,2026-08-28,2026-09-04,98108,46204,580,604.8,523.0,2026-09-06
NWF26082804972,2026-08-28,2026-08-31,37203,46204,8278,2135.98,1802.53,2026-09-09
NWF26082804973,2026-08-28,2026-08-31,30303,19104,314,125.0,121.84,2026-09-01
NWF26082804974,2026-08-28,2026-09-03,30303,85004,273,213.17,200.94,2026-09-03
NWF26082804975,2026-08-28,2026-09-07,19104,97209,2770,2874.47,2532.51,2026-09-07
NWF26082804976,2026-08-28,2026-09-03,84101,75201,688,491.43,442.1,2026-09-05
NWF26082804977,2026-08-28,2026-08-31,60607,46204,681,201.71,189.35,2026-08-31
NWF26082804978,2026-08-28,2026-09-04,90021,48226,305,384.25,316.54,2026-09-04
NWF26082804979,2026-08-28,2026-08-31,37203,75201,1085,468.47,458.68,2026-09-02
NWF26082804980,2026-08-28,2026-09-04,80202,19104,875,723.23,561.2,2026-09-04
NWF26082804981,2026-08-28,2026-09-02,55401,75201,1765,887.33,733.32,2026-09-02
NWF26082804982,2026-08-28,2026-09-01,75201,60607,974,518.71,386.8,2026-09-02
NWF26082804983,2026-08-28,2026-09-01,64105,30303,4832,2476.31,2141.12,2026-09-01
NWF26082804984,2026-08-28,2026-09-01,97209,80202,1039,568.97,481.27,2026-09-03
NWF26082804985,2026-08-28,2026-09-01,30303,48226,4045,1543.51,1263.65,2026-09-02
NWF26082804986,2026-08-28,2026-08-31,75201,37203,2069,937.26,846.3,2026-09-05
NWF26082804987,2026-08-28,2026-09-02,84101,75201,2397,1489.36,1233.57,2026-09-03
NWF26082804988,2026-08-28,2026-09-02,84101,97209,2545,1222.34,876.49,2026-09-04
NWF26082804989,2026-08-28,2026-09-03,30303,84101,979,819.94,798.98,2026-09-05
NWF26082804990,2026-08-28,2026-09-07,98108,19104,260,299.38,255.34,2026-09-07
NWF26082804991,2026-08-28,2026-09-07,19104,90021,1515,1627.53,1892.89,2026-09-09
NWF26082804992,2026-08-28,2026-09-02,55401,85004,837,647.82,458.81,2026-09-02
NWF26082804993,2026-08-28,2026-08-31,75201,60607,1654,938.95,911.86,2026-09-01
NWF26082804994,2026-08-28,2026-09-04,80202,19104,610,452.62,347.86,2026-09-05
NWF26082804995,2026-08-28,2026-09-02,64105,46204,1119,442.77,401.04,2026-09-02
NWF26082804996,2026-08-28,2026-09-04,48226,85004,870,768.27,582.45,2026-09-04
NWF26082804997,2026-08-28,2026-09-04,55401,98108,279,202.02,214.79,2026-09-10
NWF26082804998,2026-08-28,2026-09-04,98108,46204,770,667.11,525.41,2026-09-04
NWF26082804999,2026-08-28,2026-09-04,98108,46204,1000,985.41,1118.66,2026-09-04
NWF26082805000,2026-08-28,2026-08-31,37203,46204,5138,1379.77,1320.45,2026-08-31
NWF26082805001,2026-08-28,2026-09-02,55401,84101,2794,1607.01,1511.2,2026-09-04
NWF26082805002,2026-08-28,2026-09-04,90021,46204,1529,1364.43,969.75,2026-09-04
NWF26082805003,2026-08-28,2026-09-01,46204,55401,2483,1026.08,722.45,2026-09-02
NWF26082805004,2026-08-28,2026-09-01,60607,46204,651,189.67,140.49,2026-09-01
NWF26082805005,2026-08-28,2026-09-07,19104,97209,622,773.23,747.99,2026-09-07
NWF26082805006,2026-08-28,2026-09-01,64105,30303,3116,1748.94,1376.42,2026-09-03
NWF26082805007,2026-08-28,2026-09-01,84101,97209,2925,1562.5,1130.49,2026-09-03
NWF26082805008,2026-08-28,2026-09-01,75201,60607,491,263.88,200.51,2026-09-03
NWF26082805009,2026-08-28,2026-09-07,19104,97209,3849,4191.75,3146.19,2026-09-07
NWF26082805010,2026-08-28,2026-09-03,30303,85004,4149,3247.72,2602.59,2026-09-03
NWF26082805011,2026-08-28,2026-09-07,98108,46204,2374,2387.75,1858.92,2026-09-09
NWF26082805012,2026-08-28,2026-09-01,75201,85004,509,259.85,225.7,2026-09-03
NWF26082805013,2026-08-28,2026-09-02,75201,85004,657,345.23,273.94,2026-09-07
NWF26082805014,2026-08-28,2026-09-08,98108,07105,7119,8364.38,8163.0,2026-09-10
NWF26082805015,2026-08-28,2026-09-04,19104,97209,877,922.68,841.86,2026-09-05
NWF26082805016,2026-08-28,2026-09-01,37203,75201,1275,461.55,418.58,2026-09-02
NWF26082805017,2026-08-28,2026-09-01,84101,75201,1941,1321.21,931.67,2026-09-01
NWF26082805018,2026-08-28,2026-09-02,84101,75201,546,385.75,353.07,2026-09-02
NWF26082805019,2026-08-28,2026-09-07,98108,19104,1219,1518.55,1246.14,2026-09-09
NWF26082805020,2026-08-28,2026-09-01,55401,75201,1755,865.85,606.35,2026-09-02
NWF26082805021,2026-08-28,2026-09-01,30303,48226,288,125.0,97.0,2026-09-03
NWF26082805022,2026-08-28,2026-09-01,80202,64105,659,225.56,220.4,2026-09-01
NWF26082805023,2026-08-28,2026-08-31,60607,46204,1297,328.41,308.23,2026-08-31
NWF26082805024,2026-08-28,2026-08-31,60607,64105,857,312.74,274.3,2026-08-31
NWF26082805025,2026-08-28,2026-09-07,46204,97209,4111,3445.51,2745.84,2026-09-07
NWF26082805026,2026-08-28,2026-09-04,90021,19104,813,876.27,698.06,2026-09-06
NWF26082805027,2026-08-28,2026-09-01,64105,30303,603,303.46,218.51,2026-09-01
NWF26082805028,2026-08-28,2026-09-01,55401,07105,1413,779.07,641.31,2026-09-01
NWF26082805029,2026-08-28,2026-09-03,84101,75201,1667,1132.71,1056.25,2026-09-05
NWF26082805030,2026-08-28,2026-08-31,46204,55401,1832,728.01,597.7,2026-09-02
NWF26082805031,2026-08-28,2026-09-01,55401,46204,740,257.95,181.84,2026-09-02
NWF26082805032,2026-08-28,2026-09-04,46204,97209,701,633.24,666.35,2026-09-05
NWF26082805033,2026-08-28,2026-09-02,80202,60607,1594,820.45,693.87,2026-09-04
NWF26082805034,2026-08-28,2026-09-02,64105,98108,1177,833.38,612.97,2026-09-02
NWF26082805035,2026-08-28,2026-09-08,90021,19104,468,491.53,417.42,2026-09-08
NWF26082805036,2026-08-28,2026-08-31,60607,46204,571,169.54,157.82,2026-09-02
NWF26082805037,2026-08-28,2026-09-01,37203,64105,2166,780.65,664.8,2026-09-01
NWF26082805038,2026-08-28,2026-09-02,64105,46204,294,125.0,121.46,2026-09-04
NWF26082805039,2026-08-28,2026-09-07,98108,46204,949,895.38,872.15,2026-09-12
NWF26082805040,2026-08-28,2026-09-02,84101,75201,1005,591.83,529.35,2026-09-03
NWF26082805041,2026-08-28,2026-09-07,98108,07105,2611,3055.18,2724.34,2026-09-07
NWF26082805042,2026-08-28,2026-09-07,19104,97209,541,637.57,540.0,2026-09-07
NWF26082805043,2026-08-28,2026-09-04,90021,30303,3393,3559.78,2873.78,2026-09-10
NWF26082805044,2026-08-28,2026-09-03,48226,84101,1501,1317.88,1127.76,2026-09-04
NWF26082905045,2026-08-29,2026-09-03,75201,84101,262,157.8,122.86,2026-09-03
NWF26082905046,2026-08-29,2026-09-01,55401,84101,464,282.74,236.82,2026-09-03
NWF26082905047,2026-08-29,2026-09-03,30303,84101,671,514.7,426.46,2026-09-13
NWF26082905048,2026-08-29,2026-09-07,19104,97209,1134,1387.47,1250.94,2026-09-08
